Year,Month,Day,CAN,YAK,TAY,FIN,SWE,NOR,ALT,LOT,PAK
1901,1,16,,,,,,,,60.7,
1901,2,15,,,,,,,,59.600002,
1901,3,16,49.0,,,64.8,67.4,,,70.3,
1901,4,16,,,,,,,,62.7,
1901,5,16,62.8,,,66.200005,,,,55.8,
1901,6,16,61.8,,,67.4,,66.3,,56.5,
1901,7,16,64.5,,,68.700005,,69.8,,51.7,
1901,8,16,70.4,,,72.5,,,,57.3,43.2
1901,9,16,70.1,,,,79.9,72.4,42.4,63.7,35.7
1901,10,16,72.9,,,77.5,,,,62.100002,
1901,11,16,,,,,,69.4,53.7,62.600002,
1901,12,16,,,,68.5,,,,63.5,
1902,1,16,,,,,,,,63.600002,
1902,2,15,,,,,,,,64.5,
1902,3,16,48.9,,,64.9,,,,59.3,
1902,4,16,,,,,,67.3,,66.5,
1902,5,16,60.8,,,66.3,,63.8,,74.5,
1902,6,16,58.2,,,67.5,,,,62.7,
1902,7,16,67.4,,,68.8,,,,46.7,
1902,8,16,71.700005,,,,,68.9,,59.7,43.0
1902,9,16,73.0,,,,80.0,72.4,42.4,55.600002,33.0
1902,10,16,72.4,,,77.4,,,,65.3,
1902,11,16,,,,,,70.700005,53.7,65.3,
1902,12,16,57.600002,,,68.5,,,,61.600002,
1903,1,16,,,,,,,,61.0,
1903,2,15,,,,,,,,55.0,
1903,3,16,49.600002,,,65.0,,,,52.3,
1903,4,16,,,,62.5,72.5,,,71.1,
1903,5,16,64.4,,,66.3,,,,61.4,
1903,6,16,60.7,,,67.4,,,,64.8,
1903,7,16,64.9,,,68.8,,,,57.8,
1903,8,16,69.5,,,,,69.0,,55.8,43.5
1903,9,16,70.3,,,,80.0,72.4,,51.5,38.2
1903,10,16,72.6,,,77.5,,,,59.4,
1903,11,16,,,,,,,,65.700005,
1903,12,16,,,,68.8,,,,68.5,
1904,1,16,,,,,,,,65.3,
1904,2,15,,,,,,,,67.4,
1904,3,16,48.5,,,64.9,,,,64.4,
1904,4,16,,,,,,,,62.100002,
1904,5,16,64.4,,,66.4,,63.8,,59.600002,
1904,6,16,62.600002,,,67.5,,,,58.7,
1904,7,16,67.4,,,68.8,,,,38.600002,
1904,8,16,70.4,,,,,68.9,,47.8,
1904,9,16,69.9,,,,80.0,,42.4,60.600002,35.5
1904,10,16,70.8,71.700005,,77.4,,,,58.600002,
1904,11,16,,,,,,71.6,53.7,61.8,
1904,12,16,,,,68.700005,,,,62.9,
1905,1,16,,,,,,,,60.600002,
1905,2,15,,,,,,,,67.0,
1905,3,16,50.3,,,65.0,,,,63.0,
1905,4,16,,,,,,67.5,,63.9,
1905,5,16,64.0,,,66.3,,,47.5,68.3,
1905,6,16,63.5,,,67.5,,,,55.3,
1905,7,16,67.1,,,68.8,,,,43.100002,
1905,8,16,70.9,,,,,68.9,,57.100002,43.8
1905,9,16,75.3,,,75.0,80.0,72.6,42.600002,62.8,33.3
1905,10,16,72.6,,,77.5,,,46.9,59.8,
1905,11,16,,,,,,71.700005,53.0,64.4,
1905,12,16,,,,68.8,,,54.8,63.9,
1906,1,16,,,,,,,,59.600002,
1906,2,15,,,,,,,,65.4,
1906,3,16,49.600002,,,64.9,,65.1,,57.8,
1906,4,16,,,,,,,,60.0,
1906,5,16,62.2,,,66.200005,,63.8,47.600002,61.9,
1906,6,16,59.0,,,67.5,,66.4,,56.4,
1906,7,16,66.0,,,68.700005,,70.0,,51.8,
1906,8,16,65.200005,,,,,68.9,,44.4,43.4
1906,9,16,66.4,,,,80.0,,41.0,43.9,38.0
1906,10,16,72.200005,,,77.4,,,,50.3,
1906,11,16,,,,,,71.5,53.7,62.3,
1906,12,16,,,,68.8,,,,61.7,
1907,1,16,,,,,,,,60.5,
1907,2,15,,,,,,,,67.200005,
1907,3,16,48.5,,,64.9,,,,55.5,
1907,4,16,,,,,,,,64.1,
1907,5,16,60.2,,,66.4,,63.8,,58.0,
1907,6,16,57.5,,,67.4,,66.4,,60.8,
1907,7,16,64.0,,,68.8,,70.1,,51.600002,
1907,8,16,66.0,,,,,69.0,,44.8,43.4
1907,9,16,70.200005,,,,79.9,72.6,,46.7,38.2
1907,10,16,72.200005,,,77.4,,,,58.8,
1907,11,16,,,,,,70.9,,63.0,
1907,12,16,,,,68.700005,,,,61.5,
1908,1,16,,,,,,,,57.4,
1908,2,15,,,,,,,,66.8,
1908,3,16,49.5,,,58.8,62.100002,,,63.3,
1908,4,16,,,,67.5,76.200005,,,68.8,
1908,5,16,61.3,,,56.600002,65.3,,47.5,59.8,
1908,6,16,60.4,,,62.4,72.700005,,,54.5,
1908,7,16,66.5,,,54.0,69.4,,,50.2,
1908,8,16,66.200005,,,,,68.9,,57.2,43.2
1908,9,16,70.9,,,71.3,76.6,,41.5,52.3,32.4
1908,10,16,70.8,,,66.200005,71.9,,48.5,43.600002,
1908,11,16,,,,,,70.3,52.9,59.9,
1908,12,16,,,,60.100002,60.9,,54.600002,65.5,
1909,1,16,,,,,,,,59.3,
1909,2,15,,,,,,,,62.3,
1909,3,16,50.600002,,,60.3,63.4,,,64.200005,
1909,4,16,,,,43.4,57.8,67.3,,52.2,
1909,5,16,59.5,,,61.0,68.5,,47.4,57.2,
1909,6,16,59.2,,,55.7,67.9,,,63.100002,
1909,7,16,66.0,,,54.0,69.4,,,59.3,
1909,8,16,67.8,,,70.700005,78.6,,,50.8,
1909,9,16,73.3,,,66.3,72.1,,,54.9,32.4
1909,10,16,72.4,,,69.1,73.4,,48.2,54.100002,
1909,11,16,,,,69.0,54.7,70.4,53.5,63.3,
1909,12,16,,,,49.2,51.0,,54.7,62.3,
1910,1,16,,,,,,,,61.8,
1910,2,15,,,,,,,,62.3,
1910,3,16,49.100002,,,76.5,77.200005,65.1,,55.100002,
1910,4,16,,,,71.3,79.1,,,62.7,
1910,5,16,57.2,,,66.8,72.8,63.8,47.5,66.200005,
1910,6,16,59.600002,,,66.5,75.6,66.3,,62.100002,
1910,7,16,64.9,,,68.1,79.6,,,58.0,
1910,8,16,67.6,,,63.2,72.8,,,56.0,43.2
1910,9,16,68.6,,,70.9,76.3,,42.3,59.0,38.8
1910,10,16,71.9,,,54.0,65.6,,47.5,55.7,
1910,11,16,,,,,,71.3,52.8,64.200005,
1910,12,16,,,,47.0,49.100002,,54.600002,63.5,
1911,1,16,,,,,,,,63.7,
1911,2,15,,,,,,,,61.0,
1911,3,16,49.100002,,,64.200005,66.700005,,,59.2,
1911,4,16,,,,63.7,73.3,,,55.600002,
1911,5,16,64.6,,,57.600002,66.0,,,65.3,
1911,6,16,56.8,,,67.0,76.0,66.3,,59.600002,
1911,7,16,63.100002,,,73.4,83.4,,,36.600002,
1911,8,16,64.1,,,64.200005,73.5,,,43.3,43.3
1911,9,16,64.9,,,73.6,78.700005,72.6,,43.9,36.600002
1911,10,16,72.5,,,52.2,64.700005,,,55.600002,
1911,11,16,,,,70.5,59.9,71.9,,61.7,
1911,12,16,,,,66.6,66.8,,,61.7,
1912,1,16,,,,,,,,66.1,
1912,2,15,,,,,,,,56.4,
1912,3,16,50.100002,46.7,,73.1,74.200005,65.1,,58.8,
1912,4,16,,60.3,,44.2,58.4,67.3,,56.7,
1912,5,16,57.9,77.8,,68.700005,74.200005,63.8,,60.5,
1912,6,16,62.3,,,64.9,74.5,66.3,,60.5,
1912,7,16,65.9,81.5,,55.7,70.700005,,,51.100002,
1912,8,16,67.3,,,67.9,76.4,,,65.1,
1912,9,16,68.700005,78.3,,75.9,80.8,72.6,,59.8,34.3
1912,10,16,72.6,,,78.5,76.3,,49.0,55.8,
1912,11,16,,,,71.8,60.9,71.200005,,64.200005,
1912,12,16,,,,64.6,71.6,,,58.2,
1913,1,16,,,,,,,,65.4,
1913,2,15,,,,,,,,54.8,
1913,3,16,49.4,,,51.2,56.5,64.9,,55.9,
1913,4,16,,62.600002,,67.700005,73.9,,,65.3,
1913,5,16,55.5,73.6,,69.1,71.9,,,62.600002,
1913,6,16,59.0,84.9,,66.6,74.1,,,64.4,
1913,7,16,61.8,77.9,,56.2,70.700005,,,61.4,
1913,8,16,67.6,,,66.9,74.700005,,,54.4,43.600002
1913,9,16,66.5,79.1,,70.5,74.4,,,55.9,31.300001
1913,10,16,70.9,74.200005,,77.4,,,,53.600002,
1913,11,16,,,,75.200005,73.0,71.200005,,66.4,
1913,12,16,,,,52.9,64.700005,,,62.600002,
1914,1,16,,,,,,,,61.600002,
1914,2,15,,,,,,,,53.2,
1914,3,16,50.0,46.8,,59.3,62.100002,,,64.5,
1914,4,16,,,,66.0,73.5,,,49.100002,
1914,5,16,57.9,76.8,,67.6,70.8,,,73.5,
1914,6,16,58.600002,85.8,,66.8,75.0,,,60.5,
1914,7,16,66.8,79.8,,68.6,77.3,,,58.4,
1914,8,16,70.9,80.4,,73.200005,78.4,,,52.3,43.4
1914,9,16,68.6,81.700005,,75.8,79.200005,,,52.3,25.800001
1914,10,16,72.4,75.0,,78.0,76.1,,48.8,58.8,
1914,11,16,,,,72.5,63.100002,71.5,,65.1,
1914,12,16,,,,64.3,69.3,,,61.4,
1915,1,16,,,,,,,,66.0,
1915,2,15,,,,,,,,63.9,
1915,3,16,49.8,44.4,,55.9,60.0,,,64.700005,
1915,4,16,,,,57.3,68.200005,67.3,,59.7,
1915,5,16,54.600002,77.6,,72.6,73.8,63.8,,64.200005,
1915,6,16,59.5,86.700005,,71.9,76.8,66.3,,54.7,
1915,7,16,64.5,,,71.0,79.6,,,52.8,
1915,8,16,70.200005,80.6,,76.3,80.3,,,54.8,43.5
1915,9,16,67.4,,,76.200005,79.200005,,42.600002,51.5,30.4
1915,10,16,71.5,,,73.700005,74.200005,,,63.100002,37.4
1915,11,16,,,,71.700005,60.8,,53.7,64.5,
1915,12,16,,,,69.1,69.4,,,62.2,
1916,1,16,,,,,,,,61.8,
1916,2,15,,,,,,,,63.0,
1916,3,16,48.8,50.7,,55.7,59.600002,,,62.4,
1916,4,16,,61.3,,60.8,70.3,,,59.600002,
1916,5,16,59.5,78.0,,77.200005,77.3,63.8,,62.0,
1916,6,16,57.9,,,67.6,74.8,66.3,,66.3,
1916,7,16,65.4,,,60.3,73.6,,,54.7,
1916,8,16,67.1,80.6,,79.700005,83.5,,,54.0,43.3
1916,9,16,69.8,78.5,,72.3,76.3,,42.4,56.9,35.4
1916,10,16,73.700005,73.5,,72.3,73.3,,48.8,58.8,37.4
1916,11,16,,,,73.8,68.700005,72.1,53.7,64.1,
1916,12,16,,,,68.0,71.8,,,63.5,
1917,1,16,,,,,,,,70.0,
1917,2,15,,,,,,,,58.2,
1917,3,16,48.9,48.600002,,50.7,53.7,64.9,,65.200005,
1917,4,16,,63.8,,63.7,69.8,,,69.700005,
1917,5,16,60.4,78.200005,,73.5,73.9,,,59.3,
1917,6,16,58.4,86.4,,66.1,72.6,,,51.100002,
1917,7,16,66.8,80.8,,71.8,78.3,,,52.0,
1917,8,16,64.9,80.700005,,70.6,76.700005,,,57.2,43.600002
1917,9,16,67.1,75.6,,77.4,79.200005,72.6,,45.2,31.800001
1917,10,16,70.6,73.8,,86.200005,81.1,,,57.9,
1917,11,16,,,,74.6,69.4,,53.7,64.6,
1917,12,16,,,,70.700005,68.200005,,54.600002,59.7,
1918,1,16,,,,,,,,58.8,
1918,2,15,,,,,,,,61.100002,
1918,3,16,48.3,49.5,,64.200005,62.9,56.8,,50.5,
1918,4,16,,64.1,,65.200005,73.200005,69.4,,73.9,
1918,5,16,57.5,76.3,,71.700005,71.9,59.9,47.5,58.8,
1918,6,16,58.4,,,73.8,75.8,72.6,,57.7,
1918,7,16,60.100002,,,71.200005,76.5,72.6,,50.2,
1918,8,16,69.1,,,66.4,72.1,70.700005,,50.3,
1918,9,16,65.700005,74.8,,74.8,77.8,71.8,40.5,52.9,29.300001
1918,10,16,72.1,,,79.4,76.6,76.0,47.5,61.4,
1918,11,16,,,,75.4,72.8,71.6,53.600002,64.5,
1918,12,16,,,,74.3,75.4,,54.7,62.0,
1919,1,16,,,,,,,,68.1,
1919,2,15,,,,,,,,60.9,
1919,3,16,47.5,48.5,,62.600002,63.5,63.0,,65.1,
1919,4,16,,63.9,,63.8,68.9,66.700005,,69.8,
1919,5,16,60.9,79.1,,68.4,70.0,57.600002,47.600002,53.4,
1919,6,16,60.8,87.5,,70.700005,74.8,69.6,,54.9,
1919,7,16,64.1,77.700005,,68.5,76.700005,64.9,,58.100002,
1919,8,16,63.4,,,80.5,84.4,69.700005,,43.100002,
1919,9,16,66.1,,,73.6,77.4,67.0,42.8,43.600002,34.0
1919,10,16,69.8,,,67.9,69.5,73.9,47.7,60.100002,
1919,11,16,,,,72.0,61.2,70.8,52.7,66.4,
1919,12,16,,,,64.4,64.9,,,61.0,
1920,1,16,,,,,,,,61.9,
1920,2,15,,,,,,,,54.3,
1920,3,16,47.3,,,72.6,72.700005,69.4,,51.600002,
1920,4,16,,,,74.4,77.5,73.8,,67.200005,
1920,5,16,56.0,,,68.6,71.1,68.6,,59.9,
1920,6,16,49.7,,,74.6,75.6,70.4,,60.5,
1920,7,16,60.2,,,74.8,81.8,72.3,,48.600002,
1920,8,16,64.0,,,71.3,76.4,72.0,,57.0,43.600002
1920,9,16,66.8,,,75.700005,79.6,70.6,,58.8,41.3
1920,10,16,71.8,,,72.0,73.1,72.200005,,57.5,
1920,11,16,,,,74.200005,69.1,70.4,,61.5,
1920,12,16,,,,68.9,70.9,,,64.6,
1921,1,16,,,,,,,,63.0,
1921,2,15,,,,,,,,62.600002,
1921,3,16,46.7,,,68.6,67.700005,64.5,,44.4,
1921,4,16,,,,65.700005,,61.2,,55.7,
1921,5,16,58.5,,,67.200005,70.9,59.3,,59.3,
1921,6,16,56.8,,,75.700005,78.0,68.3,,53.7,
1921,7,16,63.100002,,,73.0,80.6,,,38.0,
1921,8,16,61.2,,,74.9,80.1,69.4,,47.9,43.5
1921,9,16,64.3,,,76.0,79.9,67.6,,44.600002,32.3
1921,10,16,70.6,,,69.6,72.200005,72.0,,42.100002,
1921,11,16,,,,70.1,56.0,70.8,,62.8,
1921,12,16,57.4,,,64.4,68.4,,,58.4,
1922,1,16,,,,,,,,63.0,
1922,2,15,,,,,,,,56.8,
1922,3,16,45.8,,,69.4,66.3,64.5,,61.2,
1922,4,16,,,,61.8,69.0,64.4,,68.4,
1922,5,16,57.0,,,70.8,71.5,63.9,,52.9,
1922,6,16,60.2,,,71.700005,75.6,62.100002,,59.2,
1922,7,16,67.3,,,74.0,80.200005,68.8,,51.100002,
1922,8,16,66.200005,,,75.0,79.6,68.700005,,52.2,43.2
1922,9,16,67.5,,,75.3,79.9,64.5,,60.0,32.0
1922,10,16,70.5,,,71.6,72.6,72.700005,,65.5,
1922,11,16,,,,70.3,54.8,69.700005,53.7,61.8,
1922,12,16,,,,56.2,62.9,,,63.3,
1923,1,16,,,,,,,,67.8,
1923,2,15,,,,,,,,68.8,
1923,3,16,46.5,,,68.1,68.6,67.700005,,60.4,
1923,4,16,,,,62.100002,67.3,68.1,,61.0,
1923,5,16,56.600002,,,73.200005,73.6,72.700005,53.600002,63.100002,
1923,6,16,60.600002,,,80.6,80.8,76.700005,,65.4,
1923,7,16,60.0,,,73.6,79.5,72.4,,45.0,
1923,8,16,70.200005,,77.6,77.5,81.9,76.6,,45.600002,43.5
1923,9,16,69.6,,,75.6,80.5,76.200005,42.2,48.5,36.2
1923,10,16,67.700005,,,82.3,79.0,75.8,48.7,59.100002,
1923,11,16,,,,74.6,70.700005,70.9,53.7,65.200005,
1923,12,16,57.4,,,63.4,72.0,,,63.7,
1924,1,16,,,,,,,,60.7,
1924,2,15,,,,,,,,66.9,
1924,3,16,46.8,,,61.8,63.0,64.1,,58.5,
1924,4,16,,,,62.8,69.5,69.8,,64.6,
1924,5,16,63.600002,,,76.3,75.1,73.0,47.8,62.3,
1924,6,16,61.7,,,79.4,80.3,76.6,,61.9,
1924,7,16,65.1,,,58.9,68.700005,75.700005,,54.2,
1924,8,16,66.700005,,77.6,63.5,72.200005,72.6,46.600002,62.2,43.3
1924,9,16,69.4,,,71.1,75.200005,73.8,43.5,54.100002,33.3
1924,10,16,70.8,,,82.1,77.9,76.3,49.4,56.2,
1924,11,16,,,,72.0,60.2,71.700005,54.100002,63.2,
1924,12,16,,,,68.4,73.700005,,55.4,61.5,
1925,1,16,,,,,,,,62.5,
1925,2,15,,,,,,,,62.5,
1925,3,16,44.100002,,,60.3,61.3,64.200005,,65.8,
1925,4,16,,,,63.9,70.700005,63.8,,66.3,
1925,5,16,58.7,,,75.4,74.6,71.9,55.0,65.9,
1925,6,16,60.0,,,81.8,81.4,69.3,,53.4,
1925,7,16,60.3,,,59.2,71.8,72.200005,,54.600002,
1925,8,16,65.6,,,69.9,76.8,71.8,,56.8,
1925,9,16,65.1,,,73.9,76.700005,73.200005,,58.3,30.5
1925,10,16,68.9,74.8,,74.6,73.8,,47.9,51.9,
1925,11,16,,,,71.3,59.600002,70.700005,53.0,68.1,
1925,12,16,57.4,,,66.9,70.5,,,57.600002,
1926,1,16,,,,,,,,62.2,
1926,2,15,,,,,,,,61.9,
1926,3,16,48.100002,47.3,,71.1,69.200005,70.9,,64.5,
1926,4,16,,62.7,,57.8,65.0,71.0,,53.100002,
1926,5,16,61.0,75.700005,,72.6,72.700005,80.1,49.100002,71.6,
1926,6,16,57.3,82.4,,70.700005,75.3,74.4,,67.4,
1926,7,16,62.4,73.5,,64.1,72.9,72.5,,58.4,
1926,8,16,63.100002,78.200005,77.6,72.3,76.6,72.0,46.5,47.7,43.0
1926,9,16,62.4,76.3,,73.4,78.1,75.1,42.4,44.0,34.600002
1926,10,16,69.8,72.700005,,76.700005,75.5,75.4,47.2,55.2,
1926,11,16,,,,73.6,65.8,72.5,53.600002,59.7,
1926,12,16,57.3,,,63.2,69.0,,,63.0,
1927,1,16,,,,,,,,65.8,
1927,2,15,,,,,,,,56.3,
1927,3,16,47.5,48.0,,64.5,63.5,75.700005,,58.2,
1927,4,16,,65.3,,67.6,71.5,77.0,,62.2,
1927,5,16,61.7,73.700005,,73.6,72.700005,77.1,47.8,57.7,
1927,6,16,58.9,80.3,,71.3,74.5,78.6,,58.2,
1927,7,16,61.0,74.9,,70.1,,76.6,,52.3,
1927,8,16,64.1,78.5,,72.8,78.1,76.200005,,55.100002,43.3
1927,9,16,71.200005,78.200005,,74.8,79.0,74.3,39.2,56.9,38.3
1927,10,16,68.5,73.0,,72.5,73.3,75.4,47.600002,51.3,
1927,11,16,,,,72.0,63.2,71.9,51.4,64.5,
1927,12,16,,,,61.3,66.700005,,54.9,64.6,
1928,1,16,,,,,,,,62.2,
1928,2,15,,,,,,,,57.9,
1928,3,16,49.5,47.7,,68.1,67.1,64.3,,61.4,
1928,4,16,,62.100002,,61.100002,68.0,70.5,,62.2,
1928,5,16,62.0,73.700005,,74.700005,74.200005,67.8,49.5,66.5,
1928,6,16,57.9,80.4,,78.200005,78.9,76.6,,55.100002,
1928,7,16,61.8,74.6,,77.1,82.0,77.9,,37.2,
1928,8,16,64.4,76.200005,,70.0,75.8,76.5,46.5,52.7,43.8
1928,9,16,66.700005,78.700005,,75.0,79.8,73.700005,42.0,48.600002,39.0
1928,10,16,72.3,72.700005,,65.8,70.1,75.700005,47.0,52.100002,
1928,11,16,,,,71.700005,61.100002,72.4,52.4,63.3,
1928,12,16,57.4,,,62.3,67.6,,,65.3,
1929,1,16,,,,,,,,60.5,
1929,2,15,,,,,,,,49.0,
1929,3,16,47.4,47.3,,61.100002,62.2,66.5,,49.7,
1929,4,16,,62.600002,,53.2,63.4,71.200005,,58.4,
1929,5,16,60.9,72.8,,67.1,69.4,70.200005,54.3,56.4,
1929,6,16,59.100002,79.700005,,70.200005,73.3,73.5,,57.100002,
1929,7,16,70.6,74.3,,74.9,80.200005,77.1,,41.7,
1929,8,16,65.6,75.200005,53.5,73.700005,78.6,75.3,46.4,47.7,43.7
1929,9,16,65.200005,83.200005,72.4,75.3,79.200005,74.5,43.600002,33.9,38.7
1929,10,16,71.0,72.9,82.3,81.8,78.0,75.9,52.100002,54.600002,
1929,11,16,,,,76.1,74.6,72.5,54.0,58.100002,
1929,12,16,,,,78.8,77.1,,,57.0,
1930,1,16,,,,,,,,62.100002,
1930,2,15,,,,,,,,56.100002,
1930,3,16,48.7,,,64.200005,63.600002,68.700005,,55.2,
1930,4,16,,62.100002,,68.6,75.3,71.4,,64.1,
1930,5,16,56.100002,73.6,,69.9,71.6,69.9,56.5,71.1,
1930,6,16,60.2,77.700005,,68.0,72.5,69.1,,52.0,
1930,7,16,63.0,72.1,,59.3,68.3,73.0,,57.600002,
1930,8,16,71.6,76.4,72.9,75.3,79.6,73.8,46.7,52.0,43.7
1930,9,16,72.5,76.1,71.6,74.3,78.3,77.3,43.600002,56.3,44.600002
1930,10,16,68.8,73.5,82.3,78.5,75.8,76.4,48.100002,55.5,
1930,11,16,,,,74.8,69.9,71.1,,56.100002,
1930,12,16,57.4,,,66.9,69.200005,,55.100002,63.4,
1931,1,16,,,,,,,,63.4,62.600002
1931,2,15,,,,,,,,63.4,
1931,3,16,47.2,,,61.3,61.7,58.4,,54.100002,
1931,4,16,,,,68.1,73.5,73.200005,,60.3,
1931,5,16,65.3,70.9,,71.0,73.200005,73.9,48.600002,57.9,
1931,6,16,61.3,77.9,,81.4,86.200005,75.4,,49.8,
1931,7,16,66.4,73.0,,69.9,78.8,78.700005,,52.9,
1931,8,16,70.5,74.9,77.3,73.200005,80.6,72.5,46.100002,61.4,43.9
1931,9,16,70.6,72.9,88.700005,70.9,74.3,73.6,39.2,56.2,36.600002
1931,10,16,71.0,70.5,,76.1,75.200005,74.3,46.4,45.0,
1931,11,16,,,,77.4,81.700005,73.4,52.2,62.9,
1931,12,16,57.3,,,72.4,74.8,,,59.100002,
1932,1,16,,,,,,,,60.100002,62.600002
1932,2,15,,,,,,,,56.2,
1932,3,16,47.2,46.8,,67.1,67.200005,66.3,,56.7,
1932,4,16,,62.4,,71.0,77.3,71.9,,65.6,
1932,5,16,63.100002,74.6,,77.0,76.3,69.9,52.9,65.5,
1932,6,16,66.5,79.8,,74.8,77.200005,70.8,,58.0,
1932,7,16,66.9,72.3,,69.4,78.0,70.6,,57.600002,
1932,8,16,77.3,75.700005,72.700005,72.3,79.200005,70.5,46.5,44.5,43.9
1932,9,16,71.3,70.1,71.4,75.6,79.9,72.4,43.100002,54.100002,40.100002
1932,10,16,70.700005,,82.6,81.1,77.4,76.1,44.7,55.600002,37.600002
1932,11,16,,,,75.4,74.0,71.700005,54.9,63.5,
1932,12,16,57.3,,,70.8,73.200005,,55.2,64.1,
1933,1,16,,,,,,,,64.1,
1933,2,15,,,,,,,,60.0,
1933,3,16,47.0,47.4,,63.600002,64.0,66.4,,50.100002,
1933,4,16,,62.0,,60.5,68.8,67.700005,,53.0,
1933,5,16,63.7,74.0,,71.1,71.6,69.3,51.4,68.700005,
1933,6,16,63.600002,73.1,,65.3,72.1,69.9,,62.7,
1933,7,16,64.200005,74.5,,72.3,,72.200005,,42.9,
1933,8,16,69.0,76.200005,59.5,69.6,76.5,70.6,,41.9,43.600002
1933,9,16,75.8,78.6,84.3,72.700005,76.9,73.8,45.0,47.0,35.8
1933,10,16,72.4,70.8,82.3,80.6,77.6,75.9,47.600002,55.0,
1933,11,16,,,,71.700005,61.600002,72.200005,51.5,68.3,
1933,12,16,57.2,,,58.7,66.700005,,55.2,63.5,
1934,1,16,,,,,,,,64.3,
1934,2,15,,,,,,,,57.100002,
1934,3,16,44.600002,47.4,,70.700005,71.200005,74.700005,,60.7,
1934,4,16,,62.3,,59.8,68.200005,68.200005,,50.5,
1934,5,16,64.0,72.700005,,65.0,69.3,,47.3,53.100002,
1934,6,16,63.8,78.4,,72.0,76.0,68.9,,51.8,
1934,7,16,65.9,71.9,,67.200005,75.3,75.5,,41.4,
1934,8,16,74.0,76.0,66.8,69.8,75.9,73.4,46.4,56.9,43.5
1934,9,16,67.8,77.200005,75.8,76.700005,79.9,73.1,46.8,42.2,42.0
1934,10,16,72.3,72.0,,82.6,79.200005,76.0,45.4,51.5,
1934,11,16,,,,73.5,64.9,72.1,54.7,61.4,
1934,12,16,57.600002,,,73.9,74.0,,55.2,63.0,
1935,1,16,,,,,,,,65.8,
1935,2,15,,,,,,,,62.8,
1935,3,16,44.0,46.3,,65.5,64.8,63.5,,53.0,
1935,4,16,,62.8,,68.1,74.0,71.6,,68.3,
1935,5,16,60.600002,75.700005,,76.6,76.9,69.3,51.100002,63.2,
1935,6,16,61.5,81.4,,70.0,75.6,70.0,,49.8,
1935,7,16,63.2,72.200005,,72.6,78.3,73.0,,40.100002,
1935,8,16,71.6,76.700005,71.4,63.0,69.9,70.3,46.5,48.5,43.2
1935,9,16,66.700005,77.1,81.1,76.3,80.700005,77.700005,39.7,46.9,38.4
1935,10,16,67.9,73.6,82.3,84.700005,79.8,76.4,46.5,64.700005,
1935,11,16,,,,76.700005,78.1,73.8,53.0,62.2,
1935,12,16,57.600002,,,69.0,73.700005,,55.2,63.600002,
1936,1,16,,,,,,,,63.5,62.4
1936,2,15,,,,,,,,57.9,
1936,3,16,44.600002,45.100002,,63.2,61.9,69.1,,53.7,
1936,4,16,,62.8,,66.5,72.3,74.4,,66.9,
1936,5,16,59.7,70.700005,,65.200005,72.3,65.9,52.100002,62.9,
1936,6,16,59.8,78.8,,65.9,72.6,68.3,,60.0,
1936,7,16,65.1,73.0,,77.4,84.3,77.4,,60.0,
1936,8,16,65.3,76.200005,70.8,72.9,,74.9,46.7,49.7,43.0
1936,9,16,71.4,75.6,66.700005,71.700005,75.200005,69.3,41.9,57.2,34.100002
1936,10,16,71.6,72.0,82.700005,78.8,75.700005,75.8,45.600002,55.9,
1936,11,16,,,,75.5,70.9,72.6,55.9,65.3,
1936,12,16,57.7,,,75.200005,76.200005,,55.4,61.5,
1937,1,16,,,,,,,,62.2,62.600002
1937,2,15,,,,,,,,64.3,
1937,3,16,48.3,49.100002,,73.0,69.9,74.5,,66.3,
1937,4,16,,62.4,,64.1,71.8,71.5,,66.6,
1937,5,16,59.8,70.700005,,66.6,68.700005,64.5,50.100002,55.3,
1937,6,16,57.8,75.8,,66.200005,75.4,74.0,,56.7,
1937,7,16,65.5,73.4,,63.100002,72.4,73.6,,47.3,
1937,8,16,76.9,74.200005,83.6,65.5,79.0,71.6,46.600002,51.5,42.5
1937,9,16,69.5,75.3,79.5,74.1,77.700005,75.4,42.8,55.9,36.3
1937,10,16,73.200005,73.0,81.9,74.4,74.0,75.5,48.3,56.0,37.7
1937,11,16,,,,75.700005,73.700005,71.9,54.8,62.3,
1937,12,16,,,,72.6,73.8,,54.7,65.5,
1938,1,16,,,,,,,,62.3,
1938,2,15,,,,,,,,57.2,
1938,3,16,45.8,45.600002,,72.8,69.8,64.700005,,45.0,
1938,4,16,,61.2,,70.5,76.3,64.9,,55.4,
1938,5,16,59.100002,73.3,,74.1,74.9,63.5,50.600002,64.4,
1938,6,16,63.5,81.5,,76.200005,78.8,70.4,,53.4,
1938,7,16,63.7,75.5,,64.4,77.0,72.700005,,52.2,
1938,8,16,66.200005,75.8,64.1,68.700005,75.9,64.3,46.4,58.4,42.7
1938,9,16,63.100002,72.4,78.8,69.8,73.8,71.1,44.0,52.2,33.2
1938,10,16,67.9,73.1,81.9,84.6,79.700005,75.1,50.2,54.9,37.600002
1938,11,16,,,,77.0,79.200005,71.3,55.9,58.7,
1938,12,16,57.3,,,82.1,75.200005,,54.7,63.100002,
1939,1,16,,,,,,,,65.200005,
1939,2,15,,,,,,,,55.4,
1939,3,16,48.2,49.100002,,68.4,65.200005,66.6,,65.700005,
1939,4,16,,62.9,,62.7,69.200005,66.200005,,63.4,
1939,5,16,61.9,72.6,,73.6,74.0,59.7,51.100002,79.5,
1939,6,16,60.9,84.6,,67.4,75.6,68.1,,58.7,
1939,7,16,65.5,73.1,,66.0,74.200005,71.5,,52.8,
1939,8,16,71.8,75.8,67.6,59.600002,69.9,70.700005,46.4,56.600002,42.9
1939,9,16,75.0,75.200005,77.9,73.8,77.9,66.5,34.7,57.3,36.100002
1939,10,16,67.5,73.6,82.4,78.9,75.8,73.9,48.2,69.0,37.7
1939,11,16,,,,76.3,74.700005,71.8,,62.2,
1939,12,16,57.4,,,68.700005,70.8,,55.3,65.1,
1940,1,16,,,,,,,,60.9,
1940,2,15,,,,,,,,55.8,
1940,3,16,47.5,47.8,,61.0,59.9,60.600002,,58.2,
1940,4,16,,62.4,,62.5,69.4,64.700005,,65.700005,
1940,5,16,61.0,72.9,,58.4,65.0,56.100002,47.0,63.9,
1940,6,16,64.3,80.3,,65.700005,71.5,61.0,,57.5,
1940,7,16,63.7,72.700005,,73.200005,81.6,72.1,,57.4,
1940,8,16,69.5,76.9,69.9,71.4,78.700005,70.9,46.2,54.100002,43.3
1940,9,16,70.200005,77.5,74.700005,78.0,81.8,71.9,46.600002,54.3,38.9
1940,10,16,74.4,72.0,82.6,78.1,75.8,75.1,48.4,63.7,37.7
1940,11,16,,,,74.5,68.9,71.700005,53.600002,60.8,
1940,12,16,57.3,,,68.5,70.4,,54.7,59.600002,
1941,1,16,,,,,,,,63.7,
1941,2,15,,,,,,,,61.600002,
1941,3,16,47.600002,,,58.9,60.5,62.3,,53.600002,
1941,4,16,,62.3,,62.600002,69.8,61.8,,67.8,
1941,5,16,58.3,73.1,,66.5,68.200005,57.5,49.9,66.8,
1941,6,16,61.100002,79.200005,,73.6,76.4,63.0,,57.3,
1941,7,16,64.5,73.6,,56.9,78.1,66.9,,50.8,
1941,8,16,64.9,77.1,68.9,76.6,83.4,73.4,46.600002,59.3,43.2
1941,9,16,66.5,74.5,83.8,76.200005,80.5,71.6,38.0,43.4,33.5
1941,10,16,67.6,71.4,82.1,75.6,77.4,74.5,46.2,61.0,
1941,11,16,,,,74.1,69.1,72.700005,52.9,66.1,
1941,12,16,,,,59.2,64.200005,,54.8,60.2,
1942,1,16,,,,,,,,63.100002,
1942,2,15,,,,,,,,63.0,
1942,3,16,48.0,47.4,,60.5,59.100002,56.9,,58.7,
1942,4,16,,62.4,,60.5,67.700005,60.2,,62.2,
1942,5,16,53.9,71.4,,73.0,74.4,64.4,50.7,60.4,
1942,6,16,59.0,81.6,,69.700005,75.700005,70.1,,53.100002,
1942,7,16,63.2,71.9,,63.4,74.1,69.1,,55.0,
1942,8,16,75.6,74.9,80.9,70.9,78.700005,70.700005,46.4,48.4,43.3
1942,9,16,70.6,73.4,77.200005,73.6,78.4,70.8,37.4,48.600002,34.4
1942,10,16,71.4,72.700005,82.700005,78.8,77.200005,74.9,,52.4,37.600002
1942,11,16,,,,73.8,68.0,70.9,54.4,66.1,
1942,12,16,57.100002,,,67.200005,69.0,,55.4,59.0,
1943,1,16,,,,,,,,60.8,
1943,2,15,,,,,,,,52.8,
1943,3,16,49.100002,47.4,,67.1,66.0,61.4,,47.5,
1943,4,16,,62.0,,72.0,75.9,67.5,,53.3,
1943,5,16,61.100002,71.1,,69.9,72.8,60.7,43.8,58.8,
1943,6,16,58.7,80.700005,,64.200005,71.8,66.5,,61.3,
1943,7,16,68.3,73.8,,66.3,77.9,70.1,,42.5,
1943,8,16,75.0,75.200005,57.9,76.1,81.8,71.1,46.100002,45.7,43.4
1943,9,16,71.9,79.1,79.9,73.6,77.5,72.8,41.4,54.2,36.7
1943,10,16,71.3,72.700005,83.1,75.700005,76.8,75.3,48.3,54.600002,37.600002
1943,11,16,,,,75.9,73.6,72.200005,54.100002,65.700005,
1943,12,16,,,,69.1,71.1,,55.2,66.700005,
1944,1,16,,,,,,,,60.9,
1944,2,15,,,,,,,,65.3,
1944,3,16,53.9,47.100002,,70.4,69.0,66.200005,,60.8,
1944,4,16,,61.0,,59.4,67.1,65.3,,56.3,
1944,5,16,61.8,67.1,,73.0,74.8,66.6,47.4,55.8,
1944,6,16,65.6,78.200005,,71.1,75.8,72.9,,63.7,
1944,7,16,65.0,77.200005,,64.200005,73.1,68.8,,58.100002,
1944,8,16,69.3,74.5,79.8,72.200005,78.700005,66.700005,,47.9,
1944,9,16,70.8,73.0,80.4,73.8,79.8,75.8,43.4,60.7,34.5
1944,10,16,70.4,70.4,82.0,83.700005,78.4,75.4,48.4,65.4,
1944,11,16,,,,76.5,77.0,71.6,55.7,63.600002,
1944,12,16,57.600002,,,73.0,73.4,,55.2,61.2,
1945,1,16,,,,,,,,59.5,
1945,2,15,,,,,,,,60.9,
1945,3,16,51.3,46.5,,62.5,61.7,62.8,,54.4,
1945,4,16,,63.600002,,70.700005,77.5,,,47.9,
1945,5,16,58.4,73.0,,76.3,75.8,65.1,43.5,50.9,
1945,6,16,65.1,84.4,,75.700005,78.3,68.6,,47.600002,
1945,7,16,67.9,75.700005,,53.8,69.5,69.5,,38.7,
1945,8,16,71.5,74.4,65.6,66.5,73.1,69.6,45.9,56.4,43.0
1945,9,16,75.0,72.9,79.9,78.3,81.200005,71.700005,40.600002,53.8,34.8
1945,10,16,70.1,69.700005,83.1,73.700005,77.1,74.5,44.3,48.8,37.4
1945,11,16,,,,72.0,61.600002,72.5,52.600002,64.9,
1945,12,16,,,,62.4,63.3,,54.600002,60.0,
1946,1,16,,,,,,,,61.3,
1946,2,15,,,,,,,,68.6,
1946,3,16,50.5,46.600002,,61.7,61.600002,63.2,,61.2,
1946,4,16,,62.100002,,65.200005,71.200005,65.200005,,47.5,
1946,5,16,61.5,71.3,,72.9,74.200005,60.4,44.2,64.4,
1946,6,16,63.0,82.1,,73.6,78.4,73.3,,67.5,
1946,7,16,60.5,,,66.3,77.200005,68.4,,49.3,
1946,8,16,55.9,77.1,67.4,70.5,74.4,70.9,46.5,54.5,43.5
1946,9,16,71.200005,80.9,83.0,75.700005,79.200005,74.700005,47.9,46.5,30.800001
1946,10,16,69.0,71.8,81.700005,70.0,71.3,73.6,47.3,53.8,
1946,11,16,,,,74.6,71.200005,72.1,53.100002,61.2,
1946,12,16,57.3,,,78.9,77.0,,,63.100002,
1947,1,16,,,,,,,,59.9,
1947,2,15,,,,,,,,62.600002,
1947,3,16,51.8,46.0,,56.9,56.3,60.0,,61.100002,
1947,4,16,,61.8,,66.6,73.200005,68.4,,45.9,
1947,5,16,57.9,73.4,,68.0,70.3,50.4,40.4,59.9,
1947,6,16,62.2,79.700005,,63.3,72.4,65.3,,48.5,
1947,7,16,64.700005,71.3,,66.3,77.5,67.5,,42.0,
1947,8,16,69.8,76.3,69.4,65.700005,73.8,59.5,46.4,42.7,42.9
1947,9,16,69.5,72.6,85.5,71.3,76.700005,68.5,41.3,39.2,36.0
1947,10,16,73.700005,71.1,82.1,76.200005,75.9,73.8,42.9,45.2,37.600002
1947,11,16,,,,74.700005,68.6,71.4,54.4,59.7,
1947,12,16,,,,69.4,70.4,,55.100002,61.600002,
1948,1,16,,,,,,,,62.600002,62.3
1948,2,15,,,,,,,,62.7,
1948,3,16,45.2,47.2,,63.600002,65.700005,58.2,,47.100002,
1948,4,16,,62.0,,72.4,78.0,63.7,,56.0,
1948,5,16,63.7,72.700005,,63.7,69.1,59.7,49.0,62.3,
1948,6,16,60.9,77.8,,71.200005,77.8,67.700005,,61.5,
1948,7,16,61.0,70.9,,64.0,73.8,66.6,,61.100002,
1948,8,16,70.9,72.8,71.9,76.4,80.3,69.200005,46.5,60.600002,43.600002
1948,9,16,75.1,73.3,71.9,73.1,78.1,73.8,42.600002,46.600002,37.7
1948,10,16,67.5,73.3,82.8,78.6,75.4,73.700005,44.0,49.2,37.4
1948,11,16,,,,73.8,67.1,70.8,52.2,58.2,
1948,12,16,,,,61.5,63.3,,54.9,58.8,
1949,1,16,,,,,,,,59.3,
1949,2,15,,,,,,,,49.4,
1949,3,16,43.2,48.0,,65.1,65.0,61.0,,51.600002,
1949,4,16,,61.600002,,67.0,74.0,67.3,,45.5,
1949,5,16,66.200005,72.9,,70.700005,73.0,61.7,53.8,71.4,
1949,6,16,65.200005,74.9,,74.700005,78.1,68.5,,52.600002,
1949,7,16,62.3,70.0,,68.6,77.3,65.5,,38.2,
1949,8,16,68.0,73.8,73.9,68.700005,76.1,67.9,46.5,49.100002,44.2
1949,9,16,70.3,63.5,73.1,71.9,76.9,72.4,47.5,46.9,36.4
1949,10,16,71.200005,67.6,81.8,76.3,75.8,74.1,44.8,49.0,
1949,11,16,,,,77.4,79.200005,73.1,53.600002,62.4,
1949,12,16,57.3,,,75.5,74.4,,,60.100002,
1950,1,16,,,,,,,,62.0,
1950,2,15,,,,,,,,55.8,
1950,3,16,47.5,46.9,,67.8,64.9,61.4,,48.3,
1950,4,16,,59.9,,71.3,77.700005,67.700005,,67.0,
1950,5,16,61.100002,73.0,,71.200005,72.4,61.2,50.9,58.100002,
1950,6,16,62.2,78.3,,70.200005,75.200005,65.9,,49.8,
1950,7,16,68.1,74.8,,70.200005,76.3,68.9,,46.8,
1950,8,16,67.3,77.200005,68.5,66.4,79.200005,68.5,,53.4,43.3
1950,9,16,67.1,83.4,75.9,76.6,78.8,72.6,42.9,60.5,34.3
1950,10,16,70.4,71.8,81.700005,82.700005,78.3,75.1,47.8,54.5,
1950,11,16,,,,76.0,75.6,71.8,51.8,61.4,
1950,12,16,57.4,,,74.700005,74.4,,55.100002,65.1,
1951,1,16,,,,,,,,66.6,62.600002
1951,2,15,,,,,,,,65.1,
1951,3,16,47.100002,47.7,,64.5,65.700005,61.5,,66.6,
1951,4,16,,61.9,,71.0,78.6,69.6,,60.5,
1951,5,16,62.3,74.200005,,77.700005,78.5,58.7,42.9,72.0,
1951,6,16,66.3,78.700005,,74.200005,80.1,65.5,,66.200005,
1951,7,16,63.3,73.8,,78.1,85.200005,68.9,,51.3,
1951,8,16,66.4,73.5,74.9,70.1,79.5,70.3,46.7,61.0,
1951,9,16,72.9,60.9,69.8,74.200005,77.8,72.700005,37.4,55.4,35.2
1951,10,16,69.1,67.3,82.200005,76.0,74.9,74.0,51.4,51.5,36.7
1951,11,16,,,,72.5,63.5,72.3,53.7,62.600002,
1951,12,16,,,,64.8,66.6,,55.4,57.9,
1952,1,16,,,,,,,,61.3,62.600002
1952,2,15,,,,,,,,62.7,
1952,3,16,49.2,46.9,,64.5,65.8,61.4,,63.9,
1952,4,16,,,,65.8,74.0,62.9,,57.5,
1952,5,16,62.0,72.700005,,73.5,75.700005,62.7,46.3,66.5,
1952,6,16,64.200005,,,67.6,75.4,68.200005,,59.2,
1952,7,16,67.4,69.200005,,73.9,83.5,68.3,,44.2,
1952,8,16,73.3,74.200005,75.3,74.3,80.4,69.700005,,51.9,43.7
1952,9,16,77.4,74.0,74.700005,78.700005,82.6,69.4,42.600002,61.7,37.2
1952,10,16,72.5,71.5,82.200005,82.3,78.8,75.9,47.2,61.100002,
1952,11,16,,,,75.4,73.6,72.5,,64.1,
1952,12,16,57.8,,,70.5,69.5,,54.7,65.3,
1953,1,16,,,,,,,,63.2,
1953,2,15,,,,,,,,59.4,
1953,3,16,47.3,45.4,,65.5,64.6,59.3,,43.100002,
1953,4,16,,63.0,,66.700005,75.0,64.3,,57.2,
1953,5,16,66.5,68.9,,71.200005,75.200005,65.1,45.9,60.8,
1953,6,16,68.5,76.1,,59.3,69.0,65.200005,,72.5,
1953,7,16,70.6,78.5,,72.700005,81.0,72.6,,59.5,
1953,8,16,75.200005,74.700005,79.200005,78.1,83.9,70.0,46.5,52.8,43.9
1953,9,16,74.0,77.5,82.700005,72.9,76.8,70.200005,40.0,51.3,35.3
1953,10,16,75.9,71.200005,82.3,79.200005,77.3,75.4,,56.600002,37.3
1953,11,16,,,,75.700005,73.5,71.6,52.9,53.8,
1953,12,16,,,,75.4,75.700005,,,65.1,
1954,1,16,,,,,,,,62.7,
1954,2,15,,,,,,,,61.7,
1954,3,16,47.2,45.7,,70.4,69.6,69.200005,,55.2,
1954,4,16,,63.8,,64.9,71.9,66.9,,69.4,
1954,5,16,61.4,73.1,,66.4,70.8,61.3,53.3,69.1,
1954,6,16,69.200005,78.200005,,75.5,80.6,67.5,,66.8,
1954,7,16,69.700005,71.9,,72.1,82.0,73.6,,63.5,
1954,8,16,74.0,75.3,56.3,77.9,83.0,,46.4,61.3,44.100002
1954,9,16,69.9,79.1,85.4,79.5,83.700005,71.200005,42.7,55.7,36.7
1954,10,16,75.3,72.5,81.0,80.6,77.8,74.6,41.9,49.3,37.4
1954,11,16,,,,74.5,70.4,72.0,53.100002,57.3,
1954,12,16,57.600002,,,82.4,83.0,,,60.4,
1955,1,16,,,,,,,,65.4,62.3
1955,2,15,,,,,,,,65.200005,
1955,3,16,51.3,48.100002,,64.0,67.4,59.9,,59.8,
1955,4,16,,61.3,,55.3,64.700005,65.0,,52.2,
1955,5,16,67.5,67.9,,76.700005,78.4,68.700005,45.8,65.9,
1955,6,16,65.9,76.3,,77.0,83.3,62.600002,,69.3,
1955,7,16,69.200005,75.3,,65.1,76.6,60.3,,64.700005,
1955,8,16,81.200005,74.8,69.6,62.5,71.6,59.100002,,60.100002,43.600002
1955,9,16,71.6,70.5,79.8,78.700005,83.1,70.4,45.100002,54.9,35.100002
1955,10,16,73.700005,68.5,81.4,71.9,73.1,74.700005,40.100002,53.5,40.2
1955,11,16,50.0,,,71.6,61.3,70.3,48.600002,62.0,
1955,12,16,57.4,,,62.3,66.0,,54.5,62.7,
1956,1,16,,,,,,,,65.0,
1956,2,15,50.2,,,,,,,52.0,
1956,3,16,48.600002,47.2,,59.4,63.2,57.4,,61.9,
1956,4,16,52.0,,,54.0,66.4,64.1,,70.6,
1956,5,16,65.1,72.200005,,65.8,73.4,60.5,46.0,63.100002,
1956,6,16,68.700005,77.200005,,68.4,76.700005,70.6,,75.3,
1956,7,16,72.9,72.8,,72.700005,77.6,67.1,,59.600002,
1956,8,16,82.5,74.3,65.700005,75.200005,80.200005,72.200005,46.4,65.5,43.8
1956,9,16,74.9,64.5,76.5,74.1,78.1,70.700005,40.4,52.4,37.3
1956,10,16,72.9,67.1,82.0,77.9,76.3,74.4,41.600002,55.600002,39.2
1956,11,16,53.7,,,72.0,64.4,70.8,48.600002,65.6,
1956,12,16,57.4,,,69.0,70.200005,,54.8,60.5,
1957,1,16,,,,,,,,55.0,62.600002
1957,2,15,48.8,,,,,,,63.8,
1957,3,16,45.8,47.100002,,61.8,66.200005,63.100002,,54.2,
1957,4,16,53.7,61.5,,65.9,74.4,64.700005,,61.7,
1957,5,16,60.100002,71.1,,72.8,76.8,65.1,50.600002,69.700005,
1957,6,16,54.100002,79.5,,74.8,80.6,68.5,,65.1,
1957,7,16,62.2,76.8,,62.7,74.700005,74.3,,59.4,
1957,8,16,59.3,71.5,63.9,73.200005,78.8,70.8,46.600002,62.600002,43.9
1957,9,16,71.0,73.1,86.5,78.3,81.0,77.0,38.8,57.8,33.3
1957,10,16,72.700005,71.1,82.4,82.4,77.4,74.6,44.5,43.5,38.100002
1957,11,16,53.7,,,73.8,68.4,72.1,53.2,65.6,
1957,12,16,57.2,,,61.100002,64.9,,54.9,60.0,
1958,1,16,,,,,,,,60.0,
1958,2,15,,,,,,,,65.6,
1958,3,16,46.7,49.100002,,59.4,63.4,54.100002,,63.2,
1958,4,16,57.4,61.2,,56.600002,69.5,66.8,,68.4,
1958,5,16,59.8,74.200005,,76.200005,77.9,66.9,47.9,65.6,
1958,6,16,53.2,81.9,,66.1,74.9,63.7,,69.4,
1958,7,16,68.200005,74.5,,69.4,82.3,70.4,,56.3,
1958,8,16,63.4,73.8,82.9,66.8,75.5,71.5,46.2,60.3,44.2
1958,9,16,65.3,67.700005,86.1,73.200005,78.6,68.5,44.2,49.8,38.7
1958,10,16,71.5,68.3,81.4,77.700005,76.6,75.6,46.2,60.5,38.7
1958,11,16,54.7,,,75.3,73.8,72.0,51.4,70.3,
1958,12,16,57.600002,,,64.8,66.9,,54.7,60.100002,
1959,1,16,,,,,,,,58.5,
1959,2,15,48.2,,,,,,,45.7,
1959,3,16,49.100002,45.4,,72.1,73.4,62.8,,62.8,
1959,4,16,54.7,63.4,,58.600002,69.8,69.700005,,59.5,
1959,5,16,59.9,70.1,,65.9,72.9,60.0,52.100002,67.5,
1959,6,16,58.3,75.9,,64.700005,74.200005,61.100002,,67.6,
1959,7,16,68.8,76.0,,62.5,77.3,62.5,,48.3,
1959,8,16,73.1,77.1,63.600002,66.3,76.3,63.600002,46.5,60.5,43.9
1959,9,16,71.6,78.700005,87.6,77.3,82.8,65.8,34.0,45.2,33.600002
1959,10,16,68.9,70.700005,82.200005,78.200005,78.6,73.8,45.5,44.5,37.3
1959,11,16,52.7,,,76.200005,77.0,72.9,53.3,62.9,
1959,12,16,57.9,,,76.4,77.200005,,54.7,62.5,
1960,1,16,,,,,,,,62.9,62.4
1960,2,15,50.2,,,,,,,62.0,
1960,3,16,52.4,49.4,,73.3,72.5,62.4,,65.4,
1960,4,16,54.0,62.0,,64.700005,74.0,66.0,,63.7,
1960,5,16,67.0,73.200005,,57.9,68.4,59.5,46.2,64.700005,
1960,6,16,62.5,78.3,,69.0,79.4,65.0,,65.3,
1960,7,16,69.700005,72.200005,,60.3,74.0,76.9,,62.0,
1960,8,16,79.6,75.200005,78.9,71.3,79.8,70.9,46.5,66.1,43.2
1960,9,16,78.1,77.5,85.1,78.1,80.1,71.6,45.5,58.2,38.2
1960,10,16,73.0,68.8,81.5,67.200005,73.0,75.700005,45.3,63.2,36.600002
1960,11,16,53.7,,,74.4,72.5,73.1,52.5,63.100002,
1960,12,16,57.7,,,69.8,69.3,,54.9,66.200005,
1961,1,16,,,,,,,,65.4,
1961,2,15,47.8,,,,,,,51.7,
1961,3,16,51.0,46.3,,67.4,70.700005,66.700005,,48.3,
1961,4,16,56.0,62.600002,,53.7,64.9,60.3,,69.8,
1961,5,16,58.9,72.4,,73.700005,77.8,68.8,,75.1,
1961,6,16,64.3,75.700005,,65.0,76.8,64.0,,67.200005,
1961,7,16,61.3,73.6,,71.8,83.9,73.4,,57.8,
1961,8,16,75.8,76.3,81.4,76.6,83.9,69.4,46.4,56.0,43.5
1961,9,16,68.9,72.9,82.8,73.700005,79.0,70.5,40.7,43.8,36.9
1961,10,16,71.3,71.6,82.0,83.9,82.6,75.9,51.2,53.9,39.3
1961,11,16,51.4,,,77.0,83.200005,,54.9,61.9,
1961,12,16,57.3,,,68.4,67.9,,54.600002,58.3,
1962,1,16,,,,,,,,61.7,
1962,2,15,51.2,,,,,,,60.0,
1962,3,16,43.0,49.5,,50.100002,52.2,50.3,,65.9,
1962,4,16,58.0,62.7,,65.5,75.200005,65.1,,65.6,
1962,5,16,60.600002,71.9,,70.9,77.4,72.6,42.7,76.6,
1962,6,16,58.100002,77.4,,73.1,79.5,68.8,,62.9,
1962,7,16,62.5,73.8,,76.1,81.3,70.8,,56.2,
1962,8,16,65.6,71.9,65.5,76.3,84.0,72.9,46.100002,48.4,44.0
1962,9,16,71.200005,72.0,83.200005,77.3,81.200005,72.9,39.5,49.2,40.8
1962,10,16,74.700005,67.0,81.5,70.9,75.0,73.8,45.5,47.5,37.9
1962,11,16,54.4,,,77.200005,80.5,72.4,,64.0,
1962,12,16,57.600002,,,62.0,62.600002,,54.7,57.4,
1963,1,16,,,,,,,,60.5,62.3
1963,2,15,47.2,,,,,,,55.5,
1963,3,16,42.8,46.0,,53.7,61.100002,60.5,,60.9,
1963,4,16,54.3,62.4,,61.9,73.9,66.5,,68.700005,
1963,5,16,64.1,75.200005,,52.8,64.4,63.2,44.600002,70.5,
1963,6,16,63.7,77.9,,71.3,78.6,65.700005,,72.200005,
1963,7,16,67.6,75.0,,68.0,79.200005,64.8,,54.2,
1963,8,16,66.200005,74.9,72.700005,71.5,80.3,72.700005,46.4,68.6,43.7
1963,9,16,67.8,71.4,87.200005,74.5,81.0,68.8,44.600002,61.4,36.3
1963,10,16,75.700005,67.8,81.6,82.200005,78.6,75.3,49.100002,49.2,37.2
1963,11,16,52.7,,,75.6,76.8,73.0,54.4,62.0,
1963,12,16,57.7,,,67.9,70.200005,,,62.600002,
1964,1,16,,,,,,,,64.200005,
1964,2,15,52.2,,,,,,,58.600002,
1964,3,16,47.5,45.7,,55.5,56.8,57.8,,73.1,
1964,4,16,57.7,62.8,,63.2,72.0,63.5,,69.3,
1964,5,16,56.600002,73.9,,69.5,74.0,61.600002,46.100002,69.200005,
1964,6,16,65.9,73.1,,69.5,80.5,70.200005,,63.3,
1964,7,16,65.0,68.200005,,67.200005,81.8,73.3,,44.600002,
1964,8,16,70.4,75.6,71.4,74.700005,82.8,71.5,46.2,58.7,43.2
1964,9,16,69.8,74.0,79.6,75.8,80.8,70.8,43.0,49.8,38.9
1964,10,16,67.8,68.200005,82.1,80.0,80.5,74.8,52.5,64.4,37.100002
1964,11,16,51.7,,,76.1,80.9,70.9,52.9,67.6,
1964,12,16,57.4,,,67.4,68.9,,55.2,64.8,
1965,1,16,,,,,,,,67.3,62.600002
1965,2,15,,,,,,,,59.0,
1965,3,16,45.7,48.8,,58.3,61.4,58.600002,,61.8,
1965,4,16,57.0,62.0,,60.9,71.1,70.200005,,71.3,
1965,5,16,62.100002,73.8,,72.6,77.1,63.5,44.100002,76.8,
1965,6,16,67.0,77.6,,66.200005,75.9,69.8,,70.8,
1965,7,16,65.8,69.6,,74.1,80.8,68.9,,65.700005,
1965,8,16,69.3,73.3,75.200005,80.5,82.700005,66.9,46.4,62.3,43.7
1965,9,16,71.6,69.700005,88.5,76.1,80.8,74.8,38.2,60.7,38.8
1965,10,16,68.5,67.5,82.3,73.200005,74.9,73.9,50.100002,55.3,36.4
1965,11,16,50.7,,,74.700005,74.8,69.700005,55.5,65.700005,
1965,12,16,57.4,,,73.700005,71.9,,54.8,63.0,
1966,1,16,,,,,,,,64.200005,62.3
1966,2,15,,,,,,,,66.1,
1966,3,16,53.9,48.4,,59.3,63.3,64.200005,,62.4,
1966,4,16,52.3,64.1,,61.600002,69.8,65.1,,70.1,
1966,5,16,61.0,71.9,,66.9,75.200005,65.0,54.3,69.5,
1966,6,16,56.2,75.200005,,62.7,70.9,61.0,,67.8,
1966,7,16,64.9,72.1,,68.4,79.4,69.5,,65.9,
1966,8,16,69.3,76.0,73.0,72.5,77.700005,67.0,46.100002,68.4,44.0
1966,9,16,68.3,81.0,84.9,77.1,82.1,75.1,37.600002,51.7,40.0
1966,10,16,74.3,69.9,82.0,76.9,77.8,75.4,47.4,66.1,39.2
1966,11,16,50.0,,,75.3,74.3,73.0,54.3,65.9,
1966,12,16,57.600002,,,80.6,80.0,,55.2,62.5,
1967,1,16,,,,,,,,64.6,62.4
1967,2,15,,,,,,,,54.4,
1967,3,16,44.100002,49.2,,74.6,77.0,72.9,,65.1,
1967,4,16,54.0,61.600002,,64.8,74.1,68.4,,63.600002,
1967,5,16,59.2,74.0,,64.700005,70.6,68.8,43.600002,71.3,
1967,6,16,62.8,75.700005,,68.6,77.200005,65.1,,68.3,
1967,7,16,67.200005,74.1,,70.4,81.5,66.5,,49.5,
1967,8,16,66.9,,70.3,75.8,84.1,70.9,46.600002,60.600002,43.9
1967,9,16,77.9,73.8,86.9,73.9,78.700005,66.0,43.100002,59.3,40.5
1967,10,16,71.200005,72.1,83.0,76.5,76.0,75.1,47.2,49.0,
1967,11,16,53.0,,,77.6,82.5,72.5,51.0,62.9,
1967,12,16,57.600002,,,65.0,65.6,,54.5,61.600002,
1968,1,16,,,,,,,,59.4,
1968,2,15,47.8,,,,,,,65.700005,
1968,3,16,47.8,47.3,,61.100002,64.5,63.9,,57.100002,
1968,4,16,54.3,62.600002,,65.1,75.5,63.0,,59.8,
1968,5,16,56.600002,71.6,,70.3,74.5,68.9,44.3,78.1,
1968,6,16,58.5,78.700005,,68.200005,78.3,62.0,,71.1,
1968,7,16,61.8,72.700005,,75.200005,80.8,66.200005,,57.4,
1968,8,16,68.700005,73.9,79.9,68.8,73.4,59.4,46.2,69.200005,43.4
1968,9,16,68.4,73.200005,86.3,74.1,79.3,72.8,44.600002,60.8,34.2
1968,10,16,72.6,67.700005,81.9,68.9,71.3,,46.0,56.3,37.7
1968,11,16,54.7,,,73.9,73.1,71.4,50.3,63.7,
1968,12,16,,,,73.700005,75.5,,54.3,64.200005,
1969,1,16,,,,,,,,63.5,62.600002
1969,2,15,,,,,,,,64.6,
1969,3,16,47.4,47.3,,57.5,58.3,50.0,,69.3,
1969,4,16,54.3,61.600002,,57.4,67.1,69.1,,68.0,
1969,5,16,64.4,74.700005,,70.4,71.200005,62.4,53.5,71.6,
1969,6,16,59.0,79.0,,68.200005,72.200005,59.9,,72.200005,
1969,7,16,66.5,69.4,,67.200005,78.200005,70.6,,56.5,
1969,8,16,76.1,72.0,75.9,66.3,72.9,59.600002,46.4,65.9,43.9
1969,9,16,68.6,80.9,94.0,74.700005,77.4,69.9,47.2,54.5,40.2
1969,10,16,70.8,70.1,83.3,80.0,76.6,74.4,,45.4,36.8
1969,11,16,53.0,,,74.8,72.4,69.5,50.4,59.600002,
1969,12,16,,,,68.8,66.4,,54.8,62.600002,
1970,1,16,,,,,,,,69.1,
1970,2,15,49.5,,,,,,,66.0,
1970,3,16,50.100002,49.0,,73.200005,76.3,67.1,,69.3,
1970,4,16,53.7,63.0,,59.2,71.200005,68.3,,73.6,
1970,5,16,63.0,73.6,,63.4,67.5,59.100002,48.4,74.8,
1970,6,16,64.0,,,58.600002,67.3,55.5,,68.1,
1970,7,16,67.0,69.3,,67.3,81.3,75.200005,,56.8,
1970,8,16,73.200005,74.5,87.5,64.4,71.700005,65.1,46.4,62.7,43.3
1970,9,16,70.9,73.4,87.0,78.1,80.3,72.8,41.600002,46.2,37.3
1970,10,16,69.5,70.6,82.4,81.3,79.200005,75.6,47.7,55.100002,36.4
1970,11,16,51.0,,,75.200005,75.200005,70.700005,50.9,58.7,
1970,12,16,57.4,,,68.3,69.5,,54.8,62.7,
1971,1,16,,49.9,,62.5,59.7,64.200005,34.0,58.4,55.7
1971,2,15,49.2,,,,,,,57.7,
1971,3,16,46.9,61.7,60.0,52.2,54.4,61.7,35.2,64.0,63.4
1971,4,16,57.4,87.6,66.0,58.8,70.200005,68.9,49.5,54.100002,63.100002
1971,5,16,62.100002,83.9,69.8,64.0,71.0,63.3,52.5,77.8,62.5
1971,6,16,59.5,94.5,80.200005,63.100002,71.6,68.700005,62.3,79.4,50.100002
1971,7,16,69.200005,92.5,81.4,62.2,76.6,69.200005,70.700005,35.8,54.5
1971,8,16,77.6,85.700005,62.5,76.1,84.3,67.6,62.600002,56.2,45.5
1971,9,16,72.4,70.9,93.3,70.4,76.0,69.6,45.100002,42.0,41.5
1971,10,16,71.3,65.0,82.0,71.9,73.6,74.8,40.100002,42.600002,37.3
1971,11,16,52.7,57.4,,64.1,66.700005,69.200005,52.7,61.5,48.5
1971,12,16,57.4,23.5,,66.700005,71.3,69.3,61.9,59.0,53.8
1972,1,16,,48.600002,,61.9,63.3,65.5,41.2,66.700005,70.6
1972,2,15,49.2,49.4,,58.9,59.2,62.7,48.7,65.200005,71.1
1972,3,16,51.8,66.8,52.100002,59.7,70.8,68.0,41.9,51.7,68.1
1972,4,16,,95.9,79.4,69.5,79.3,71.8,59.7,79.0,63.7
1972,5,16,61.3,87.700005,71.8,70.6,75.9,65.6,53.9,83.200005,66.0
1972,6,16,64.5,92.9,73.8,59.100002,70.3,68.6,,73.6,51.600002
1972,7,16,64.3,85.1,81.200005,56.3,73.200005,65.5,66.5,64.8,46.100002
1972,8,16,71.200005,88.4,80.5,63.5,76.0,69.9,62.100002,61.0,44.8
1972,9,16,73.4,73.8,93.1,74.1,81.6,72.1,45.600002,51.2,39.7
1972,10,16,69.9,73.9,82.6,73.8,76.6,74.5,55.100002,50.5,
1972,11,16,52.7,57.100002,,70.6,72.0,,53.600002,58.9,41.100002
1972,12,16,57.600002,22.0,,73.4,70.9,67.4,60.2,53.9,58.3
1973,1,16,,46.3,,64.1,57.4,63.0,48.8,62.4,65.8
1973,2,15,,,,61.2,63.8,63.8,57.5,57.5,70.6
1973,3,16,52.600002,44.9,57.9,64.1,70.9,68.4,39.2,54.100002,75.3
1973,4,16,,91.0,68.6,67.4,78.3,72.700005,48.9,74.8,67.1
1973,5,16,62.0,83.4,70.6,66.9,75.6,69.1,56.3,75.4,64.9
1973,6,16,65.1,91.6,84.4,70.1,79.0,64.8,52.5,70.0,47.2
1973,7,16,66.4,74.0,79.5,55.4,73.3,69.200005,63.7,62.600002,55.2
1973,8,16,73.8,70.9,68.6,72.700005,83.6,69.8,47.4,62.600002,
1973,9,16,65.6,74.3,87.5,64.0,70.6,73.200005,44.7,45.4,39.0
1973,10,16,73.1,70.200005,81.1,68.9,71.0,73.700005,46.5,50.4,37.3
1973,11,16,49.7,49.5,,64.700005,66.8,68.700005,55.8,54.7,38.3
1973,12,16,57.4,39.4,,58.4,62.600002,68.200005,45.0,58.100002,48.600002
1974,1,16,,47.100002,,70.700005,56.9,61.8,45.5,68.6,68.5
1974,2,15,,52.3,,71.9,70.700005,64.8,48.2,66.3,73.3
1974,3,16,49.4,55.8,60.600002,67.6,65.8,59.8,37.100002,70.4,69.200005
1974,4,16,54.7,82.200005,69.3,58.7,73.9,66.200005,61.100002,58.600002,62.2
1974,5,16,53.2,87.700005,71.700005,62.5,67.4,55.2,50.100002,69.4,
1974,6,16,64.4,94.1,86.5,65.3,71.1,63.4,52.100002,74.1,54.0
1974,7,16,66.0,88.200005,81.0,69.5,85.4,77.700005,54.8,58.7,55.5
1974,8,16,65.8,88.3,83.0,72.9,84.8,70.6,57.5,56.9,43.7
1974,9,16,68.200005,75.700005,85.3,72.3,77.6,75.0,47.4,55.3,43.100002
1974,10,16,72.6,68.5,83.3,75.700005,77.200005,75.3,49.600002,72.5,35.3
1974,11,16,52.7,52.7,,71.9,71.3,70.6,53.3,64.9,43.0
1974,12,16,57.7,24.800001,,76.5,71.8,68.6,54.4,61.3,60.3
1975,1,16,,49.8,,63.5,61.3,64.6,36.8,64.6,61.2
1975,2,15,47.5,40.9,,56.100002,65.0,65.1,45.9,35.8,67.9
1975,3,16,48.600002,62.600002,55.600002,73.3,76.200005,66.9,33.8,71.9,67.3
1975,4,16,54.7,88.1,69.1,62.100002,68.5,63.8,63.2,66.8,66.5
1975,5,16,65.6,88.8,73.6,66.8,75.700005,65.8,52.600002,76.1,54.4
1975,6,16,63.600002,93.1,80.1,75.4,83.5,66.1,64.9,75.1,51.8
1975,7,16,69.700005,85.5,77.0,68.3,82.700005,63.3,59.600002,50.4,50.7
1975,8,16,69.0,93.6,74.700005,71.1,81.3,65.700005,61.9,59.0,43.600002
1975,9,16,67.3,78.4,85.6,72.0,78.0,72.1,44.0,58.0,40.9
1975,10,16,74.3,73.3,82.1,73.0,75.9,74.700005,49.7,58.5,37.100002
1975,11,16,49.7,57.9,,63.600002,68.700005,71.9,51.100002,60.100002,46.7
1975,12,16,57.4,,,62.100002,62.9,,55.100002,63.600002,
1976,1,16,,50.8,,59.2,49.8,59.7,38.100002,65.9,62.100002
1976,2,15,47.2,48.5,,67.700005,69.0,64.9,49.7,55.4,76.200005
1976,3,16,48.8,57.2,57.0,60.600002,60.0,58.5,30.800001,52.8,72.6
1976,4,16,,82.4,70.9,59.5,72.0,68.3,54.9,56.4,62.600002
1976,5,16,62.5,87.4,70.3,58.8,65.4,58.600002,51.5,65.6,63.9
1976,6,16,60.8,92.700005,81.6,69.5,73.8,66.700005,52.0,52.7,52.7
1976,7,16,63.4,84.8,83.5,63.100002,76.5,68.1,69.9,57.3,51.9
1976,8,16,62.8,75.6,85.4,61.2,69.6,61.100002,47.2,63.7,41.8
1976,9,16,68.200005,68.6,86.4,68.8,72.700005,67.4,46.600002,61.2,40.9
1976,10,16,73.200005,71.4,81.5,72.8,77.200005,75.3,55.9,62.8,36.600002
1976,11,16,53.4,58.7,,65.9,68.9,71.5,,62.8,39.600002
1976,12,16,,50.2,,74.1,74.1,68.700005,42.0,60.100002,52.9
1977,1,16,,51.5,,70.3,67.5,,39.8,71.0,70.4
1977,2,15,51.5,52.0,,64.9,56.7,59.600002,51.9,65.700005,66.8
1977,3,16,50.0,62.0,,66.6,69.5,68.1,39.100002,68.1,60.7
1977,4,16,56.7,81.700005,77.8,67.200005,73.1,69.700005,42.600002,76.0,63.9
1977,5,16,64.9,86.3,74.5,68.4,77.5,66.8,53.3,78.8,63.5
1977,6,16,64.5,76.1,83.6,74.200005,81.5,69.0,63.600002,73.5,54.0
1977,7,16,67.5,75.6,83.8,69.4,81.9,73.6,65.3,60.9,53.100002
1977,8,16,66.200005,81.700005,85.8,70.4,76.5,67.1,48.5,70.700005,45.9
1977,9,16,67.200005,85.4,91.3,73.6,79.700005,69.6,47.7,53.7,39.9
1977,10,16,74.1,72.200005,,73.4,77.8,76.1,52.3,57.100002,38.5
1977,11,16,55.0,55.600002,,75.9,73.4,67.0,59.0,61.600002,50.600002
1977,12,16,,24.1,,66.8,67.9,66.4,61.7,58.9,61.9
1978,1,16,,49.9,,61.0,50.9,61.7,42.4,66.6,70.6
1978,2,15,,35.9,60.5,64.9,60.5,62.5,51.3,70.200005,71.5
1978,3,16,52.8,65.1,56.8,67.5,68.5,69.200005,39.2,71.3,74.3
1978,4,16,52.7,77.700005,67.0,58.600002,68.1,62.7,59.100002,67.4,64.6
1978,5,16,64.3,75.8,71.6,52.600002,65.0,60.3,51.0,84.8,62.7
1978,6,16,67.200005,81.3,83.3,67.8,74.5,65.200005,51.600002,73.1,48.3
1978,7,16,64.9,77.6,79.0,65.4,76.6,71.6,64.1,61.600002,51.9
1978,8,16,67.3,82.1,85.5,75.5,83.8,71.4,63.9,61.2,46.5
1978,9,16,70.9,79.9,96.700005,74.4,78.700005,76.0,42.0,54.8,34.8
1978,10,16,71.8,79.4,82.1,75.3,76.9,73.5,50.8,55.100002,38.600002
1978,11,16,53.4,58.3,,59.3,65.700005,67.3,58.600002,53.7,47.100002
1978,12,16,57.4,14.400001,,62.600002,63.600002,62.7,56.3,62.9,55.100002
1979,1,16,,42.4,,62.5,55.600002,62.100002,44.100002,65.3,65.3
1979,2,15,,57.0,,63.7,66.1,61.2,47.3,67.3,71.5
1979,3,16,52.0,54.7,50.9,71.3,75.5,73.8,32.2,72.8,73.200005
1979,4,16,54.7,89.8,66.4,65.0,75.6,73.8,53.7,72.3,66.200005
1979,5,16,64.6,75.3,70.700005,67.1,76.9,69.9,53.600002,65.9,54.2
1979,6,16,58.8,80.4,77.0,73.1,80.6,66.1,52.2,72.5,49.2
1979,7,16,61.100002,92.700005,75.4,62.100002,76.4,76.200005,67.1,64.4,47.2
1979,8,16,67.8,93.1,82.6,70.1,82.8,73.4,62.100002,63.9,44.0
1979,9,16,73.8,81.3,90.1,74.8,80.9,73.1,45.8,44.8,39.100002
1979,10,16,79.5,79.1,82.700005,72.8,73.200005,70.6,50.600002,59.2,38.2
1979,11,16,,55.5,,72.4,74.3,69.5,55.600002,62.2,34.4
1979,12,16,,18.7,,70.200005,67.3,63.3,53.0,62.100002,58.2
1980,1,16,,51.4,,60.9,54.600002,61.100002,39.0,64.5,69.1
1980,2,15,47.5,52.0,,59.9,62.0,61.7,36.100002,51.2,75.3
1980,3,16,52.100002,64.1,61.600002,53.7,61.2,62.0,23.7,70.6,71.4
1980,4,16,59.0,86.9,70.8,65.6,77.1,67.1,49.2,68.8,63.5
1980,5,16,64.4,84.0,73.6,68.4,74.5,62.100002,50.8,76.6,65.200005
1980,6,16,56.3,92.6,83.6,63.9,74.9,69.5,52.600002,80.700005,47.9
1980,7,16,71.700005,90.4,82.8,58.2,66.700005,64.8,62.600002,65.1,52.7
1980,8,16,70.0,81.1,79.4,65.4,78.8,75.200005,47.3,59.600002,43.7
1980,9,16,71.4,75.4,93.200005,70.3,78.0,76.200005,43.600002,48.4,39.7
1980,10,16,72.3,,84.8,73.3,74.9,73.0,47.9,64.4,39.5
1980,11,16,55.7,58.5,,61.100002,63.9,68.4,57.9,62.9,46.4
1980,12,16,57.4,48.3,,61.8,62.9,65.0,51.2,56.5,53.100002
1981,1,16,,49.3,,63.2,54.5,61.7,36.8,58.2,66.3
1981,2,15,,51.2,62.0,57.100002,57.7,62.5,45.3,45.2,69.0
1981,3,16,50.0,63.3,56.4,59.8,58.5,62.8,39.5,73.1,71.9
1981,4,16,55.3,88.1,77.9,62.3,75.0,65.1,51.8,60.8,66.0
1981,5,16,62.4,83.200005,67.4,56.3,60.3,55.100002,48.5,81.200005,64.5
1981,6,16,63.2,96.1,83.0,79.0,82.200005,74.3,48.8,73.8,42.0
1981,7,16,70.0,83.3,78.5,68.4,84.700005,73.6,61.600002,67.200005,47.100002
1981,8,16,71.4,85.3,71.9,81.3,86.4,72.0,46.4,56.7,44.0
1981,9,16,77.3,83.0,88.9,72.200005,75.9,71.4,51.8,62.9,41.0
1981,10,16,77.8,76.700005,82.8,77.700005,79.9,74.700005,49.600002,65.4,36.7
1981,11,16,53.4,61.0,,69.700005,67.700005,65.200005,55.0,58.100002,42.600002
1981,12,16,57.4,12.8,,66.4,67.4,64.1,43.3,67.8,51.600002
1982,1,16,,48.0,,67.1,53.5,62.3,36.0,65.8,64.6
1982,2,15,,52.100002,59.8,62.0,68.5,68.1,47.5,47.100002,74.9
1982,3,16,49.600002,66.9,57.8,64.6,75.0,72.700005,36.4,60.4,77.0
1982,4,16,56.7,79.1,74.4,61.0,75.4,68.5,54.7,60.3,64.1
1982,5,16,65.4,76.0,63.9,72.6,78.0,67.5,54.100002,64.700005,61.0
1982,6,16,64.0,90.0,79.8,73.5,79.0,64.8,49.7,71.5,43.3
1982,7,16,69.8,86.700005,78.3,61.7,78.8,65.9,61.2,55.600002,50.7
1982,8,16,71.200005,87.0,76.5,74.4,80.3,66.3,47.100002,66.700005,48.4
1982,9,16,73.1,77.4,94.700005,71.3,78.700005,71.700005,44.7,44.4,45.100002
1982,10,16,71.700005,73.200005,82.6,73.9,,,53.3,60.7,37.0
1982,11,16,51.0,56.8,,71.9,71.0,67.200005,60.100002,56.4,50.4
1982,12,16,57.4,48.4,,68.9,68.5,63.8,47.4,60.5,56.8
1983,1,16,,48.9,,66.3,59.5,63.100002,46.8,63.100002,65.3
1983,2,15,48.2,52.8,62.5,62.5,70.4,62.8,44.3,49.4,65.200005
1983,3,16,50.2,54.7,57.9,70.700005,69.200005,70.3,28.6,63.7,71.5
1983,4,16,56.4,78.8,70.1,71.4,80.4,74.0,50.4,73.6,69.8
1983,5,16,58.2,87.8,66.9,72.9,77.9,72.4,55.3,85.3,65.1
1983,6,16,54.8,81.6,76.1,73.1,82.0,69.9,65.9,71.0,52.9
1983,7,16,68.6,89.0,81.1,67.0,82.6,67.5,64.1,39.3,53.4
1983,8,16,70.200005,79.4,75.3,71.200005,83.0,66.700005,64.1,54.7,44.9
1983,9,16,66.4,76.9,87.0,74.5,80.700005,77.5,49.8,51.2,40.5
1983,10,16,70.4,74.5,83.3,74.1,76.8,73.4,51.4,49.600002,38.8
1983,11,16,52.7,60.4,,73.3,63.600002,69.1,56.100002,50.600002,40.9
1983,12,16,57.600002,24.9,,63.7,64.5,65.200005,61.100002,51.2,54.100002
1984,1,16,,47.2,,65.6,65.9,60.0,39.9,65.1,64.5
1984,2,15,48.5,35.0,,67.4,67.1,66.0,41.7,54.4,77.0
1984,3,16,50.0,54.100002,56.4,57.4,63.100002,62.2,38.2,49.7,70.700005
1984,4,16,56.4,77.1,71.700005,66.1,72.1,66.8,51.4,60.600002,67.200005
1984,5,16,57.100002,83.0,69.4,56.7,64.3,61.600002,56.5,89.700005,53.9
1984,6,16,60.100002,82.700005,77.6,70.8,78.5,73.700005,51.7,69.3,48.0
1984,7,16,68.9,91.0,72.200005,76.6,90.200005,74.6,71.6,53.7,51.3
1984,8,16,74.0,84.200005,76.9,71.3,83.700005,71.200005,61.100002,60.2,42.7
1984,9,16,67.1,80.1,86.1,69.3,75.4,78.3,48.4,64.700005,42.5
1984,10,16,73.5,77.9,84.1,78.5,80.6,74.1,53.2,53.600002,36.8
1984,11,16,51.7,65.200005,,65.8,69.8,69.5,57.5,58.3,49.3
1984,12,16,,16.2,,73.5,70.5,67.3,44.0,57.7,64.200005
1985,1,16,,41.7,,67.0,50.7,61.2,46.9,66.0,66.8
1985,2,15,47.8,63.9,,57.2,48.4,59.7,47.9,52.9,67.9
1985,3,16,47.7,71.200005,60.600002,69.700005,71.8,72.1,34.3,72.0,74.8
1985,4,16,53.7,96.700005,73.200005,56.9,65.5,66.0,58.0,64.8,60.600002
1985,5,16,62.5,75.1,67.1,68.200005,75.3,63.3,53.600002,79.0,65.4
1985,6,16,61.2,95.700005,75.3,71.8,75.200005,69.700005,52.9,75.8,51.5
1985,7,16,71.1,91.9,76.8,60.0,77.3,73.200005,67.9,49.8,48.9
1985,8,16,63.5,87.0,84.6,73.6,85.3,75.700005,62.600002,52.0,44.4
1985,9,16,69.200005,72.6,92.4,75.200005,81.8,74.1,43.7,40.100002,36.8
1985,10,16,75.700005,76.1,83.0,74.4,77.4,75.3,56.2,47.9,39.0
1985,11,16,49.3,56.3,,69.4,67.5,66.3,57.100002,64.8,39.600002
1985,12,16,57.7,40.9,,60.2,63.3,64.4,48.2,63.5,58.5
1986,1,16,,46.9,,69.3,67.6,62.9,42.4,66.9,61.600002
1986,2,15,49.8,64.3,,58.600002,60.4,60.7,40.4,57.600002,71.8
1986,3,16,49.100002,44.3,51.600002,77.8,77.200005,73.6,40.100002,64.5,71.5
1986,4,16,55.3,87.5,72.9,64.1,72.3,67.3,48.600002,80.1,66.4
1986,5,16,64.9,87.700005,71.0,72.700005,78.9,64.8,58.9,76.700005,64.9
1986,6,16,58.3,95.200005,81.8,66.1,75.5,63.3,51.7,63.9,53.7
1986,7,16,65.1,89.3,75.1,65.1,78.1,74.1,62.2,55.4,46.5
1986,8,16,72.8,84.6,78.0,75.5,83.6,76.700005,48.600002,61.600002,43.9
1986,9,16,62.600002,75.8,92.1,74.6,76.8,69.1,43.8,50.5,40.100002
1986,10,16,66.9,71.8,81.3,73.8,79.200005,74.9,,49.7,36.9
1986,11,16,50.3,64.3,,75.200005,74.5,68.4,55.3,49.7,39.2
1986,12,16,57.7,28.4,,68.9,69.0,66.5,56.600002,54.5,58.7
1987,1,16,49.100002,50.100002,62.4,66.4,47.3,60.7,48.0,67.1,56.9
1987,2,15,,38.7,75.700005,61.5,56.600002,60.8,49.0,76.1,71.5
1987,3,16,42.7,49.0,61.5,66.3,65.4,60.4,25.6,68.9,76.9
1987,4,16,53.0,54.8,66.4,59.600002,68.5,65.9,49.5,59.600002,67.200005
1987,5,16,60.100002,74.1,76.3,66.8,74.200005,68.4,47.0,80.6,60.3
1987,6,16,58.0,75.700005,81.9,75.9,82.8,80.0,54.4,81.3,42.4
1987,7,16,67.200005,89.0,76.6,67.0,79.3,72.0,51.5,62.5,39.2
1987,8,16,73.200005,74.0,74.700005,73.1,82.3,76.1,41.3,64.6,38.3
1987,9,16,71.6,81.0,78.3,79.200005,81.8,72.1,51.100002,48.100002,36.4
1987,10,16,74.200005,74.5,82.200005,76.0,81.8,75.8,56.3,70.3,40.0
1987,11,16,53.7,69.8,70.3,67.5,71.9,72.0,54.8,67.0,34.600002
1987,12,16,,58.0,,62.600002,61.8,64.200005,48.7,67.0,53.9
1988,1,16,49.3,63.7,,68.0,57.600002,64.6,49.2,72.0,63.9
1988,2,15,47.2,47.8,71.3,69.700005,63.2,67.200005,36.4,62.0,73.1
1988,3,16,49.8,,61.4,76.8,74.6,69.700005,14.5,73.1,64.4
1988,4,16,54.100002,66.5,70.4,55.7,68.1,65.8,35.5,69.3,57.4
1988,5,16,63.5,65.3,70.8,58.0,66.6,59.4,52.5,82.1,55.600002
1988,6,16,57.100002,98.1,79.9,68.0,72.8,62.100002,48.4,76.700005,43.3
1988,7,16,67.4,75.9,76.6,61.5,77.4,74.1,58.100002,53.5,48.600002
1988,8,16,68.700005,74.3,85.3,79.9,85.9,71.8,54.3,56.8,44.100002
1988,9,16,70.4,68.1,90.9,76.0,87.4,76.1,40.5,57.7,40.5
1988,10,16,73.4,,82.700005,72.9,76.8,75.700005,47.2,63.9,31.9
1988,11,16,60.7,71.9,69.200005,58.2,64.6,69.6,54.600002,57.0,30.1
1988,12,16,,56.9,,59.100002,60.9,63.5,54.2,61.4,54.4
1989,1,16,,66.4,,66.9,66.200005,63.4,52.3,51.7,
1989,2,15,50.7,46.5,70.0,62.4,66.700005,64.700005,40.600002,63.7,66.3
1989,3,16,46.8,54.8,63.8,76.6,78.4,74.200005,43.2,51.3,79.200005
1989,4,16,49.8,76.3,66.3,62.2,73.5,68.700005,51.8,84.1,58.4
1989,5,16,61.100002,74.3,72.9,67.1,75.9,63.2,44.2,59.600002,59.3
1989,6,16,56.600002,68.9,83.200005,64.8,,66.8,50.3,67.700005,44.600002
1989,7,16,61.7,73.9,80.5,72.6,85.4,67.3,65.4,64.5,
1989,8,16,63.9,69.6,89.5,65.700005,76.6,72.0,54.0,55.5,45.5
1989,9,16,71.0,72.6,96.0,69.4,84.0,82.0,47.7,58.4,37.100002
1989,10,16,69.0,69.8,82.3,73.6,80.9,75.6,45.600002,43.100002,37.0
1989,11,16,58.9,67.700005,69.200005,74.5,81.0,70.3,53.0,58.9,53.5
1989,12,16,57.4,50.0,,68.0,71.8,64.4,70.4,59.8,58.0
1990,1,16,,61.600002,62.4,65.0,57.8,63.2,53.600002,56.4,71.3
1990,2,15,48.5,51.8,70.3,74.4,72.9,68.200005,50.5,56.2,75.0
1990,3,16,46.4,68.0,64.6,64.9,70.8,70.1,36.9,54.7,61.7
1990,4,16,60.0,72.8,71.6,52.7,69.200005,71.6,27.6,77.9,65.200005
1990,5,16,57.9,66.0,73.0,70.700005,77.0,59.100002,41.100002,64.6,53.9
1990,6,16,58.3,72.3,73.700005,69.1,77.6,67.6,43.0,77.4,41.600002
1990,7,16,68.1,87.1,72.5,70.3,82.200005,73.6,58.3,47.7,45.600002
1990,8,16,73.5,61.9,79.6,69.4,82.3,72.3,45.9,50.7,43.8
1990,9,16,69.5,72.4,88.3,66.9,72.9,75.9,39.7,57.3,35.9
1990,10,16,73.1,73.200005,,71.8,76.4,73.1,44.0,60.5,37.9
1990,11,16,57.7,72.1,,63.9,65.6,66.1,56.3,62.9,38.3
1990,12,16,,56.3,,69.4,69.8,66.4,58.7,56.9,60.100002
1991,1,16,51.2,56.8,,63.3,58.0,61.600002,45.0,60.7,61.8
1991,2,15,49.5,58.5,74.4,56.100002,62.0,65.0,43.100002,49.7,79.5
1991,3,16,47.3,45.5,54.7,58.7,68.6,76.4,30.1,74.3,63.0
1991,4,16,51.3,49.5,76.0,52.5,66.1,64.0,34.100002,66.6,66.8
1991,5,16,61.100002,72.0,69.3,69.3,78.1,68.9,43.4,76.1,58.600002
1991,6,16,58.7,81.4,82.5,70.6,77.6,76.4,44.2,78.700005,36.2
1991,7,16,70.5,67.3,80.1,68.5,82.9,67.1,52.600002,50.600002,42.7
1991,8,16,70.700005,85.200005,89.3,69.6,79.6,70.6,46.4,46.100002,42.100002
1991,9,16,73.6,71.3,77.0,69.9,76.9,69.5,45.600002,55.4,41.2
1991,10,16,71.3,67.3,83.8,77.0,79.9,75.9,43.7,61.2,38.4
1991,11,16,56.7,71.0,67.1,74.5,75.700005,69.4,57.2,69.9,40.100002
1991,12,16,57.600002,56.9,,64.9,66.3,63.3,52.600002,51.5,59.4
1992,1,16,52.8,51.8,62.4,59.9,60.8,61.9,44.100002,61.7,69.8
1992,2,15,54.4,63.4,72.1,63.2,64.9,64.4,35.3,60.9,70.6
1992,3,16,49.9,61.7,59.5,72.8,77.200005,75.1,27.7,72.9,78.700005
1992,4,16,58.8,73.9,75.0,62.2,72.9,69.6,48.7,71.8,63.600002
1992,5,16,58.2,80.8,75.4,60.2,68.3,56.3,44.8,67.700005,61.8
1992,6,16,57.3,92.5,83.1,57.4,63.5,56.9,48.7,81.1,42.5
1992,7,16,63.9,65.200005,79.200005,71.5,84.4,71.3,59.600002,62.3,44.8
1992,8,16,63.5,76.1,71.9,78.4,89.200005,75.700005,53.5,50.600002,45.0
1992,9,16,74.700005,76.5,90.0,78.4,82.4,72.6,55.9,56.5,44.7
1992,10,16,68.700005,65.700005,83.9,69.6,72.200005,74.200005,45.7,75.4,37.2
1992,11,16,59.8,57.8,70.5,69.5,66.8,67.700005,54.4,69.6,38.600002
1992,12,16,,17.9,,70.1,69.700005,63.8,65.0,63.7,49.8
1993,1,16,53.3,69.0,62.4,63.9,61.0,64.1,58.2,64.3,64.1
1993,2,15,53.7,49.100002,72.6,59.4,65.200005,64.6,57.600002,53.4,69.200005
1993,3,16,46.8,50.8,63.600002,66.9,67.6,65.200005,39.600002,55.9,65.6
1993,4,16,51.7,68.5,72.700005,62.0,68.0,61.0,47.3,70.700005,52.3
1993,5,16,67.1,89.9,73.8,64.4,71.700005,58.7,51.3,74.1,62.7
1993,6,16,59.9,75.5,72.0,78.5,81.8,68.9,54.2,71.4,42.100002
1993,7,16,67.0,70.4,80.3,60.3,74.4,76.200005,57.100002,65.0,45.3
1993,8,16,71.9,74.1,85.9,77.9,89.700005,75.6,45.4,53.9,36.3
1993,9,16,67.200005,78.9,,69.200005,74.200005,69.8,45.9,69.6,39.8
1993,10,16,69.4,67.9,82.1,69.6,73.3,73.9,42.5,71.3,31.2
1993,11,16,,59.5,,72.0,71.200005,69.700005,53.2,63.600002,40.4
1993,12,16,57.3,27.7,,74.6,75.5,66.0,46.4,65.3,54.600002
1994,1,16,,46.3,62.4,62.9,54.0,61.600002,60.8,68.0,63.4
1994,2,15,,66.4,72.8,57.7,54.100002,62.100002,57.5,73.1,65.4
1994,3,16,49.100002,34.7,59.4,67.8,68.4,66.4,18.5,62.7,63.2
1994,4,16,52.7,71.3,67.8,67.8,77.4,67.1,41.600002,77.6,64.9
1994,5,16,59.8,83.5,73.8,66.6,73.3,61.5,45.3,83.1,63.2
1994,6,16,60.8,81.4,77.6,74.5,82.1,72.8,49.8,69.6,48.9
1994,7,16,60.7,65.9,74.8,58.100002,73.200005,59.0,56.600002,55.0,50.7
1994,8,16,67.1,82.8,82.0,62.0,73.6,70.4,54.8,58.7,49.7
1994,9,16,73.1,76.3,88.5,65.8,72.700005,72.1,48.0,69.0,43.100002
1994,10,16,77.1,,83.5,69.5,75.200005,72.8,44.8,55.8,37.0
1994,11,16,,56.7,68.1,68.0,69.3,67.4,59.5,72.700005,32.100002
1994,12,16,,55.5,,72.6,71.6,64.5,61.0,63.5,66.5
1995,1,16,49.9,68.8,62.4,70.700005,69.6,59.3,42.9,64.200005,65.5
1995,2,15,54.2,42.9,64.9,69.5,70.1,64.200005,41.2,67.9,62.3
1995,3,16,50.5,75.6,59.600002,76.9,76.9,74.6,40.8,57.9,78.1
1995,4,16,60.9,41.2,65.6,53.600002,69.200005,71.9,55.9,74.200005,68.9
1995,5,16,54.9,68.8,73.4,67.1,75.0,69.4,60.100002,75.0,61.4
1995,6,16,57.9,76.8,82.0,70.200005,80.8,76.6,50.600002,78.0,46.9
1995,7,16,69.3,67.3,76.0,67.4,71.8,64.5,61.100002,50.3,65.700005
1995,8,16,75.8,61.7,75.9,69.8,73.4,67.3,52.2,67.5,42.5
1995,9,16,69.3,74.200005,96.3,62.100002,68.700005,73.0,42.600002,66.4,37.8
1995,10,16,74.200005,74.4,84.3,71.1,76.3,74.9,49.600002,49.600002,39.600002
1995,11,16,50.600002,75.200005,69.200005,61.4,66.4,68.200005,52.5,59.100002,39.4
1995,12,16,57.4,52.4,,64.4,69.8,59.7,56.9,63.2,48.8
1996,1,16,,53.4,,68.700005,65.9,58.4,45.7,70.8,68.200005
1996,2,15,,53.3,70.9,60.0,61.3,56.0,27.800001,64.6,83.3
1996,3,16,47.4,33.0,62.5,54.8,63.9,59.3,57.7,64.1,70.700005
1996,4,16,,43.600002,67.1,64.9,73.9,60.9,36.3,65.9,63.3
1996,5,16,62.2,71.1,73.700005,58.2,68.4,71.6,45.8,80.4,56.5
1996,6,16,57.4,67.8,79.6,73.700005,77.5,74.8,52.2,64.6,51.5
1996,7,16,65.8,81.700005,74.0,69.6,83.0,72.700005,41.4,60.4,38.2
1996,8,16,75.6,82.1,91.4,54.9,67.3,61.5,49.9,66.9,45.3
1996,9,16,74.9,83.200005,93.8,71.0,76.6,63.0,50.2,58.600002,39.5
1996,10,16,68.8,75.6,81.9,78.9,80.9,76.3,45.5,67.3,43.0
1996,11,16,,68.6,68.0,79.200005,74.1,68.9,61.100002,67.3,46.8
1996,12,16,57.4,26.9,,68.0,68.0,63.8,57.4,66.200005,45.7
1997,1,16,52.600002,64.0,62.4,66.700005,69.3,62.2,60.8,70.200005,54.4
1997,2,15,50.4,55.5,68.0,65.0,63.5,61.7,,54.5,51.3
1997,3,16,50.0,47.7,56.600002,63.7,66.8,67.3,30.0,53.8,72.9
1997,4,16,51.0,66.8,71.4,54.8,64.9,64.3,26.9,46.0,61.5
1997,5,16,64.8,61.8,72.9,73.200005,73.700005,64.200005,51.9,65.200005,61.600002
1997,6,16,63.100002,78.3,80.200005,62.8,75.0,64.8,57.0,84.1,50.100002
1997,7,16,69.700005,67.8,77.5,65.1,81.1,55.2,44.600002,65.3,42.3
1997,8,16,72.8,56.600002,91.200005,64.9,66.3,63.9,55.4,57.0,44.0
1997,9,16,72.200005,81.6,89.5,79.0,77.200005,69.1,37.100002,33.3,40.100002
1997,10,16,73.200005,71.200005,84.700005,81.3,77.4,73.6,42.4,52.5,49.0
1997,11,16,61.100002,65.3,72.4,74.700005,74.5,72.200005,51.7,64.4,50.2
1997,12,16,57.600002,57.600002,,72.6,73.9,74.1,54.4,68.3,58.3
1998,1,16,51.9,57.7,,72.700005,65.9,65.8,40.7,61.9,60.0
1998,2,15,54.0,45.600002,71.700005,69.6,67.5,67.4,50.100002,34.9,70.4
1998,3,16,49.4,38.0,59.8,62.8,65.200005,68.6,17.9,57.0,66.3
1998,4,16,52.3,61.600002,69.700005,60.2,68.3,71.8,45.9,79.4,65.4
1998,5,16,55.5,66.4,73.0,73.6,73.9,60.100002,48.8,62.4,63.4
1998,6,16,62.5,65.200005,81.4,74.8,82.200005,80.9,52.2,67.4,45.600002
1998,7,16,67.0,76.200005,76.5,70.200005,82.700005,78.4,38.600002,62.5,36.5
1998,8,16,71.3,69.6,81.5,81.700005,92.8,80.700005,36.100002,52.0,45.8
1998,9,16,71.200005,82.6,98.4,80.200005,80.200005,72.3,46.5,67.200005,39.7
1998,10,16,73.200005,66.3,80.8,80.6,83.1,75.3,46.4,69.5,32.100002
1998,11,16,60.9,67.200005,70.5,81.4,77.0,73.0,55.8,59.8,24.800001
1998,12,16,,57.2,,71.9,69.5,62.600002,57.8,57.600002,49.3
1999,1,16,52.600002,57.0,62.4,72.1,75.4,66.8,50.5,62.3,62.600002
1999,2,15,51.7,35.100002,70.4,70.3,73.200005,69.0,35.4,65.5,68.5
1999,3,16,51.8,39.2,57.4,73.3,75.700005,75.4,21.7,64.0,71.6
1999,4,16,52.0,55.0,68.700005,61.100002,73.4,70.0,52.9,73.6,55.0
1999,5,16,64.9,72.3,70.0,63.2,65.9,62.0,46.600002,78.700005,61.3
1999,6,16,60.4,74.4,81.6,66.200005,77.1,72.3,42.7,72.700005,36.5
1999,7,16,70.200005,66.6,75.8,69.8,86.0,71.0,38.4,57.100002,41.4
1999,8,16,76.1,74.8,89.0,73.4,83.0,64.4,52.4,71.3,44.600002
1999,9,16,67.5,78.1,88.0,67.4,69.8,69.700005,48.7,54.2,37.100002
1999,10,16,74.4,73.5,82.0,80.4,80.3,74.4,49.100002,63.100002,29.2
1999,11,16,60.7,67.1,70.9,80.5,83.6,72.4,54.2,65.0,47.600002
1999,12,16,57.4,59.3,,71.4,71.700005,66.4,56.2,64.200005,43.2
2000,1,16,52.600002,59.100002,62.0,66.200005,69.6,63.4,51.2,57.3,61.8
2000,2,15,54.100002,41.0,65.200005,66.9,74.8,70.1,46.0,64.1,56.5
2000,3,16,51.4,36.100002,52.5,73.1,76.6,64.9,17.5,63.600002,57.7
2000,4,16,51.2,64.1,71.1,70.5,77.3,72.1,35.100002,70.6,50.8
2000,5,16,62.0,82.9,69.5,63.7,75.6,68.4,47.100002,72.4,51.2
2000,6,16,59.4,88.200005,81.5,76.200005,85.1,75.8,53.8,56.0,41.7
2000,7,16,65.1,80.3,77.9,64.5,79.0,76.6,38.5,66.0,53.2
2000,8,16,73.8,75.700005,72.9,75.4,87.200005,73.4,47.0,52.8,47.9
2000,9,16,72.3,85.1,83.4,66.3,72.200005,60.100002,39.100002,47.600002,36.5
2000,10,16,71.0,72.5,82.700005,79.0,79.200005,77.6,52.9,72.3,28.300001
2000,11,16,62.8,57.8,67.1,85.8,84.9,77.8,55.5,66.1,43.100002
2000,12,16,57.600002,57.600002,,76.200005,74.9,75.4,67.700005,65.0,56.0
2001,1,16,52.600002,51.2,62.4,76.8,71.3,71.200005,52.9,70.0,61.8
2001,2,15,53.3,49.600002,65.6,59.7,63.4,55.100002,43.8,58.5,53.0
2001,3,16,53.0,46.5,53.9,52.5,56.600002,65.700005,29.1,80.0,51.3
2001,4,16,54.9,74.9,70.700005,60.7,67.5,65.4,40.5,74.3,60.0
2001,5,16,67.1,77.9,67.6,71.8,78.8,67.9,43.8,65.9,48.0
2001,6,16,60.600002,85.9,71.700005,66.9,78.200005,67.9,47.8,64.200005,44.7
2001,7,16,69.8,62.3,74.9,69.200005,84.200005,72.9,42.9,55.3,49.2
2001,8,16,69.3,72.0,71.200005,74.3,85.4,75.6,43.7,52.100002,38.100002
2001,9,16,69.1,78.8,94.4,75.200005,81.200005,78.1,49.2,67.700005,38.2
2001,10,16,76.0,72.9,82.3,81.5,85.0,77.9,49.600002,48.7,31.300001
2001,11,16,62.4,59.600002,70.3,72.3,75.1,,51.100002,57.2,35.9
2001,12,16,57.600002,57.7,,73.0,74.0,73.3,51.100002,51.3,63.600002
2002,1,16,53.7,49.3,61.600002,65.4,61.3,70.0,48.8,56.3,60.4
2002,2,15,49.8,51.100002,71.700005,71.4,75.0,66.8,39.4,69.1,66.700005
2002,3,16,46.7,42.2,63.2,63.7,65.9,64.9,35.600002,49.9,58.7
2002,4,16,54.7,61.600002,73.4,64.8,76.200005,67.8,38.100002,65.3,65.200005
2002,5,16,56.4,72.700005,70.200005,61.3,65.200005,54.4,41.3,78.5,53.4
2002,6,16,59.2,73.700005,72.4,58.2,69.9,64.200005,55.100002,61.3,40.5
2002,7,16,68.5,73.5,80.1,68.0,76.6,69.0,40.8,61.9,41.100002
2002,8,16,75.6,79.9,85.4,62.5,67.9,54.5,44.3,68.0,46.9
2002,9,16,68.700005,70.9,99.0,75.8,80.3,68.200005,37.600002,60.5,39.7
2002,10,16,72.1,74.200005,82.4,77.4,70.4,72.9,45.3,62.7,36.0
2002,11,16,60.9,64.700005,66.1,71.9,69.9,71.700005,56.7,73.8,32.7
2002,12,16,57.600002,52.9,,66.3,69.5,62.5,54.2,73.200005,67.200005
2003,1,16,,60.100002,62.2,68.1,65.1,62.8,45.8,65.3,61.7
2003,2,15,52.2,34.7,69.3,70.0,70.700005,66.700005,39.7,45.3,76.6
2003,3,16,53.4,44.3,62.8,69.6,75.4,70.9,24.0,38.4,69.8
2003,4,16,51.600002,54.7,77.1,49.100002,60.9,61.100002,43.100002,59.8,61.2
2003,5,16,66.4,68.700005,74.4,71.0,76.200005,69.4,51.9,71.9,63.3
2003,6,16,60.9,87.4,72.3,69.700005,76.9,70.200005,50.7,50.8,47.7
2003,7,16,65.5,61.100002,81.1,55.3,65.4,59.9,50.9,51.3,40.8
2003,8,16,70.9,74.700005,81.700005,80.1,87.0,73.4,,41.0,45.9
2003,9,16,72.6,74.4,88.1,66.3,73.1,69.9,46.3,39.5,43.600002
2003,10,16,72.5,72.6,85.3,79.200005,76.8,72.5,50.3,63.600002,32.4
2003,11,16,60.7,69.3,70.1,78.1,75.3,72.4,52.0,60.8,48.100002
2003,12,16,57.600002,59.2,,62.9,65.200005,63.9,42.8,58.100002,63.4
2004,1,16,51.9,57.600002,62.4,75.4,73.9,69.5,58.3,72.5,69.700005
2004,2,15,52.600002,64.6,67.3,62.3,68.9,66.0,44.0,59.8,58.0
2004,3,16,49.8,44.2,57.0,70.700005,72.8,66.0,26.9,62.0,54.100002
2004,4,16,50.4,42.3,71.4,49.7,60.0,64.3,45.600002,66.5,63.4
2004,5,16,61.8,65.1,71.200005,72.0,74.8,61.7,46.8,69.6,57.8
2004,6,16,56.600002,95.9,77.1,74.4,81.4,66.9,46.5,68.700005,44.9
2004,7,16,66.9,69.6,81.0,65.0,81.0,70.5,43.5,59.5,42.600002
2004,8,16,66.4,66.1,90.5,73.6,81.0,69.0,40.9,63.0,37.7
2004,9,16,71.5,83.700005,93.6,77.1,84.0,74.1,46.100002,48.600002,35.600002
2004,10,16,75.0,74.4,84.0,74.9,75.8,74.9,38.3,70.1,38.4
2004,11,16,62.600002,54.600002,72.1,73.4,76.0,,58.100002,64.0,36.5
2004,12,16,57.600002,57.5,,68.9,69.6,64.700005,59.9,65.1,53.4
2005,1,16,53.7,55.600002,,77.5,78.6,67.6,50.100002,56.5,58.5
2005,2,15,56.7,46.4,62.600002,63.4,67.700005,70.0,35.600002,62.100002,74.6
2005,3,16,51.3,34.2,59.4,61.5,65.1,58.600002,13.7,56.100002,70.700005
2005,4,16,54.5,51.8,65.3,64.3,70.6,60.2,36.2,71.3,60.0
2005,5,16,67.3,65.3,70.8,66.9,76.200005,68.5,50.600002,68.3,72.0
2005,6,16,62.5,83.1,74.1,71.200005,82.700005,71.4,49.3,57.0,42.4
2005,7,16,73.0,85.5,77.8,59.5,71.3,62.4,37.2,60.0,48.4
2005,8,16,74.6,74.200005,87.0,75.0,84.6,74.5,50.7,67.200005,42.8
2005,9,16,77.200005,70.8,87.0,70.700005,79.4,70.1,42.0,53.9,37.7
2005,10,16,74.1,76.4,86.4,77.0,77.200005,73.9,43.9,56.0,37.2
2005,11,16,,72.9,69.8,81.6,79.9,72.8,59.600002,60.5,36.5
2005,12,16,,46.3,,71.700005,72.8,72.6,52.3,61.3,53.0
2006,1,16,,61.9,,74.0,69.0,63.5,48.600002,55.100002,72.200005
2006,2,15,,41.100002,65.200005,61.2,66.5,70.3,49.7,68.4,70.9
2006,3,16,52.0,34.8,54.3,51.600002,52.600002,56.600002,17.4,70.3,70.3
2006,4,16,,54.4,61.2,61.9,72.5,69.8,42.100002,69.3,57.3
2006,5,16,66.3,67.9,74.8,63.4,69.700005,63.3,51.3,79.9,52.7
2006,6,16,55.600002,76.6,78.200005,69.700005,73.200005,65.700005,44.0,55.0,41.600002
2006,7,16,67.200005,73.9,79.4,67.1,78.4,61.0,45.600002,41.3,45.100002
2006,8,16,72.3,81.6,82.8,57.0,63.2,64.5,49.7,75.4,47.100002
2006,9,16,68.700005,79.9,96.1,78.6,83.9,71.0,41.3,48.2,41.0
2006,10,16,73.5,72.1,83.6,79.0,78.4,76.700005,51.3,53.600002,35.0
2006,11,16,,75.8,67.700005,76.3,80.1,68.5,54.5,57.4,49.5
2006,12,16,57.600002,53.7,,76.9,74.200005,65.4,60.600002,56.600002,55.9
2007,1,16,,52.4,,68.0,69.6,65.200005,46.100002,68.1,54.600002
2007,2,15,,47.9,69.5,61.3,61.5,73.1,42.7,60.2,56.0
2007,3,16,51.100002,44.3,56.4,65.200005,68.0,,33.3,55.7,63.9
2007,4,16,,54.100002,72.1,58.9,72.5,61.7,31.7,44.7,54.100002
2007,5,16,62.600002,75.5,72.9,70.700005,79.1,68.0,54.3,73.9,63.2
2007,6,16,60.5,72.8,77.9,67.3,74.1,57.7,52.100002,73.700005,42.3
2007,7,16,70.6,80.4,82.1,69.5,77.1,73.9,42.8,61.100002,40.5
2007,8,16,71.4,60.600002,89.0,71.700005,84.1,67.3,42.4,64.9,41.0
2007,9,16,72.4,79.5,95.3,75.0,82.5,71.8,38.600002,49.8,38.3
2007,10,16,74.4,76.700005,86.700005,76.0,81.200005,74.6,46.2,53.7,29.4
2007,11,16,,61.3,66.9,79.3,79.200005,74.3,52.0,60.0,44.9
2007,12,16,57.4,50.2,,75.4,75.8,67.0,58.100002,58.9,58.5
2008,1,16,,57.100002,,72.1,72.5,69.4,43.100002,59.0,73.1
2008,2,15,,45.3,69.6,66.9,74.200005,68.9,,36.5,69.0
2008,3,16,50.4,42.600002,59.9,70.5,70.3,66.3,28.4,68.4,54.8
2008,4,16,,65.9,70.200005,59.4,74.9,63.3,38.600002,77.5,67.0
2008,5,16,67.4,66.8,73.200005,68.6,75.8,61.0,43.8,70.6,59.600002
2008,6,16,60.0,70.200005,81.3,73.700005,80.3,64.700005,43.100002,75.3,47.0
2008,7,16,70.5,66.9,84.1,68.0,77.3,58.100002,40.9,58.5,44.9
2008,8,16,80.8,77.3,91.3,78.200005,82.9,75.6,47.8,57.100002,45.2
2008,9,16,74.9,85.5,84.700005,70.200005,75.1,70.8,49.5,61.2,39.4
2008,10,16,72.1,76.1,85.1,77.700005,80.5,75.5,45.0,61.100002,41.600002
2008,11,16,,70.4,66.6,74.1,71.3,68.200005,55.2,61.5,44.0
2008,12,16,,53.100002,,75.4,73.3,65.700005,53.9,63.2,59.8
2009,1,16,,54.8,62.4,74.8,74.4,66.5,53.100002,64.9,62.9
2009,2,15,,46.8,68.9,64.3,66.8,63.2,41.5,64.5,64.4
2009,3,16,52.3,55.0,58.2,65.3,70.9,68.9,22.9,68.3,66.3
2009,4,16,,56.7,71.4,55.4,70.5,63.600002,52.7,63.100002,65.6
2009,5,16,59.100002,77.200005,68.5,64.6,70.1,58.9,49.9,66.3,54.7
2009,6,16,66.700005,65.6,79.5,71.200005,76.200005,68.3,54.2,70.200005,46.8
2009,7,16,69.3,66.700005,72.4,67.8,79.700005,75.1,42.8,60.5,36.100002
2009,8,16,73.4,70.200005,77.0,65.200005,75.1,69.5,48.9,47.3,36.2
2009,9,16,70.200005,77.1,88.0,71.9,82.9,71.6,52.7,48.0,35.2
2009,10,16,76.3,76.4,82.700005,70.1,72.6,74.700005,51.5,59.8,35.5
2009,11,16,,67.700005,69.3,84.1,82.700005,72.6,56.4,67.700005,54.4
2009,12,16,,47.7,,69.6,71.6,75.3,56.7,66.0,53.8
2010,1,16,,54.100002,62.4,75.5,76.200005,67.1,57.5,72.200005,61.3
2010,2,15,,47.4,69.700005,64.0,66.200005,67.9,39.0,66.700005,77.5
2010,3,16,50.4,35.600002,52.8,63.9,,63.5,32.7,63.5,58.0
2010,4,16,,52.600002,63.9,66.1,73.700005,62.8,38.100002,55.5,62.8
2010,5,16,60.5,72.4,72.700005,65.1,74.0,68.1,51.100002,89.3,68.4
2010,6,16,66.1,79.700005,80.6,71.700005,84.0,69.4,48.600002,72.8,52.8
2010,7,16,69.3,57.0,80.3,67.9,82.8,70.4,37.0,50.3,43.9
2010,8,16,74.700005,86.6,84.4,74.700005,82.9,76.1,47.5,70.700005,45.4
2010,9,16,69.8,77.200005,100.0,,75.4,64.5,41.600002,52.2,45.2
2010,10,16,76.1,72.0,83.4,80.0,80.700005,74.1,45.5,61.100002,
2010,11,16,,60.4,69.1,77.3,74.200005,70.4,55.7,67.6,36.2
2010,12,16,57.4,50.7,,67.8,69.9,66.1,49.5,66.8,49.5
2011,1,16,,56.2,62.4,78.700005,76.1,67.9,42.2,63.8,55.8
2011,2,15,,44.5,69.5,52.3,57.7,59.7,43.2,55.7,79.6
2011,3,16,47.600002,54.5,64.0,53.9,62.0,57.9,19.1,49.2,69.700005
2011,4,16,,61.4,75.1,,73.700005,60.3,28.2,43.600002,61.3
2011,5,16,57.3,66.8,64.1,70.1,77.8,65.4,44.4,55.600002,56.600002
2011,6,16,66.3,85.8,81.1,68.200005,79.0,69.200005,51.7,80.0,41.7
2011,7,16,68.4,70.6,78.200005,65.8,80.200005,71.6,45.100002,65.9,
2011,8,16,74.6,76.3,83.200005,72.1,85.4,73.200005,45.100002,48.3,42.600002
2011,9,16,75.1,82.8,88.700005,79.1,86.5,73.5,37.5,41.600002,42.600002
2011,10,16,75.5,72.9,83.5,77.9,81.200005,74.1,42.600002,46.100002,47.600002
2011,11,16,,64.8,69.0,79.1,79.200005,67.8,58.2,61.0,47.9
2011,12,16,57.600002,45.5,,79.3,76.8,67.700005,56.4,65.5,59.2
2012,1,16,,59.3,61.4,73.4,67.4,59.9,39.4,66.8,61.2
2012,2,15,,45.8,63.3,65.4,69.9,64.6,26.1,53.5,74.8
2012,3,16,52.100002,46.8,54.3,66.3,73.8,67.0,19.300001,40.4,71.9
2012,4,16,,80.8,67.200005,63.2,72.1,67.9,43.4,77.200005,65.5
2012,5,16,62.9,62.3,74.5,63.0,67.4,62.4,47.0,66.6,60.100002
2012,6,16,58.100002,70.6,76.4,75.6,86.6,73.0,45.5,70.200005,47.600002
2012,7,16,69.200005,69.1,73.4,68.9,82.9,75.3,45.5,61.9,38.0
2012,8,16,68.9,87.200005,84.1,66.0,77.8,72.1,57.9,48.600002,45.4
2012,9,16,70.4,72.6,86.700005,76.1,82.5,71.700005,43.9,53.4,40.0
2012,10,16,73.9,76.9,82.6,81.3,80.3,76.4,56.9,63.3,37.100002
2012,11,16,,66.700005,66.8,83.5,79.200005,71.8,59.0,61.0,42.3
2012,12,16,57.3,46.7,,71.6,70.1,73.6,58.100002,63.9,55.0
2013,1,16,,51.8,62.4,79.0,76.3,70.9,57.4,72.8,58.9
2013,2,15,,26.0,68.1,74.8,79.8,74.700005,48.100002,69.1,68.700005
2013,3,16,50.8,45.4,49.600002,50.7,55.8,53.3,35.2,74.4,56.600002
2013,4,16,,52.7,64.9,60.100002,70.5,60.0,37.7,73.700005,66.4
2013,5,16,58.600002,77.5,70.1,50.7,64.200005,59.600002,56.9,88.9,59.2
2013,6,16,55.4,82.5,74.1,68.5,79.1,70.200005,59.9,71.5,37.600002
2013,7,16,67.3,93.3,74.200005,66.0,74.1,61.9,43.600002,41.9,35.2
2013,8,16,71.3,72.1,80.8,63.100002,71.200005,63.9,53.9,50.3,52.7
2013,9,16,72.9,81.5,94.6,72.200005,79.6,64.6,44.3,57.100002,36.0
2013,10,16,77.6,68.8,82.9,73.4,73.3,73.1,49.8,67.700005,38.7
2013,11,16,,61.2,67.4,75.200005,71.700005,69.3,54.600002,67.1,52.600002
2013,12,16,57.4,47.7,,66.8,67.3,66.0,58.0,54.8,59.100002
2014,1,16,,56.4,62.4,80.4,71.6,66.0,54.0,71.200005,57.7
2014,2,15,,52.2,66.4,84.5,72.200005,73.3,47.3,65.0,76.200005
2014,3,16,48.100002,41.3,58.5,69.0,70.3,65.1,28.800001,47.2,82.4
2014,4,16,,52.2,77.200005,63.4,70.8,59.4,44.2,66.1,70.700005
2014,5,16,63.5,69.4,70.4,60.2,69.700005,64.200005,52.8,77.3,67.0
2014,6,16,61.0,82.9,79.1,72.200005,77.0,67.9,50.4,59.2,41.3
2014,7,16,72.5,92.700005,77.5,59.8,72.8,61.8,40.3,70.0,45.100002
2014,8,16,74.200005,63.5,88.1,72.3,82.3,69.0,44.4,75.3,41.2
2014,9,16,71.4,74.1,95.8,69.9,75.8,64.5,41.3,55.3,38.8
2014,10,16,77.1,73.3,84.200005,74.200005,76.9,76.6,50.7,60.3,46.8
2014,11,16,,54.7,65.8,79.5,76.200005,74.1,55.0,66.3,58.3
2014,12,16,,47.3,,71.8,75.0,68.200005,53.600002,67.3,57.3
2015,1,16,,55.600002,62.4,84.9,74.0,67.0,55.4,70.4,61.5
2015,2,15,,33.100002,69.4,65.5,67.3,68.200005,43.100002,61.7,75.8
2015,3,16,49.5,36.9,61.100002,68.200005,70.3,61.5,30.2,57.3,69.4
2015,4,16,,54.0,67.6,70.4,76.700005,62.600002,34.0,51.5,64.0
2015,5,16,56.2,70.1,69.9,67.5,75.200005,69.6,50.5,78.1,64.9
2015,6,16,62.8,84.8,79.200005,73.4,80.700005,69.3,52.3,65.6,42.100002
2015,7,16,71.5,80.3,77.6,74.1,84.200005,70.6,40.5,43.9,52.5
2015,8,16,75.1,70.1,90.5,67.6,76.5,60.4,42.9,53.600002,51.7
2015,9,16,74.5,69.9,90.5,74.4,79.0,71.8,52.4,60.5,33.100002
2015,10,16,76.0,75.700005,83.9,72.1,72.9,73.5,48.3,61.9,49.0
2015,11,16,,57.3,68.4,84.8,76.700005,67.6,58.100002,52.5,55.8
2015,12,16,,50.8,,63.3,65.1,65.3,58.600002,56.4,56.8
2016,1,16,,57.7,,84.8,70.3,68.0,48.100002,71.3,63.8
2016,2,15,,41.100002,65.8,75.4,74.6,67.1,46.3,73.9,54.100002
2016,3,16,50.8,45.2,55.4,70.4,74.200005,69.700005,35.7,62.2,74.700005
2016,4,16,,50.3,66.8,66.200005,77.4,68.200005,50.600002,74.6,72.4
2016,5,16,61.9,78.4,68.8,53.100002,64.1,60.5,53.600002,79.1,64.5
2016,6,16,61.5,76.700005,74.5,72.3,79.4,65.8,54.4,79.700005,47.2
2016,7,16,69.9,79.9,77.3,67.6,78.200005,66.0,48.5,55.8,
2016,8,16,71.4,78.0,83.4,72.4,81.200005,71.4,53.5,49.9,46.2
2016,9,16,70.4,72.9,92.1,75.4,79.700005,69.4,40.9,41.2,34.9
2016,10,16,76.0,79.3,84.4,79.200005,77.8,,59.7,67.700005,42.8
2016,11,16,,65.700005,68.200005,82.1,80.3,74.200005,56.3,67.6,45.3
2016,12,16,,45.9,,64.5,67.0,65.0,63.4,54.100002,57.0
2017,1,16,,47.4,61.4,85.4,76.3,65.6,57.100002,61.0,
2017,2,15,,42.100002,67.6,77.8,78.3,72.5,48.8,62.3,73.8
2017,3,16,52.9,39.4,64.0,64.1,66.6,65.9,20.6,50.3,72.0
2017,4,16,,53.5,71.8,61.100002,71.700005,65.5,36.9,56.2,64.3
2017,5,16,65.6,80.8,66.4,69.700005,74.8,61.7,50.600002,64.6,58.100002
2017,6,16,60.9,74.200005,77.1,70.6,77.6,69.3,51.2,60.2,52.2
2017,7,16,66.1,76.5,76.9,64.3,77.4,69.4,43.5,60.100002,47.9
2017,8,16,75.5,70.8,87.4,76.1,83.4,70.6,57.5,56.2,49.100002
2017,9,16,71.4,75.9,96.8,74.5,81.8,77.700005,52.0,61.9,33.7
2017,10,16,74.3,75.200005,84.5,84.3,81.9,75.5,48.5,43.0,51.8
2017,11,16,,59.8,68.8,79.3,77.6,64.8,52.8,65.200005,54.100002
2017,12,16,,56.2,,67.9,70.5,73.3,53.100002,62.0,58.0
2018,1,16,,55.100002,62.4,85.4,76.3,68.9,49.100002,71.8,64.4
2018,2,15,,52.3,68.700005,68.4,72.0,70.3,42.9,65.9,73.8
2018,3,16,50.5,44.600002,54.5,61.3,61.7,61.7,43.600002,74.4,75.1
2018,4,16,,51.9,69.0,63.600002,71.3,61.2,39.9,58.7,70.6
2018,5,16,66.1,75.9,68.200005,51.7,62.600002,52.7,52.4,71.700005,59.5
2018,6,16,63.5,85.3,69.5,73.5,79.9,62.5,48.100002,62.2,53.600002
2018,7,16,65.5,81.700005,81.6,49.0,66.5,60.100002,53.4,46.8,52.5
2018,8,16,80.700005,68.200005,81.1,72.200005,80.3,69.5,48.3,53.7,50.0
2018,9,16,69.9,82.0,89.0,70.3,75.9,70.700005,46.600002,37.2,34.7
2018,10,16,73.8,77.1,84.0,68.700005,71.9,72.5,44.600002,45.600002,50.600002
2018,11,16,,64.700005,68.6,83.200005,82.3,67.1,56.4,60.4,57.7
2018,12,16,,54.7,,73.3,74.3,72.5,56.9,64.8,62.600002
2019,1,16,,54.5,,78.0,72.1,64.200005,54.4,67.4,71.700005
2019,2,15,,45.9,69.3,66.700005,69.0,72.6,36.600002,37.4,78.0
2019,3,16,51.7,23.5,60.0,63.2,,67.200005,22.300001,51.100002,73.9
2019,4,16,,60.600002,75.200005,63.100002,70.1,61.0,58.9,70.3,66.200005
2019,5,16,61.0,72.1,68.9,66.200005,72.700005,66.700005,52.8,78.4,65.0
2019,6,16,63.4,79.0,73.200005,67.6,75.700005,67.5,61.0,54.2,50.2
2019,7,16,64.3,83.6,75.3,69.4,79.5,64.4,56.7,52.5,51.2
2019,8,16,76.0,71.9,68.9,77.0,82.8,69.0,49.600002,59.100002,47.8
2019,9,16,68.700005,77.0,90.4,73.3,77.9,72.200005,49.2,49.9,33.5
2019,10,16,73.9,79.1,85.0,77.200005,77.4,75.1,41.3,65.1,47.100002
2019,11,16,,79.6,68.0,79.1,78.4,78.5,56.8,70.0,44.3
2019,12,16,,50.3,,72.200005,72.200005,68.5,60.9,59.9,52.100002
2020,1,16,,52.7,62.0,79.3,72.8,63.9,59.9,53.8,63.5
2020,2,15,,35.100002,69.5,65.4,69.3,56.600002,45.3,59.9,53.8
2020,3,16,49.5,40.3,59.8,67.4,68.0,64.700005,26.800001,57.7,73.9
2020,4,16,,56.3,71.0,67.3,74.5,63.4,34.7,48.600002,70.0
2020,5,16,61.8,75.3,72.3,59.3,67.1,60.100002,45.600002,66.9,64.4
2020,6,16,64.5,71.0,76.3,58.7,69.1,60.7,63.600002,75.1,46.600002
2020,7,16,66.200005,79.700005,82.6,67.3,80.9,73.1,54.4,49.8,40.5
2020,8,16,77.3,73.9,63.8,69.4,76.700005,63.0,57.100002,57.5,49.4
2020,9,16,74.4,63.3,86.3,70.700005,76.0,70.8,41.600002,45.8,37.9
2020,10,16,77.0,70.1,83.9,83.0,81.4,76.200005,51.3,70.6,30.1
2020,11,16,,61.8,68.6,80.3,79.9,69.0,55.100002,54.5,53.4
2020,12,16,,48.3,,75.700005,77.4,79.200005,51.5,69.700005,68.0
2021,1,16,,56.100002,62.4,82.9,74.9,71.1,51.8,71.700005,55.7
2021,2,15,,45.0,66.700005,65.5,69.200005,66.5,47.9,52.9,62.3
2021,3,16,51.4,48.3,56.8,68.3,70.4,65.700005,32.9,48.7,75.700005
2021,4,16,,69.4,70.200005,63.3,72.9,59.8,34.5,55.100002,67.3
2021,5,16,65.3,76.6,73.5,69.1,75.4,65.700005,54.8,78.9,70.1
2021,6,16,60.3,68.700005,80.200005,59.2,72.3,65.4,60.4,63.3,45.2
2021,7,16,68.6,83.3,79.200005,59.5,73.5,62.0,43.3,66.5,53.0
2021,8,16,73.9,66.0,85.6,71.1,78.700005,68.6,54.0,64.200005,43.2
2021,9,16,73.5,67.1,87.3,74.700005,80.1,73.200005,38.600002,42.600002,33.5
2021,10,16,76.700005,72.4,83.4,79.8,79.6,75.3,44.8,50.8,48.100002
2021,11,16,,68.700005,69.8,77.0,73.5,70.6,54.5,63.100002,56.600002
2021,12,16,57.4,53.4,,66.9,70.1,71.9,50.2,60.2,48.3
2022,1,16,,47.5,,85.4,76.3,61.3,51.100002,55.3,58.9
2022,2,15,,34.0,64.0,72.4,73.5,61.8,31.5,48.7,66.4
2022,3,16,54.2,42.3,59.0,68.4,70.3,56.3,38.8,59.5,64.9
2022,4,16,,57.3,67.4,67.6,75.200005,60.4,35.7,59.9,55.100002
2022,5,16,65.3,83.6,71.1,62.5,69.9,63.3,44.2,64.6,63.0
2022,6,16,61.2,69.5,73.200005,64.5,74.200005,65.5,49.9,59.600002,47.5
2022,7,16,69.5,68.3,81.5,69.5,82.0,69.200005,45.0,40.4,56.8
2022,8,16,76.200005,81.4,97.5,65.200005,76.200005,65.4,47.3,43.9,49.8
2022,9,16,77.200005,81.6,98.4,79.6,82.6,69.3,40.9,59.7,36.7
2022,10,16,75.6,73.6,85.3,78.0,77.200005,74.9,41.7,55.100002,41.8
2022,11,16,,64.5,68.0,82.6,81.6,75.0,57.2,63.8,49.8
2022,12,16,57.4,52.7,,73.4,77.200005,64.200005,51.5,67.6,53.100002
2023,1,16,,58.4,62.4,78.0,72.1,62.9,54.3,70.4,56.600002
2023,2,15,,34.4,68.5,69.5,73.1,61.7,42.9,47.3,74.4
2023,3,16,52.2,37.2,60.9,55.3,57.100002,64.3,25.7,62.600002,59.4
2023,4,16,,57.0,69.200005,54.9,68.5,60.600002,44.3,76.9,70.200005
2023,5,16,58.100002,70.9,67.4,59.0,66.1,56.9,49.8,73.0,55.0
2023,6,16,61.0,72.3,81.6,62.2,73.3,60.3,50.2,53.0,47.2
2023,7,16,65.8,70.700005,73.8,72.4,82.6,71.1,39.5,53.4,53.600002
2023,8,16,72.700005,69.5,74.0,69.3,79.3,74.3,51.9,61.9,44.100002
2023,9,16,72.5,87.3,91.3,73.200005,78.700005,72.6,50.3,35.100002,39.7
2023,10,16,75.6,74.3,84.4,76.200005,76.4,74.6,46.4,54.3,44.9
2023,11,16,,68.4,68.1,81.200005,74.9,71.8,59.5,66.9,62.100002
2023,12,16,,50.0,,72.6,73.200005,76.1,56.0,61.7,57.100002
2024,1,16,,53.7,,81.8,74.200005,69.0,52.8,66.4,59.4
2024,2,15,,32.3,71.4,70.700005,73.700005,67.6,40.2,68.9,72.6
2024,3,16,49.4,56.7,56.100002,73.200005,75.0,71.4,34.5,69.3,65.700005
2024,4,16,,57.4,73.8,68.1,75.4,65.8,50.3,74.0,66.700005
2024,5,16,60.7,75.8,73.3,60.3,66.3,54.7,53.2,82.0,54.8
2024,6,16,56.8,82.4,73.700005,64.9,76.4,65.700005,49.0,76.200005,52.0
2024,7,16,72.5,74.4,76.6,62.7,77.5,71.9,45.0,55.3,47.4
2024,8,16,71.1,83.8,81.6,58.4,69.8,70.1,45.5,46.8,54.2
2024,9,16,74.9,87.1,99.6,68.3,74.700005,68.1,49.5,59.9,38.0
2024,10,16,78.3,78.1,84.1,71.3,73.5,74.5,54.4,70.9,40.600002
2024,11,16,,54.3,70.6,77.8,74.9,69.5,57.600002,62.2,55.100002
2024,12,16,57.4,49.100002,,65.6,68.0,65.6,,57.600002,59.100002
