Year,Month,Precipitation,Temperature,VPD
1901,1,0.532258,-12.7,-0.9940904637058724
1901,2,0.8,-12.2,-0.1009111900708887
1901,3,0.767742,-7.5,-0.2109926665961157
1901,4,0.566667,0.3,1.5703099099052729
1901,5,0.451613,6.3,3.041662278154501
1901,6,3.10333,11.5,4.525967332773526
1901,7,1.07097,16.8,4.838234160039166
1901,8,1.9871,12.4,3.3482557255216125
1901,9,1.27667,8.4,2.103726763886348
1901,10,3.30968,4.0,0.8411377578644794
1901,11,0.876667,-6.8,-0.0104580332797601
1901,12,1.3129,-13.3,-0.2009136924784482
1902,1,1.5871,-8.4,-0.3529284206125758
1902,2,0.334483,-10.7,-0.0971615043083251
1902,3,1.51613,-7.2,0.4735881067992582
1902,4,0.126667,-1.6,1.378238850956136
1902,5,1.05806,3.5,2.3621532804293315
1902,6,0.55,9.4,3.867427133990433
1902,7,2.93548,9.5,2.2463246185200845
1902,8,5.44516,8.6,1.9528462726065852
1902,9,1.11667,5.0,1.6257741145468465
1902,10,0.93871,-0.5,0.5837583050121777
1902,11,0.54,-5.6,0.2602143009412012
1902,12,0.622581,-11.9,-0.143124147919365
1903,1,0.754839,-12.2,-0.5009111900708887
1903,2,0.862069,-6.1,-0.2984994908575302
1903,3,0.993548,-2.5,0.3948869710320366
1903,4,1.35333,-1.2,1.057218624301239
1903,5,1.61935,5.4,2.469924759715644
1903,6,1.81,9.5,3.9463246185200846
1903,7,2.73871,11.7,4.105003692373208
1903,8,3.69032,9.7,2.5055267226044453
1903,9,1.18,7.5,2.2543782599729667
1903,10,2.37742,-0.7,0.4886953902683304
1903,11,0.75,-4.8,-0.072554608442652
1903,12,0.364516,-7.6,0.1612593829896549
1904,1,0.916129,-7.8,-0.3935775509717203
1904,2,1.21724,-12.8,-0.0122668582571641
1904,3,0.354839,-6.4,-0.0907743720833886
1904,4,1.5,0.0,1.4277649430079578
1904,5,1.78387,3.9,2.4846435747774747
1904,6,1.71,9.0,3.2564791819287926
1904,7,2.20645,11.0,3.2874064294318845
1904,8,2.78387,9.8,2.08583910661816
1904,9,0.94,6.9,2.040631784563467
1904,10,0.806452,1.4,0.4814693362056967
1904,11,0.343333,-7.4,-0.4830229573730995
1904,12,1.49355,-9.0,-0.2047941772786119
1905,1,1.13226,-10.7,-0.1971615043083252
1905,2,0.441379,-8.7,-0.0297768183645108
1905,3,0.667742,-4.4,0.5674426460172577
1905,4,0.763333,-2.1,0.4620246360613445
1905,5,1.43226,4.7,2.046569793796799
1905,6,1.84333,12.9,5.023927335400879
1905,7,3.66129,12.2,3.0617994518768192
1905,8,2.65806,10.2,2.2118705657934985
1905,9,1.46,6.3,1.4416622781545012
1905,10,1.27419,-2.4,0.0361940444224346
1905,11,0.873333,-5.3,-0.2415267379938179
1905,12,1.4,-6.0,-0.3672535985461023
1906,1,0.951613,-9.8,-0.5961851772355531
1906,2,0.972414,-9.1,-0.5293998786792136
1906,3,2.1129,-6.2,-0.029500436196705
1906,4,0.733333,0.1,1.4811819011632643
1906,5,2.76129,5.7,2.0570157010385746
1906,6,1.62,10.5,3.56148552290688
1906,7,2.59355,12.3,3.254757949577637
1906,8,3.46452,10.4,3.377790686220445
1906,9,1.00333,7.1,1.9768826352682112
1906,10,0.990323,1.9,0.7259313283557329
1906,11,1.17667,-3.0,-0.4069719068304502
1906,12,0.558065,-10.2,-0.2873279619297726
1907,1,0.864516,-10.9,-0.2398547599775775
1907,2,1.18276,-9.1,-0.1293998786792136
1907,3,0.880645,-4.3,0.403127053609575
1907,4,0.696667,-0.2,1.3290615899463862
1907,5,1.67097,3.6,2.3172566062741824
1907,6,3.50667,10.4,4.477790686220445
1907,7,2.47742,10.9,3.2012210464160784
1907,8,3.05806,8.0,1.510790579469818
1907,9,1.76,5.7,1.8570157010385744
1907,10,1.7,4.3,0.9127421422878212
1907,11,0.683333,-4.0,-0.1881447267485594
1907,12,1.14194,-10.5,-0.1537647961518704
1908,1,0.590323,-8.8,0.2450159023165037
1908,2,1.36552,-7.8,-0.3935775509717203
1908,3,0.896774,-7.0,-0.2688945854708131
1908,4,0.56,-0.6,1.1360478707871948
1908,5,0.967742,4.2,2.055185153997176
1908,6,1.84333,9.4,3.767426133990434
1908,7,2.39032,12.3,4.354758949577638
1908,8,1.65484,10.8,3.51553876595564
1908,9,1.29667,6.4,1.5071504290075044
1908,10,0.612903,2.0,1.0757609627859264
1908,11,0.66,-6.5,0.1789492209211038
1908,12,0.503226,-7.6,0.1612593829896549
1909,1,1.01613,-8.1,-0.3742089367321903
1909,2,0.37931,-10.9,-0.0398547599775773
1909,3,1.1129,-8.1,-0.4742089367321904
1909,4,1.36667,-1.9,1.247524739605773
1909,5,1.64516,2.6,1.8814437921613187
1909,6,1.85667,9.4,3.767426133990434
1909,7,2.37742,11.3,3.4490074140980056
1909,8,3.60323,9.2,1.6110284619674309
1909,9,1.96667,6.1,1.3118774057253135
1909,10,2.02903,3.8,0.928499898539977
1909,11,1.52667,-6.4,0.4092256279166113
1909,12,1.40323,-9.4,-0.3020368431812779
1910,1,1.3871,-11.1,-0.2818548345937728
1910,2,0.493103,-6.3,-0.3602581587619822
1910,3,0.722581,-3.6,0.6608076834916199
1910,4,1.00667,0.3,1.270309909905272
1910,5,1.82258,6.7,3.1060227232935773
1910,6,1.47667,11.0,3.987406429431884
1910,7,1.34194,12.2,4.26180045187682
1910,8,1.07742,11.7,4.105003692373208
1910,9,1.62,7.1,1.9768826352682112
1910,10,1.99355,1.3,1.0335023166764357
1910,11,1.74333,-6.4,-0.0907743720833886
1910,12,0.645161,-7.1,0.202232671477367
1911,1,0.719355,-9.4,0.097963156818722
1911,2,1.53448,-7.8,0.4064224490282795
1911,3,0.651613,-5.3,0.2584732620061816
1911,4,1.03,-0.5,1.1837583050121785
1911,5,0.432258,7.4,3.3843747178759798
1911,6,1.96,10.1,4.329639379255315
1911,7,1.6,12.1,4.069376580603469
1911,8,1.06774,11.8,3.1953053653836854
1911,9,2.16667,7.5,2.2543782599729667
1911,10,1.67742,-0.6,0.5360478707871943
1911,11,0.816667,-6.1,-0.49849949085753
1911,12,0.696774,-6.1,-0.3984994908575303
1912,1,0.806452,-12.3,0.4801428185104139
1912,2,0.751724,-10.0,-0.0421268028453947
1912,3,1.22258,-3.6,0.4608076834916197
1912,4,0.176667,-1.3,1.5119638610544477
1912,5,2.54194,4.9,2.665670358684789
1912,6,2.56667,11.6,4.71522554447745
1912,7,0.729032,14.4,4.735638275381337
1912,8,6.38387,11.4,3.437228478714312
1912,9,1.21667,5.4,1.469924759715644
1912,10,1.33548,0.6,0.906166727519027
1912,11,2.27,-5.1,-0.1747281075145959
1912,12,1.97742,-5.8,-0.0040200225334761
1913,1,0.422581,-12.1,-0.4818078057573718
1913,2,0.582759,-7.1,-0.4977673285226327
1913,3,1.16452,-3.5,0.8987699972203296
1913,4,0.83,0.9,1.5446630648386677
1913,5,0.974194,6.3,3.241662278154501
1913,6,1.51,10.2,4.4118695657934985
1913,7,3.5,12.3,4.454757949577639
1913,8,2.74194,10.2,2.911868565793497
1913,9,1.17333,7.0,2.008550920714949
1913,10,0.677419,1.7,1.0272143998898056
1913,11,1.56,-2.0,0.0046119126762311
1913,12,1.9,-9.6,-0.3494921994525088
1914,1,1.05806,-10.4,-0.1317994010032213
1914,2,0.57931,-5.5,-0.1072888315625717
1914,3,1.4871,-5.5,0.092711168437428
1914,4,0.72,1.4,1.4814693362056968
1914,5,1.44516,4.1,2.29798432310223
1914,6,0.776667,11.1,4.27409743193148
1914,7,1.39355,16.8,5.9382341600391655
1914,8,0.880645,11.5,3.4259683327735253
1914,9,1.37667,7.4,2.184374717875979
1914,10,0.777419,0.6,0.5061677275190268
1914,11,0.566667,-5.9,-0.3357610243394808
1914,12,0.893548,-6.9,-0.5397920338601501
1915,1,1.08387,-12.5,-0.5572816499942008
1915,2,0.668966,-8.7,-0.0297768183645108
1915,3,0.735484,-7.9,0.2793303354076744
1915,4,0.726667,-0.9,0.9950546859249308
1915,5,0.432258,2.9,2.0386742232179538
1915,6,0.916667,8.1,2.883367409557564
1915,7,5.33548,11.4,1.9372294787143112
1915,8,2.10323,10.7,2.8303560812863644
1915,9,2.25333,5.2,1.747098365949629
1915,10,0.206452,-1.9,-0.0524752603942273
1915,11,2.60333,-6.6,0.3489109278897913
1915,12,1.35806,-15.3,-0.4205757965408252
1916,1,1.52581,-8.8,-0.0549840976834961
1916,2,0.468966,-9.3,-0.1780197885448973
1916,3,1.2,-7.5,0.3890073334038844
1916,4,1.46333,0.3,1.5703099099052729
1916,5,1.52581,5.2,3.247098365949629
1916,6,2.14333,10.0,4.247892523247529
1916,7,4.14839,13.7,4.414027115692081
1916,8,0.974194,9.6,2.4256890222779437
1916,9,0.73,5.5,1.731906225517295
1916,10,2.39032,-0.2,0.7290615899463857
1916,11,3.01,-2.4,0.2361930444224347
1916,12,1.6129,-8.6,-0.1043660965086594
1917,1,0.364516,-15.4,0.0648145150274155
1917,2,0.596552,-10.4,0.5682005989967789
1917,3,0.483871,-8.8,0.2450159023165037
1917,4,0.713333,-2.9,1.1327834317976726
1917,5,0.806452,4.0,2.6411377578644792
1917,6,2.28333,12.2,4.46179945187682
1917,7,2.76774,11.5,3.8259683327735257
1917,8,3.29032,14.1,4.722848879001814
1917,9,1.72,6.9,1.6406317845634677
1917,10,1.85484,1.2,0.5858398397310056
1917,11,0.636667,-4.1,0.1753314234238141
1917,12,1.14194,-9.2,-0.2538079398920239
1918,1,1.14839,-13.3,0.2990863075215517
1918,2,0.693103,-8.5,0.021249541681283
1918,3,0.503226,-4.8,0.4274453915573475
1918,4,0.756667,0.6,1.4061677275190263
1918,5,0.919355,5.9,3.1836673438223237
1918,6,4.2,8.9,3.3798899736071952
1918,7,2.28064,13.6,4.413272547283789
1918,8,2.48065,11.2,3.661296581037696
1918,9,3.64333,5.6,1.6942692026841852
1918,10,0.958064,2.9,1.0386742232179538
1918,11,0.51,-2.8,-0.1271551268073114
1918,12,1.06129,-9.7,-1.1729332931954015
1919,1,1.51935,-9.8,-0.7961851772355528
1919,2,0.248276,-11.3,-0.3231718671946537
1919,3,0.616129,-6.8,0.4895419667202398
1919,4,0.943333,-1.4,0.8670505135492741
1919,5,1.15484,7.7,3.395657674663557
1919,6,2.63333,9.4,2.667427133990433
1919,7,1.97419,13.3,3.6144460455261527
1919,8,1.61935,8.5,1.8780636796622243
1919,9,2.10667,6.8,1.7731230935205122
1919,10,0.8,0.0999999,0.7811818568853708
1919,11,1.20667,-9.3,-0.3780197885448975
1919,12,0.845161,-12.1,-0.0818078057573719
1920,1,1.19355,-9.9,-0.2192492254302886
1920,2,0.737931,-6.5,-0.2210507790788964
1920,3,0.729032,-1.9,0.5475247396057732
1920,4,1.62333,1.0,1.191421866301865
1920,5,2.0871,6.7,3.006022723293577
1920,6,1.20667,10.1,3.4296403792553143
1920,7,2.7129,12.9,3.7239273354008784
1920,8,2.59355,9.8,1.28584010661816
1920,9,1.79333,7.2,1.545629070545511
1920,10,0.16129,1.3,1.2335013166764357
1920,11,0.2,-3.2,1.1144273500926918
1920,12,0.596774,-8.7,-0.1297768183645109
1921,1,1.93548,-9.6,-0.3494921994525088
1921,2,0.927586,-7.9,0.1793303354076743
1921,3,0.435484,-2.2,0.4197606968081899
1921,4,0.426667,2.5,1.62968973754084
1921,5,1.89355,5.8,2.0201477390419544
1921,6,2.24,7.6,2.524805182938336
1921,7,3.17419,10.8,3.3155387659556403
1921,8,3.67097,9.2,1.4110294619674306
1921,9,1.64,5.9,1.1836673438223233
1921,10,1.81613,1.8,0.676416377084955
1921,11,0.47,-7.4,0.1169770426269005
1921,12,2.18387,-7.1,0.3022326714773671
1922,1,0.832258,-13.4,-0.7182037876487379
1922,2,0.689655,-10.6,-0.475551728967579
1922,3,1.35806,-5.8,0.0959799774665239
1922,4,1.45333,-1.7,0.934335962534953
1922,5,0.690323,4.8,1.6059362351399091
1922,6,1.71,9.4,3.667427133990433
1922,7,3.43226,12.3,3.354757949577637
1922,8,2.61613,10.3,2.594586519313138
1922,9,1.30333,6.3,2.3416622781545016
1922,10,0.619355,-0.1,0.7782281707184726
1922,11,1.46333,-4.3,0.6031270536095747
1922,12,1.21613,-6.4,0.3092256279166112
1923,1,0.887097,-7.6,-0.3387406170103451
1923,2,0.348276,-11.9,-0.3431241479193652
1923,3,0.541936,-4.6,0.4968997548961096
1923,4,0.596667,-1.5,1.1224762746699035
1923,5,2.18064,3.2,1.898894495220768
1923,6,1.88667,5.9,1.4836673438223231
1923,7,1.53226,12.1,3.2693775806034697
1923,8,2.94839,9.5,1.4463246185200838
1923,9,3.90667,6.2,1.3765719606857676
1923,10,3.01935,1.5,0.4297425695120678
1923,11,0.96,-6.8,-0.41045803327976
1923,12,0.63871,-11.4,-0.1435773753462395
1924,1,1.17742,-10.7,-0.0971615043083251
1924,2,0.896552,-11.6,-0.283888569594227
1924,3,1.08387,-9.1,-0.0293998786792135
1924,4,0.826667,-2.2,0.8197606968081894
1924,5,1.98387,3.6,2.2172566062741828
1924,6,4.33,8.6,2.9528462726065854
1924,7,2.46452,12.9,3.523927335400879
1924,8,4.07419,11.8,2.5953053653836857
1924,9,3.16333,8.2,2.0563808864184434
1924,10,1.88387,3.0,0.7917463856858591
1924,11,0.743333,-3.7,0.3231370580186627
1924,12,0.606452,-4.5,-0.3679658154269125
1925,1,0.893548,-6.6,-0.1510890721102087
1925,2,0.841379,-6.9,-0.43979203386015
1925,3,0.454839,-8.0,-0.447546279656617
1925,4,0.506667,0.2,1.3256025810268095
1925,5,1.97097,6.0,2.6475765512020626
1925,6,1.34333,9.8,2.78584010661816
1925,7,3.88065,15.7,5.154208965959821
1925,8,3.29355,11.8,3.0953053653836857
1925,9,1.57667,7.0,2.008550920714949
1925,10,0.832258,-0.9,0.3950546859249302
1925,11,1.47333,-8.2,-0.2006591666931925
1925,12,1.80645,-12.3,0.080142818510414
1926,1,1.21935,-10.7,-0.0971615043083251
1926,2,0.641379,-9.7,-0.3729332931954019
1926,3,0.703226,-5.0,0.3590644730610344
1926,4,0.733333,0.8,1.3982021959498727
1926,5,3.38387,4.4,1.9706571879713133
1926,6,1.63333,11.2,4.461296581037697
1926,7,1.97742,13.1,3.518064931923842
1926,8,1.70645,11.5,3.025968332773525
1926,9,2.18,6.4,1.307150429007505
1926,10,1.34516,-2.6,-0.1461054856443873
1926,11,1.72333,-3.4,0.2370260212755699
1926,12,1.3871,-9.1,-0.2293998786792137
1927,1,1.62258,-9.0,-0.7047941772786119
1927,2,0.855172,-8.0,0.1524537203433831
1927,3,0.793548,-2.9,0.2327834317976727
1927,4,0.626667,-1.6,0.6782388509561361
1927,5,1.5129,2.4,1.6782607822361362
1927,6,2.26667,8.9,3.479890973607195
1927,7,3.92581,15.3,4.706584179341789
1927,8,3.22258,12.8,3.5276930193097336
1927,9,3.02667,6.5,1.2730384929537966
1927,10,3.0,0.3,0.7703089099052729
1927,11,0.41,-7.4,0.1169770426269005
1927,12,0.209677,-12.6,0.0242375598326276
1928,1,1.23226,-10.1,-0.0648192658030639
1928,2,1.06552,-9.2,-0.2538079398920239
1928,3,0.522581,-5.6,0.1602143009412011
1928,4,0.556667,0.6,1.706167727519027
1928,5,1.2,4.3,1.8127421422878207
1928,6,2.21667,7.6,2.524805182938336
1928,7,1.84194,9.5,2.2463246185200845
1928,8,3.82258,9.8,2.28584010661816
1928,9,1.46333,6.1,1.511877405725314
1928,10,2.08065,1.2,0.6858398397310053
1928,11,1.38333,-4.2,-0.4609116665488635
1928,12,0.564516,-8.1,0.0257910632678095
1929,1,0.893548,-12.0,-0.0625458528521702
1929,2,0.327586,-13.2,-0.3834786385515356
1929,3,1.21613,-3.2,2.014427350092692
1929,4,1.11333,-3.2,1.0144273500926917
1929,5,1.53871,5.7,2.657015701038574
1929,6,2.01,8.8,3.3037566241656826
1929,7,1.98064,10.8,2.7155387659556407
1929,8,4.35484,9.2,2.2110294619674296
1929,9,1.93333,7.1,1.776882635268212
1929,10,3.29355,1.7,0.2272143998898057
1929,11,1.49333,-3.2,-0.4855726499073078
1929,12,1.33548,-4.9,-0.0068783128094658
1930,1,1.16129,-6.0,-0.1672535985461021
1930,2,0.348276,-8.4,0.0470715793874241
1930,3,0.754839,-4.5,0.4320341845730873
1930,4,0.913333,2.0,1.375760962785927
1930,5,2.07097,6.7,2.706022723293577
1930,6,1.47667,12.1,4.169377580603468
1930,7,3.11613,14.6,4.947147057386314
1930,8,1.60323,13.0,3.720717064077089
1930,9,1.53,6.5,1.873038492953797
1930,10,1.75484,2.5,1.0296897375408394
1930,11,2.25667,-5.1,-0.1747281075145959
1930,12,1.05806,-6.0,-0.3672535985461023
1931,1,1.61613,-11.9,-0.4431241479193653
1931,2,0.827586,-10.1,-0.4648192658030639
1931,3,0.332258,-9.4,-0.002036843181278
1931,4,1.85,-1.3,0.8119638610544477
1931,5,1.3,6.0,2.347576551202062
1931,6,2.01667,7.2,2.245629070545511
1931,7,2.85484,13.5,4.413092705546802
1931,8,3.99355,9.6,2.225691022277944
1931,9,1.08667,4.7,1.4465697937967992
1931,10,1.85806,0.4,0.9153054778598396
1931,11,0.83,-2.2,-0.58023930319181
1931,12,1.60323,-8.1,0.0257910632678095
1932,1,0.877419,-6.2,-0.029500436196705
1932,2,1.00345,-6.2,-0.3295004361967049
1932,3,0.448387,-7.0,0.2311054145291868
1932,4,1.08333,-0.7,1.088695390268331
1932,5,1.09355,5.5,2.231906225517295
1932,6,1.42667,8.7,3.228075823889098
1932,7,2.54839,13.6,4.013272547283789
1932,8,1.47097,11.0,2.0874064294318835
1932,9,2.26,6.0,0.7475765512020622
1932,10,1.8871,-0.7,0.4886953902683304
1932,11,1.04667,-4.4,0.0674426460172581
1932,12,0.422581,-5.5,-0.6072888315625722
1933,1,0.63871,-7.8,-0.4935775509717204
1933,2,0.831034,-10.3,-0.4096542302039334
1933,3,0.480645,-4.8,0.4274453915573475
1933,4,0.496667,-0.9,0.9950546859249308
1933,5,0.851613,5.4,2.8699247597156443
1933,6,0.593333,14.0,5.319767264807245
1933,7,3.68064,14.1,4.422848879001814
1933,8,2.6871,11.0,3.2874064294318845
1933,9,1.15333,8.1,1.983367409557564
1933,10,2.12903,1.8,0.676416377084955
1933,11,0.4,-6.3,-0.4602581587619823
1933,12,0.909677,-8.3,0.5731015092276603
1934,1,0.503226,-6.1,0.0015005091424695
1934,2,1.54483,-5.8,-0.2040200225334758
1934,3,1.03871,-4.3,-0.3968729463904248
1934,4,1.26667,-0.2,1.0290615899463855
1934,5,0.974194,6.1,2.211877405725314
1934,6,2.27667,10.1,3.4296403792553143
1934,7,3.37097,14.0,4.319767264807245
1934,8,2.62258,13.1,3.818064931923842
1934,9,2.38667,9.8,2.9858401066181592
1934,10,1.1,2.7,0.6335247093070535
1934,11,1.8,-4.0,-0.1881447267485594
1934,12,1.65806,-6.0,-0.8672535985461023
1935,1,1.63226,-9.4,0.097963156818722
1935,2,1.36207,-7.9,-0.4206696645923258
1935,3,0.648387,-6.6,-0.1510890721102087
1935,4,0.906667,-0.4,1.231829111796885
1935,5,0.325807,3.0,2.091746385685859
1935,6,3.01667,10.8,3.7155387659556407
1935,7,3.0129,12.3,3.254757949577637
1935,8,1.67742,11.6,2.915225544477451
1935,9,2.89,6.6,1.4393285585630409
1935,10,2.95806,1.3,0.2335023166764349
1935,11,1.93,-2.1,-0.0379753639386555
1935,12,2.13548,-7.7,-0.6662683884815026
1936,1,2.70645,-9.8,-0.2961851772355528
1936,2,0.565517,-11.0,-0.5609408081415896
1936,3,0.674194,-5.0,0.2590644730610343
1936,4,1.44333,-1.4,0.7670505135492744
1936,5,0.764516,6.6,3.23932855856304
1936,6,0.903333,12.8,5.027693019309734
1936,7,4.24516,14.2,4.326519344766567
1936,8,3.60323,11.6,2.6152255444774504
1936,9,0.32,6.1,1.3118774057253135
1936,10,1.20323,0.4,0.5153054778598394
1936,11,1.13333,-3.4,0.4370260212755701
1936,12,0.893548,-4.9,-0.0068783128094658
1937,1,0.706452,-9.2,-0.1538079398920238
1937,2,1.01724,-11.5,-0.6638158658822566
1937,3,0.935484,-7.5,-0.4109926665961159
1937,4,1.06333,2.7,1.733524709307054
1937,5,1.96129,7.7,3.6956576746635568
1937,6,3.32,10.8,3.9155377659556407
1937,7,3.66129,15.5,5.029136773618459
1937,8,0.748387,14.3,3.630781520400326
1937,9,4.22333,7.7,2.2956576746635573
1937,10,0.874193,3.9,1.5846435747774743
1937,11,1.14,-5.4,-0.2745364446969298
1937,12,1.34194,-11.5,-0.0638158658822565
1938,1,0.806452,-8.7,-0.0297768183645108
1938,2,0.744828,-5.7,0.8279711634142601
1938,3,1.20968,-1.8,0.7907653430523638
1938,4,0.963333,-0.4,1.231829111796885
1938,5,1.67419,4.4,1.9706571879713133
1938,6,2.1,9.2,2.7110294619674296
1938,7,4.29032,13.8,5.115359213643513
1938,8,2.52581,12.8,3.727693019309733
1938,9,3.33667,8.2,2.356379886418443
1938,10,2.37097,3.2,0.3988944952207678
1938,11,1.12667,-1.3,0.3119638610544477
1938,12,1.21613,-7.2,0.4735881067992582
1939,1,1.57742,-10.5,-0.1537647961518704
1939,2,1.11379,-4.8,0.2274453915573477
1939,3,0.3,-4.9,0.3931216871905341
1939,4,0.873333,-0.7,1.088695390268331
1939,5,0.735484,5.2,2.547098365949629
1939,6,3.41333,10.2,3.611870565793499
1939,7,3.54194,13.2,4.415973676331435
1939,8,2.2871,13.7,4.51402711569208
1939,9,0.73,7.9,2.4386481619832594
1939,10,0.325806,-0.3,0.6802627242779797
1939,11,1.30333,-3.7,0.2231370580186622
1939,12,1.07097,-10.3,-0.5096542302039335
1940,1,0.883871,-14.6,-0.1147663889194301
1940,2,0.996552,-16.1,-0.4340447122039703
1940,3,0.919355,-8.8,0.1450159023165036
1940,4,0.906667,-1.7,0.7343359625349528
1940,5,0.516129,7.8,4.06693793223922
1940,6,1.73,11.5,4.825968332773526
1940,7,3.39355,12.3,3.654757949577638
1940,8,3.9871,9.5,1.946324618520084
1940,9,2.75,5.8,1.120147739041954
1940,10,1.0,1.5,0.5297425695120674
1940,11,1.72667,-4.4,0.0674426460172581
1940,12,1.16452,-9.7,-0.3729332931954019
1941,1,0.403226,-16.2,-0.1476916114457229
1941,2,0.644828,-13.0,-0.1481692736198099
1941,3,1.08065,-7.3,0.4451701004811625
1941,4,0.176667,-1.8,1.0907653430523645
1941,5,0.0645161,4.2,2.655185153997176
1941,6,2.08667,9.9,3.366627571244884
1941,7,1.87097,16.3,5.944785946449182
1941,8,5.11935,10.8,3.115538765955641
1941,9,1.40333,7.1,2.576882635268211
1941,10,1.51935,0.2,0.4256025810268093
1941,11,0.67,-5.5,0.192711168437428
1941,12,2.36452,-9.7,-0.2729332931954018
1942,1,0.406452,-17.9,-0.362615721763446
1942,2,0.475862,-13.8,-0.0859361961791578
1942,3,0.335484,-10.6,-0.1755517289675792
1942,4,0.336667,0.0,1.7277649430079576
1942,5,1.50645,4.4,1.8706571879713128
1942,6,2.84,8.7,3.3280768238890976
1942,7,2.50645,11.4,2.937229478714311
1942,8,1.24516,11.3,2.849006414098005
1942,9,2.12333,6.8,1.6731230935205126
1942,10,2.7871,2.0,0.4757609627859267
1942,11,1.84,-3.6,0.4608076834916197
1942,12,1.06774,-8.1,0.0257910632678095
1943,1,1.30645,-11.5,-0.3638158658822568
1943,2,1.04483,-5.4,0.0254635553030699
1943,3,0.448387,-2.1,1.462024636061344
1943,4,0.896667,0.3,1.4703099099052723
1943,5,2.66452,5.6,2.5942692026841847
1943,6,1.27667,11.2,4.461296581037697
1943,7,2.51935,12.5,3.842295442113775
1943,8,2.38387,9.6,1.7256910222779442
1943,9,1.46333,7.6,2.324805182938336
1943,10,2.33871,3.7,1.6727048620291596
1943,11,1.47,-4.7,-0.037962545735076
1943,12,0.5,-6.9,0.2602079661398497
1944,1,1.5129,-8.4,-0.0529284206125759
1944,2,0.517241,-7.4,0.3169770426269007
1944,3,1.10323,-5.9,0.064238975660519
1944,4,1.08667,-2.1,0.4620246360613445
1944,5,1.66774,3.3,1.2529740555545246
1944,6,4.38667,9.0,3.656479181928792
1944,7,1.94516,13.8,5.215359213643513
1944,8,3.35161,11.3,3.049006414098006
1944,9,3.26,7.1,1.9768826352682112
1944,10,1.17419,3.0,1.291746385685859
1944,11,2.08667,-5.0,-0.1409355269389651
1944,12,1.76774,-5.9,0.6642389756605191
1945,1,1.03226,-13.5,-0.2353500102141776
1945,2,0.955172,-7.9,-0.1206696645923259
1945,3,1.7871,-3.1,0.5535767606294844
1945,4,1.42,0.8,1.6982021959498723
1945,5,1.25161,5.1,2.4862494612891317
1945,6,3.01,10.4,3.677790686220444
1945,7,1.77097,14.0,4.319767264807245
1945,8,2.33871,12.5,3.7422954421137753
1945,9,1.16333,6.6,1.6393285585630402
1945,10,1.04839,1.3,0.6335023166764353
1945,11,0.543333,-4.4,-0.132557353982742
1945,12,1.50968,-9.3,-0.1780197885448973
1946,1,0.567742,-10.6,-0.7755517289675793
1946,2,1.37241,-11.5,-0.7638158658822567
1946,3,0.593548,-6.1,0.1015005091424696
1946,4,0.9,0.7,1.45203762569749
1946,5,0.848387,6.1,2.9118774057253134
1946,6,3.96667,9.8,3.08583910661816
1946,7,1.33226,13.7,3.9140271156920807
1946,8,2.76774,11.6,3.21522554447745
1946,9,4.46667,8.3,1.7298332535665093
1946,10,0.616129,0.8,1.298202195949873
1946,11,1.51667,-3.5,0.6987699972203298
1946,12,1.46129,-7.0,0.1311054145291867
1947,1,0.677419,-10.5,-0.0537647961518703
1947,2,0.106897,-16.9,-0.6400149353543054
1947,3,1.13871,-9.8,-0.1961851772355527
1947,4,1.03,-0.6,1.2360478707871945
1947,5,0.387097,7.3,4.014792377926456
1947,6,2.09667,11.7,4.705002692373208
1947,7,2.60968,14.1,4.522848879001813
1947,8,0.154839,12.7,4.132011399991898
1947,9,1.75,8.6,2.8528462726065857
1947,10,0.619355,1.0,0.691421866301865
1947,11,1.82,-7.5,-0.8109926665961158
1947,12,1.40323,-10.1,-0.564819265803064
1948,1,1.6129,-13.9,-0.902517646634608
1948,2,0.465517,-8.6,0.1956339034913403
1948,3,0.896774,-2.6,0.9538945143556128
1948,4,0.486667,1.9,2.0259313283557328
1948,5,1.21935,6.1,2.4118774057253134
1948,6,1.92667,9.7,3.105528722604445
1948,7,2.69677,13.9,5.1172716550323845
1948,8,2.8,10.1,2.029640379255316
1948,9,3.15333,7.2,1.645628070545511
1948,10,1.43548,0.3,0.0703099099052728
1948,11,0.816667,-4.3,0.1031270536095751
1948,12,0.790323,-4.7,0.2620374542649237
1949,1,1.34839,-7.4,0.0169770426269004
1949,2,0.696552,-6.0,-0.1672535985461021
1949,3,0.848387,-6.1,0.2015005091424697
1949,4,0.936667,0.8,1.598202195949873
1949,5,1.75161,6.3,2.6416622781545014
1949,6,1.95,9.6,2.9256900222779443
1949,7,4.10323,12.1,3.3693775806034694
1949,8,2.89677,10.0,2.1478935232475287
1949,9,0.996667,9.9,2.6666255712448823
1949,10,1.56129,2.2,0.57637115575948
1949,11,1.68667,-3.3,-0.5244222099957181
1949,12,1.73871,-7.7,-0.4662683884815028
1950,1,1.91935,-11.5,-0.3638158658822568
1950,2,0.703448,-8.4,-0.2529284206125761
1950,3,0.480645,-4.1,0.4753314234238139
1950,4,2.06333,0.7,1.1520376256974902
1950,5,1.91613,5.5,2.3319062255172955
1950,6,3.28333,10.2,3.311870565793498
1950,7,3.65161,12.5,3.942295442113775
1950,8,1.79032,13.3,4.314446045526152
1950,9,2.75667,7.4,1.8843747178759784
1950,10,1.34839,2.6,1.081443792161319
1950,11,1.73,-5.2,-0.208257899859142
1950,12,1.22258,-9.9,-0.4192492254302888
1951,1,0.912903,-12.6,-0.4757624401673723
1951,2,1.67241,-8.1,0.1257910632678096
1951,3,0.529032,-8.5,-0.5787504583187171
1951,4,1.07667,-1.1,0.7028171241295276
1951,5,0.583871,3.5,2.662153280429332
1951,6,3.08,8.9,2.679890973607195
1951,7,2.17419,10.7,2.4303570812863637
1951,8,3.44194,12.8,4.3276930193097325
1951,9,1.63667,8.2,2.5563808864184434
1951,10,0.422581,2.6,1.3814437921613187
1951,11,2.21,-3.8,0.0857561109439704
1951,12,1.05484,-5.3,0.3584732620061817
1952,1,0.5,-11.5,-0.6638158658822566
1952,2,1.04138,-8.5,-0.078750458318717
1952,3,0.509677,-7.1,0.4022326714773672
1952,4,0.966667,1.8,1.7764163770849557
1952,5,1.78387,5.4,2.7699247597156447
1952,6,4.34,8.9,2.679890973607195
1952,7,2.14516,11.5,3.225968332773526
1952,8,2.28065,9.9,1.866627571244884
1952,9,1.4,4.2,1.255185153997175
1952,10,1.12258,-0.4,0.0318291117968847
1952,11,0.863333,-7.5,-0.6109926665961156
1952,12,1.2,-10.2,-0.4873279619297728
1953,1,0.851613,-10.3,-0.2096542302039337
1953,2,0.648276,-11.3,-0.6231718671946536
1953,3,0.36129,-2.1,1.362024636061344
1953,4,1.45,0.6,1.706167727519027
1953,5,1.65806,5.4,2.469924759715644
1953,6,3.99,14.5,6.041092490399258
1953,7,5.43226,13.1,3.3180649319238427
1953,8,3.71613,11.3,2.7490064140980053
1953,9,1.94,6.8,0.6731230935205126
1953,10,0.883871,3.8,1.5284998985399767
1953,11,1.09333,-2.3,0.8778178951465163
1953,12,0.909677,-6.4,-0.1907743720833887
1954,1,1.02903,-11.8,-0.1235414997404196
1954,2,0.472414,-12.8,-0.3122668582571639
1954,3,0.716129,-5.0,0.1590644730610346
1954,4,0.413333,-0.9,1.19505468592493
1954,5,0.829032,8.2,4.256380886418443
1954,6,2.43667,9.5,2.846323618520085
1954,7,4.79677,12.5,2.842295442113775
1954,8,3.11613,10.8,2.615538765955641
1954,9,2.16667,6.6,1.3393285585630397
1954,10,1.5871,1.0,0.2914218663018646
1954,11,1.07667,-4.6,-0.1031002451038904
1954,12,1.30968,-6.6,0.0489109278897914
1955,1,0.967742,-10.6,-0.2755517289675793
1955,2,0.627586,-12.8,-0.8122668582571639
1955,3,0.277419,-7.5,-0.1109926665961156
1955,4,0.293333,-2.3,0.6778178951465161
1955,5,1.49355,2.5,1.8296897375408392
1955,6,1.21333,8.8,3.1037576241656826
1955,7,1.26774,14.2,5.426519344766566
1955,8,2.4,12.8,4.127693019309733
1955,9,2.54333,8.1,1.983367409557564
1955,10,1.43548,0.3,-0.2296900900947278
1955,11,0.906667,-4.1,0.1753314234238141
1955,12,1.26452,-11.7,-0.8037967092704208
1956,1,1.27742,-12.0,-0.5625458528521703
1956,2,0.724138,-13.8,-0.285936196179158
1956,3,0.277419,-5.9,0.5642389756605191
1956,4,0.596667,-1.7,0.8343359625349525
1956,5,0.206452,5.4,2.669924759715644
1956,6,4.19667,9.1,2.333524568418696
1956,7,2.30968,12.3,3.954757949577639
1956,8,3.56774,9.3,1.9889962010971305
1956,9,2.96,6.5,1.7730384929537977
1956,10,0.96129,1.1,0.5384802416779104
1956,11,0.66,-7.1,-0.4977673285226327
1956,12,0.63871,-7.2,-0.5264118932007418
1957,1,0.716129,-7.6,-0.4387406170103451
1957,2,1.13103,-9.1,-0.929399878679214
1957,3,1.26129,-6.1,0.2015005091424697
1957,4,0.55,-1.0,0.948761695172358
1957,5,1.4129,3.7,1.9727048620291596
1957,6,2.58333,8.1,2.283366409557564
1957,7,5.05161,13.2,3.9159736763314346
1957,8,3.64839,10.4,2.377790686220445
1957,9,4.15,5.9,1.6836673438223233
1957,10,1.17742,2.1,0.2259069971141203
1957,11,1.41,-3.8,-0.4142438890560296
1957,12,0.390323,-8.5,0.021249541681283
1958,1,0.712903,-12.5,-0.5572816499942008
1958,2,0.696552,-14.5,-1.199133106662088
1958,3,0.870968,-11.4,-0.6435773753462395
1958,4,0.506667,-1.6,1.0782388509561356
1958,5,2.07742,3.7,1.07270486202916
1958,6,1.82,9.8,3.28584010661816
1958,7,2.25484,11.6,2.71522554447745
1958,8,2.46129,11.5,3.225968332773526
1958,9,1.44667,8.4,2.4037267638863486
1958,10,2.23226,4.2,1.3551851539971755
1958,11,1.28,-1.6,0.7782388509561358
1958,12,1.56129,-10.4,-0.6317994010032213
1959,1,2.20323,-13.9,-1.0025176466346075
1959,2,0.275862,-7.0,0.1311054145291867
1959,3,0.729032,-2.7,0.7132145266919165
1959,4,1.43333,1.2,1.7858398397310058
1959,5,0.867742,5.4,3.0699247597156445
1959,6,1.2,10.6,4.045673495778589
1959,7,3.27097,13.2,3.4159736763314346
1959,8,1.06129,12.4,3.5482557255216136
1959,9,0.7,6.9,2.040631784563467
1959,10,2.16774,2.0,0.2757609627859265
1959,11,2.20667,-2.0,0.4046109126762305
1959,12,2.34839,-6.8,0.8895419667202398
1960,1,1.15806,-12.7,-0.3940904637058722
1960,2,0.748276,-11.5,-0.3638158658822568
1960,3,0.648387,-4.1,0.975331423423814
1960,4,1.10667,0.2,1.52560258102681
1960,5,1.58065,6.0,3.047576551202062
1960,6,3.71333,11.2,4.161296581037696
1960,7,3.61613,12.6,3.4368797723788003
1960,8,5.03871,11.4,2.637229478714312
1960,9,2.06667,7.5,1.954378259972966
1960,10,2.48387,-1.6,-0.8217611490438639
1960,11,2.80667,-4.6,-0.2031002451038901
1960,12,1.15161,-8.8,-0.7549840976834963
1961,1,0.754839,-11.2,-0.4025981025879646
1961,2,0.931035,-6.1,-0.0984994908575305
1961,3,0.832258,-2.9,0.5327834317976725
1961,4,0.3,-0.3,1.1802627242779795
1961,5,1.80968,5.2,2.3470983659496287
1961,6,1.97333,11.1,3.67409543193148
1961,7,3.99032,12.0,3.577489694500171
1961,8,3.97419,10.1,2.3296393792553154
1961,9,1.85333,8.7,2.8280768238890968
1961,10,1.69355,6.0,2.4475765512020624
1961,11,1.11,-2.0,0.804611912676231
1961,12,1.32903,-10.3,-0.2096542302039337
1962,1,1.20323,-9.0,-0.2047941772786119
1962,2,0.937931,-7.9,0.2793303354076744
1962,3,0.764516,-9.6,0.3505078005474913
1962,4,1.71,-0.5,0.5837583050121777
1962,5,1.42903,4.0,1.8411377578644796
1962,6,1.27333,8.5,2.978063679662224
1962,7,2.6871,10.6,2.5456734957785887
1962,8,3.23871,9.6,1.9256900222779445
1962,9,2.36,6.7,2.006022723293577
1962,10,1.28387,2.9,1.0386742232179538
1962,11,0.786667,-5.6,-0.5397856990587986
1962,12,1.22581,-10.1,-0.0648192658030639
1963,1,1.3,-13.1,0.6341024675157045
1963,2,0.562069,-14.6,0.1852336110805699
1963,3,0.909677,-7.7,0.2337316115184973
1963,4,0.746667,0.1,1.281181901163264
1963,5,1.58065,7.8,3.366937932239221
1963,6,2.85667,11.4,4.837229478714312
1963,7,2.38387,11.4,2.637229478714312
1963,8,2.8129,12.6,3.8368797723788006
1963,9,1.81667,7.8,1.866937932239221
1963,10,1.66452,3.0,1.3917463856858596
1963,11,1.47,-5.2,-0.6082578998591424
1963,12,0.393548,-8.0,0.552453720343383
1964,1,0.716129,-6.9,0.56020796613985
1964,2,1.1069,-9.2,0.2461920601079761
1964,3,0.016129,-4.5,1.1320341845730877
1964,4,0.466667,1.0,1.7914218663018646
1964,5,1.15484,6.5,3.373038492953797
1964,6,3.98,9.3,2.1889942010971293
1964,7,3.39032,11.3,2.849006414098005
1964,8,3.62903,10.0,2.347893523247528
1964,9,2.15667,5.7,0.9570157010385748
1964,10,1.93871,2.2,1.27637115575948
1964,11,1.52333,-4.1,0.1753314234238141
1964,12,1.32258,-7.8,0.0064224490282795
1965,1,1.92903,-10.4,-0.331799401003221
1965,2,1.06897,-8.3,0.4731015092276602
1965,3,0.574194,-6.3,0.2397418412380179
1965,4,0.996667,0.8,1.9982021959498724
1965,5,0.751613,4.3,2.712742142287821
1965,6,1.91,10.7,4.030357081286365
1965,7,3.01935,10.4,2.4777906862204446
1965,8,2.05484,9.8,2.1858401066181585
1965,9,2.96,8.8,2.503757624165683
1965,10,1.47097,2.6,0.9814437921613192
1965,11,1.06,-8.0,-0.3475462796566169
1965,12,1.12903,-14.1,-1.3352659444692074
1966,1,0.887097,-15.4,-0.2351854849725845
1966,2,1.02414,-17.2,-1.5779131105065494
1966,3,1.49677,-6.4,-0.2907743720833884
1966,4,1.35,-3.2,-0.0855726499073084
1966,5,1.94516,5.0,2.025774114546847
1966,6,1.28667,13.1,5.818064931923843
1966,7,2.88387,12.1,2.969377580603469
1966,8,3.50968,10.4,2.377790686220445
1966,9,2.80667,6.2,1.5765719606857678
1966,10,1.28065,1.3,0.2335023166764349
1966,11,1.02667,-5.0,-0.0409355269389655
1966,12,1.70323,-7.9,0.1793303354076743
1967,1,0.912903,-13.2,-0.1834786385515359
1967,2,0.982759,-7.4,-0.0830229573730991
1967,3,1.19032,-2.7,0.2132145266919165
1967,4,0.876667,-0.8,0.9416984588141312
1967,5,2.24839,5.5,1.9319062255172952
1967,6,1.65667,9.6,3.025691022277943
1967,7,2.52258,12.0,3.1774896945001725
1967,8,3.3,11.0,2.387406429431884
1967,9,1.07667,8.2,1.656380886418443
1967,10,2.07419,2.4,0.1782607822361361
1967,11,1.55333,-1.4,0.9670505135492736
1967,12,2.11613,-11.2,-0.6025981025879643
1968,1,0.906452,-12.6,-0.2757624401673721
1968,2,0.758621,-10.1,0.0351807341969361
1968,3,1.07419,-5.2,0.0917421001408578
1968,4,0.69,0.3,1.270309909905272
1968,5,1.92258,3.9,1.9846435747774749
1968,6,2.28333,11.6,4.21522554447745
1968,7,1.01935,11.9,3.5861331628375783
1968,8,1.02903,10.9,2.801221046416078
1968,9,1.36667,8.0,2.310790579469817
1968,10,2.59032,0.3,0.1703099099052725
1968,11,0.893333,-9.6,-1.049492199452509
1968,12,0.867742,-9.0,0.3952058227213881
1969,1,0.954839,-9.3,0.6219802114551025
1969,2,0.489655,-12.9,-0.0302927539866304
1969,3,0.645161,-9.1,0.5706001213207861
1969,4,1.29667,0.3,1.5703099099052729
1969,5,1.37097,5.7,2.2570157010385747
1969,6,0.6,13.0,6.120717064077089
1969,7,3.05484,12.6,3.9368797723788
1969,8,1.47742,14.1,6.322848879001814
1969,9,2.46333,6.4,1.5071504290075044
1969,10,1.5129,2.4,1.0782607822361363
1969,11,1.35,-7.5,-1.010992666596116
1969,12,0.441935,-11.1,0.3181451654062273
1970,1,0.43871,-14.4,-0.2833674337532643
1970,2,0.437931,-16.0,-0.7202806781977693
1970,3,0.845161,-6.2,0.070499563803295
1970,4,0.98,-2.3,0.3778178951465163
1970,5,1.55484,6.6,3.23932855856304
1970,6,1.54667,13.4,6.2134847986009145
1970,7,4.37097,11.8,3.295305365383685
1970,8,1.2,11.8,3.3953053653836847
1970,9,2.98,6.6,1.7393285585630398
1970,10,1.87419,2.4,0.978260782236136
1970,11,1.33667,-6.6,-0.7510890721102088
1970,12,0.493548,-7.0,-0.0688945854708129
1971,1,1.10323,-8.6,-0.7043660965086596
1971,2,1.08621,-7.0,0.0311054145291871
1971,3,0.841935,-7.3,0.0451701004811622
1971,4,0.593333,-0.6,1.4360478707871946
1971,5,2.21935,7.0,3.4085509207149496
1971,6,2.42,10.0,4.4478935232475285
1971,7,3.24516,12.3,4.054757949577638
1971,8,1.94194,11.0,2.7874064294318845
1971,9,2.07333,6.5,2.0730384929537973
1971,10,2.15806,1.9,1.225931328355733
1971,11,2.30667,-6.1,0.2015005091424697
1971,12,1.52258,-5.0,0.0590644730610345
1972,1,0.354839,-12.3,-0.519857181489586
1972,2,0.382759,-8.3,-0.6268984907723398
1972,3,0.887097,-3.9,0.848662844560951
1972,4,0.953333,0.0,1.127764943007957
1972,5,1.70323,6.5,3.0730384929537973
1972,6,3.62,12.2,4.561799451876819
1972,7,2.29677,14.2,3.826519344766567
1972,8,1.91935,10.9,1.9012210464160777
1972,9,2.07,5.4,1.0699247597156445
1972,10,1.25806,1.5,0.629742569512068
1972,11,1.35,-4.2,-0.060910666548863
1972,12,0.993548,-4.0,-0.288144726748559
1973,1,1.29677,-5.3,-0.0415267379938182
1973,2,1.1069,-7.9,-0.4206696645923258
1973,3,0.777419,-1.8,0.6907653430523641
1973,4,2.08333,-1.5,0.6224762746699035
1973,5,2.3,5.4,2.3699247597156443
1973,6,1.58,11.2,3.961296581037697
1973,7,4.62903,13.9,3.817271655032384
1973,8,2.31935,10.2,2.611870565793499
1973,9,2.64667,5.8,1.8201477390419545
1973,10,1.70968,-0.8,0.6416984588141315
1973,11,1.52333,-7.2,-0.1264118932007418
1973,12,1.5,-8.9,0.0200106010714984
1974,1,0.832258,-6.0,-0.1672535985461021
1974,2,0.775862,-6.3,-0.9602581587619824
1974,3,0.280645,-4.5,0.3320341845730876
1974,4,0.343333,0.6,1.8061677275190269
1974,5,0.993548,6.2,3.576571960685768
1974,6,1.94667,11.1,4.574097431931481
1974,7,3.37097,11.1,2.574097431931481
1974,8,1.76452,10.6,2.1456734957785883
1974,9,2.64333,8.3,1.7298332535665093
1974,10,1.3871,-0.4,-0.1681708882031154
1974,11,1.39,-5.3,-0.8415277379938186
1974,12,1.1871,-6.0,-0.4672535985461019
1975,1,2.27419,-6.7,-0.3808909330384717
1975,2,0.389655,-6.7,0.0191090669615281
1975,3,0.341935,-4.5,0.1320341845730874
1975,4,0.63,-0.8,1.0416984588141318
1975,5,1.77419,5.1,2.1862494612891314
1975,6,1.41,9.1,3.633524568418696
1975,7,1.69032,12.2,3.7617994518768185
1975,8,2.53548,12.2,3.161799451876819
1975,9,3.09333,7.1,1.776882635268212
1975,10,1.51613,1.9,0.3259313283557334
1975,11,0.833333,-3.7,-0.2768639419813379
1975,12,1.08387,-6.1,0.3015005091424698
1976,1,1.1871,-11.5,0.0361841341177431
1976,2,0.493103,-8.3,-0.3268984907723395
1976,3,0.406452,-7.7,0.3337316115184974
1976,4,0.89,-1.5,1.022476274669904
1976,5,0.56129,6.8,3.6731230935205126
1976,6,2.43333,10.0,4.247892523247529
1976,7,1.90323,12.2,4.36179945187682
1976,8,1.26774,10.7,3.4303570812863637
1976,9,2.42667,3.4,1.0073930417476866
1976,10,0.916129,1.4,1.0814693362056973
1976,11,1.75333,-4.5,-0.4679658154269122
1976,12,1.60323,-12.4,-0.7386469480145283
1977,1,1.35484,-13.2,-0.8834786385515356
1977,2,0.658621,-13.3,-0.7009136924784483
1977,3,0.841935,-4.8,0.0274453915573475
1977,4,1.44333,-3.0,0.0930280931695497
1977,5,1.34839,4.5,2.3289321993305325
1977,6,2.82333,9.4,3.3674271339904323
1977,7,2.48064,11.1,3.474097431931481
1977,8,1.65161,10.7,3.230357081286364
1977,9,2.40667,5.3,2.0083228040686025
1977,10,1.15806,3.0,0.7917463856858591
1977,11,1.56,-4.8,-0.572554608442652
1977,12,0.903226,-6.9,0.06020796613985
1978,1,1.15161,-9.6,-0.4494921994525089
1978,2,0.575862,-13.1,-0.4658975324842953
1978,3,1.29032,-6.1,-0.3984994908575303
1978,4,1.13333,-1.5,1.3224762746699037
1978,5,0.43871,5.9,3.283667343822323
1978,6,3.04,11.6,4.815225544477451
1978,7,1.62581,12.5,4.242295442113775
1978,8,2.85161,10.6,2.945673495778589
1978,9,2.34667,5.5,1.8319062255172955
1978,10,0.903226,1.4,0.9814693362056968
1978,11,1.19667,-3.6,-0.2391933165083806
1978,12,0.732258,-15.2,-0.0058415517356797
1979,1,0.516129,-14.9,-0.1608818833856029
1979,2,0.506897,-11.8,0.0764585002595801
1979,3,1.16452,-5.0,0.0590644730610345
1979,4,0.966667,-0.4,1.0318291117968847
1979,5,1.48065,4.8,0.8059352351399092
1979,6,2.80333,11.7,4.105003692373208
1979,7,3.51935,10.9,2.301221046416078
1979,8,3.05806,10.7,2.1303570812863644
1979,9,2.49667,6.3,1.5416622781545009
1979,10,1.69355,0.0999999,0.4811818568853709
1979,11,1.59667,-5.2,-0.5082578998591427
1979,12,0.987097,-10.3,-0.6096542302039336
1980,1,0.435484,-13.5,-0.5353500102141775
1980,2,0.272414,-11.6,-0.283888569594227
1980,3,0.7,-6.7,0.419109066961528
1980,4,0.443333,0.1,1.081181901163264
1980,5,1.99677,5.2,3.5470973659496288
1980,6,4.03,12.9,5.123927335400879
1980,7,1.29677,14.1,5.022848879001813
1980,8,2.52258,12.0,2.9774896945001714
1980,9,1.84,7.8,1.16693793223922
1980,10,2.28387,-0.4,0.2318291117968849
1980,11,1.6,-8.2,-0.3006591666931921
1980,12,0.983871,-9.6,-0.7494921994525088
1981,1,1.13548,-11.0,-0.3609408081415899
1981,2,0.941379,-9.7,-0.3729332931954019
1981,3,1.17419,-7.7,0.0337316115184971
1981,4,0.853333,-1.4,1.0670505135492745
1981,5,1.09677,8.0,3.6107905794698176
1981,6,4.17,8.8,2.403757624165681
1981,7,3.94194,11.7,2.805003692373207
1981,8,1.16129,9.9,2.166626571244884
1981,9,0.93,8.2,2.356379886418443
1981,10,2.44839,1.3,0.4335023166764351
1981,11,2.60667,-5.9,-0.1357610243394806
1981,12,1.04839,-16.0,-0.7202806781977693
1982,1,1.03871,-14.4,-0.2833674337532643
1982,2,0.810345,-8.8,-0.3549840976834963
1982,3,1.43548,-3.1,0.4535767606294838
1982,4,1.36333,-0.3,1.2802627242779805
1982,5,1.66452,5.2,2.3470983659496287
1982,6,0.513333,9.0,4.056479181928792
1982,7,2.09032,13.1,4.618064931923842
1982,8,2.46774,11.9,3.0861331628375783
1982,9,2.96667,7.4,1.7843737178759795
1982,10,0.696774,2.6,0.6814437921613195
1982,11,1.70667,-3.4,-0.26297397872443
1982,12,1.12258,-7.0,-0.168894585470813
1983,1,1.30968,-7.0,-0.2688945854708131
1983,2,0.351724,-9.5,0.2741394866903599
1983,3,1.12903,-4.9,0.1931216871905343
1983,4,1.55,0.5,0.8605908822021506
1983,5,2.19355,7.1,2.976882635268211
1983,6,1.62667,9.6,3.4256900222779443
1983,7,1.52258,12.6,4.0368797723788
1983,8,2.37742,10.1,2.629640379255316
1983,9,4.13667,7.7,1.7956576746635573
1983,10,2.5871,2.3,1.1271551708476055
1983,11,0.763333,-4.8,0.4274453915573475
1983,12,1.24516,-7.8,-0.0935775509717204
1984,1,1.20645,-12.2,-0.8009111900708885
1984,2,0.834483,-7.0,-0.168894585470813
1984,3,1.20968,-6.9,0.2602079661398497
1984,4,0.39,0.8,1.3982021959498727
1984,5,2.25161,7.8,3.0669379322392203
1984,6,2.68667,10.1,3.229640379255315
1984,7,1.35484,11.4,3.437228478714312
1984,8,2.17419,11.0,2.487406429431884
1984,9,2.37,6.1,1.011877405725313
1984,10,2.85484,3.3,0.2529740555545245
1984,11,1.17333,-2.5,-0.1051130289679633
1984,12,1.28387,-6.0,-0.4672535985461019
1985,1,1.59677,-14.8,0.1543602151811276
1985,2,1.25517,-15.4,0.1648145150274156
1985,3,0.890323,-5.7,0.22797116341426
1985,4,1.45333,-2.3,1.077817895146516
1985,5,1.38065,5.5,2.8319062255172955
1985,6,2.58333,10.6,3.945673495778589
1985,7,3.33548,12.9,4.023927335400879
1985,8,3.97742,11.5,2.6259683327735246
1985,9,4.03,5.4,1.669924759715644
1985,10,1.1871,3.4,1.2073930417476868
1985,11,1.64333,-7.5,-0.2109926665961157
1985,12,1.72903,-11.8,-0.2235414997404197
1986,1,1.0871,-15.1,-0.6909817942337695
1986,2,0.341379,-13.1,0.2341024675157046
1986,3,0.954839,-3.6,0.4608076834916197
1986,4,0.963333,-2.1,0.6620246360613438
1986,5,1.62903,6.9,2.8406317845634668
1986,6,1.79,11.9,4.886132162837578
1986,7,3.25161,11.9,2.986133162837577
1986,8,4.22581,9.6,1.9256900222779445
1986,9,2.39667,4.4,2.070657187971313
1986,10,1.12258,2.2,0.8763711557594798
1986,11,1.43333,-2.1,0.0620246360613441
1986,12,2.91613,-9.9,-0.519249225430289
1987,1,1.29032,-17.9,0.1373842782365539
1987,2,1.23793,-10.1,-0.164819265803064
1987,3,0.945161,-8.9,0.0200106010714984
1987,4,1.26333,0.2,1.4256025810268094
1987,5,2.28387,4.0,2.04113775786448
1987,6,4.17333,8.9,2.5798909736071955
1987,7,2.37419,11.9,3.7861331628375776
1987,8,3.21613,8.9,1.479890973607194
1987,9,2.97,6.2,1.776571960685768
1987,10,2.2129,4.4,1.070657187971313
1987,11,1.67333,-4.9,-0.4068783128094662
1987,12,1.3,-7.2,-0.0264118932007417
1988,1,1.72581,-6.9,-0.43979203386015
1988,2,2.15172,-7.5,-0.8109926665961158
1988,3,0.812903,-7.0,-0.2688945854708131
1988,4,1.19333,-2.4,0.8361940444224354
1988,5,0.806452,7.1,3.576882635268211
1988,6,0.96,11.9,4.186133162837578
1988,7,3.61935,14.1,4.422848879001814
1988,8,1.79677,11.5,3.1259683327735246
1988,9,2.98333,8.4,2.4037267638863486
1988,10,1.08065,1.3,0.9335023166764352
1988,11,1.00333,-6.2,0.6704995638032951
1988,12,1.89032,-7.8,0.4064224490282795
1989,1,0.745161,-4.4,0.1674426460172577
1989,2,1.66552,-4.1,0.0753314234238136
1989,3,1.10323,-2.0,0.2046119126762304
1989,4,1.19,1.3,1.6335023166764353
1989,5,1.10968,5.4,2.0699247597156445
1989,6,2.08333,11.2,4.161296581037696
1989,7,2.50323,11.5,3.925968332773525
1989,8,5.18387,10.5,3.3614855229068805
1989,9,1.04333,7.0,1.9085509207149496
1989,10,1.03871,2.2,0.9763711557594804
1989,11,1.16333,-3.8,0.0857561109439704
1989,12,1.1871,-8.6,-0.1043660965086594
1990,1,1.4871,-7.1,-0.3977673285226331
1990,2,1.11379,-2.6,-0.2461044856443877
1990,3,1.98065,-2.5,0.5948869710320368
1990,4,2.12333,1.2,1.0858398397310056
1990,5,1.29677,5.6,2.194269202684185
1990,6,2.07,11.8,5.095305365383686
1990,7,4.37097,12.0,3.377489694500172
1990,8,2.3,11.6,2.915225544477451
1990,9,2.44333,6.5,1.9730384929537976
1990,10,1.02258,2.4,0.8782607822361364
1990,11,1.64667,-4.6,0.3968997548961095
1990,12,1.2129,-6.2,-0.2295004361967048
1991,1,0.809677,-8.1,-0.2742089367321902
1991,2,0.565517,-9.7,-0.3729332931954019
1991,3,0.851613,-3.0,0.293028093169549
1991,4,0.613333,0.8,1.598202195949873
1991,5,1.65806,3.8,2.128499898539977
1991,6,4.25667,8.4,2.603726763886348
1991,7,1.54516,13.7,3.71402711569208
1991,8,1.94839,12.0,2.1774896945001725
1991,9,1.98333,6.7,2.006022723293577
1991,10,1.41935,1.2,0.0858398397310056
1991,11,0.82,-3.0,0.1930280931695494
1991,12,1.07742,-5.9,-0.035761024339481
1992,1,1.09032,-5.9,0.4642389756605189
1992,2,1.24828,-6.1,-0.1984994908575301
1992,3,0.916129,-2.8,0.1728448731926892
1992,4,2.13,-1.2,0.6572186243012395
1992,5,1.0871,7.6,3.2248051829383364
1992,6,0.45,13.5,7.013092705546802
1992,7,3.07742,11.6,3.915225544477451
1992,8,3.47419,10.7,2.8303560812863644
1992,9,1.72667,7.7,2.2956576746635573
1992,10,1.35161,-2.4,0.3361940444224354
1992,11,1.75333,-5.0,-0.0409355269389655
1992,12,0.874193,-6.3,-0.0602581587619823
1993,1,0.96129,-6.8,0.1895419667202396
1993,2,0.893103,-7.1,-0.0977673285226328
1993,3,0.790323,-5.0,0.2590644730610343
1993,4,0.443333,1.2,1.8858398397310052
1993,5,1.58387,7.1,3.3768826352682115
1993,6,2.37,8.0,2.810790579469818
1993,7,3.75484,11.8,3.0953053653836857
1993,8,3.63871,9.4,2.0674271339904333
1993,9,1.41,4.9,2.0656703586847893
1993,10,2.20323,0.0999999,0.4811818568853709
1993,11,0.546667,-6.4,0.0092256279166114
1993,12,1.36129,-9.7,-0.7729332931954018
1994,1,1.54516,-10.8,-0.6185954186189782
1994,2,0.193103,-14.2,-0.0514348721285249
1994,3,1.03871,-5.1,0.3252718924854036
1994,4,0.81,1.0,1.5914218663018644
1994,5,0.764516,4.9,3.165670358684789
1994,6,3.06333,8.7,3.128076823889097
1994,7,1.06129,15.1,6.886527180466571
1994,8,3.32258,12.3,3.0547579495776382
1994,9,2.4,6.7,0.8060217232935774
1994,10,1.70968,0.2,0.6256025810268095
1994,11,1.94667,-3.8,0.0857561109439704
1994,12,1.46452,-5.2,-0.3082578998591425
1995,1,1.3129,-8.8,-0.0549840976834961
1995,2,1.27931,-6.1,-0.0984994908575305
1995,3,1.31613,-3.8,0.3857561109439702
1995,4,1.55,-1.4,1.2670505135492744
1995,5,2.72581,4.7,2.046569793796799
1995,6,2.9,10.1,2.729640379255315
1995,7,2.21613,11.6,3.715226544477451
1995,8,2.43871,11.0,3.187406429431883
1995,9,1.79333,7.7,2.095657674663556
1995,10,1.60323,4.1,1.0979843231022297
1995,11,1.84,-6.9,0.2602079661398497
1995,12,0.867742,-11.3,0.1768281328053462
1996,1,0.225806,-10.7,-0.2971615043083253
1996,2,0.724138,-11.7,0.1962032907295792
1996,3,0.36129,-5.3,0.7584732620061816
1996,4,0.406667,-0.1,1.3782281707184731
1996,5,1.75161,4.0,2.04113775786448
1996,6,3.05667,9.6,3.1256910222779446
1996,7,3.21613,11.2,3.461296581037697
1996,8,2.05484,14.4,4.135638275381337
1996,9,0.933334,5.6,2.294269202684185
1996,10,1.69677,3.2,0.7988944952207682
1996,11,1.77667,-6.5,-1.121050779078896
1996,12,1.24194,-10.3,-0.7096542302039337
1997,1,1.53871,-8.1,0.4257910632678094
1997,2,1.59655,-6.6,-0.1510890721102087
1997,3,1.49032,-4.0,0.5118552732514408
1997,4,1.41333,-1.6,1.178238850956136
1997,5,2.59677,4.3,2.012742142287821
1997,6,1.67333,11.9,4.586133162837578
1997,7,1.47419,15.4,5.817547031223754
1997,8,2.40968,15.0,4.077427078938644
1997,9,3.23667,8.0,2.910790579469817
1997,10,2.12258,0.3,0.7703089099052729
1997,11,1.18333,-5.3,-0.4415267379938181
1997,12,1.1129,-8.3,-0.2268984907723399
1998,1,0.977419,-7.8,-0.2935775509717202
1998,2,2.17931,-5.4,-0.5745364446969305
1998,3,1.6871,-5.0,0.5590644730610346
1998,4,0.94,-0.3,1.08026272427798
1998,5,1.10968,5.0,2.3257741145468467
1998,6,2.83667,10.1,3.8296393792553154
1998,7,2.74516,12.1,3.3693775806034694
1998,8,4.04839,10.0,2.9478935232475294
1998,9,1.51,8.6,2.7528462726065843
1998,10,2.35484,0.9,0.7446630648386678
1998,11,0.426667,-7.2,-0.0264118932007417
1998,12,1.08387,-8.0,-0.047546279656617
1999,1,1.26129,-9.6,-0.3494921994525088
1999,2,1.17586,-8.0,-0.2475462796566168
1999,3,1.18387,-4.4,-0.0325573539827424
1999,4,1.63,1.4,0.9814693362056968
1999,5,1.27742,4.9,2.4656703586847897
1999,6,3.43,11.1,3.974097431931481
1999,7,2.40968,12.5,3.942295442113775
1999,8,2.09677,10.5,3.3614855229068805
1999,9,1.84333,11.1,3.67409543193148
1999,10,1.81613,2.4,0.978260782236136
1999,11,1.80333,-0.6,1.0360468707871942
1999,12,2.07097,-10.5,-0.0537647961518703
2000,1,1.91613,-6.0,0.7327464014538978
2000,2,1.3,-5.8,-0.0040200225334761
2000,3,1.56452,-4.2,0.939089333451137
2000,4,1.30667,2.5,1.8296897375408392
2000,5,2.21613,8.1,3.9833674095575633
2000,6,3.30333,9.0,3.7564791819287926
2000,7,3.31613,11.4,2.437229478714311
2000,8,3.1129,10.3,2.294586519313139
2000,9,0.91,8.2,3.656380886418443
2000,10,2.23226,5.7,0.8570157010385753
2000,11,1.90333,-0.9,-0.2049453140750694
2000,12,1.2129,-7.7,-1.066268388481503
2001,1,1.00645,-7.8,-0.1935775509717201
2001,2,0.648276,-12.0,-0.6625458528521699
2001,3,1.14839,-8.2,-0.4006591666931922
2001,4,1.52333,-0.6,0.6360478707871948
2001,5,1.32258,5.7,2.657015701038574
2001,6,2.16333,10.2,3.611870565793499
2001,7,3.21613,13.0,2.9207170640770883
2001,8,4.00323,11.4,2.237229478714312
2001,9,3.22333,7.6,1.9248041829383364
2001,10,2.10968,4.1,0.3979843231022295
2001,11,0.88,-3.3,0.9755777900042816
2001,12,0.977419,-9.1,0.070600121320786
2002,1,1.14194,-8.5,-0.478750458318717
2002,2,0.844828,-5.1,-0.2747281075145964
2002,3,1.05484,-3.6,0.36080768349162
2002,4,0.78,2.3,2.027155170847606
2002,5,1.59355,8.4,3.5037267638863483
2002,6,2.93,12.9,4.723927335400878
2002,7,2.21935,13.7,3.4140271156920807
2002,8,1.83226,16.2,5.628071882319555
2002,9,1.54,8.6,3.252846272606585
2002,10,1.61613,-1.2,1.057218624301239
2002,11,1.10333,-7.7,-0.7662683884815027
2002,12,0.706452,-11.3,0.1768281328053462
2003,1,1.43548,-10.9,-0.1398547599775774
2003,2,0.413793,-8.3,-0.2268984907723399
2003,3,0.367742,-2.4,1.2361940444224349
2003,4,0.993333,0.7,2.0520376256974906
2003,5,1.77742,5.9,2.583667343822324
2003,6,2.12333,11.4,4.237229478714312
2003,7,2.35161,15.6,4.041356412631146
2003,8,2.87419,12.0,2.1774896945001725
2003,9,1.71333,7.9,2.33864816198326
2003,10,0.73871,-0.3,0.3802627242779799
2003,11,1.42667,-3.3,-0.4244222099957184
2003,12,1.37419,-6.8,0.0895419667202399
2004,1,0.945161,-10.8,-0.018595418618978
2004,2,0.52069,-7.4,0.1169770426269005
2004,3,0.787097,-3.1,0.153576760629484
2004,4,0.616667,3.2,2.398894495220768
2004,5,0.603226,6.5,3.273038492953797
2004,6,2.57667,9.7,3.3055287226044463
2004,7,1.84839,12.3,3.4547579495776386
2004,8,2.39677,13.4,3.813484798600914
2004,9,3.18,8.1,2.883367409557564
2004,10,1.12581,2.4,0.8782607822361364
2004,11,1.77333,-5.2,-0.1082578998591423
2004,12,1.3129,-6.2,0.1704995638032951
2005,1,1.43226,-5.7,-0.0720288365857397
2005,2,0.534483,-8.2,0.1993408333068078
2005,3,0.654839,-6.3,0.2397418412380179
2005,4,0.573333,1.7,2.2272143998898057
2005,5,1.9,4.7,2.046569793796799
2005,6,1.68667,10.1,3.8296393792553154
2005,7,2.40968,14.6,5.647147057386313
2005,8,3.54516,11.3,2.449006414098005
2005,9,1.46333,8.5,2.5780626796622244
2005,10,1.22903,3.5,0.962153280429332
2005,11,1.64,-1.8,0.5907653430523645
2005,12,1.11935,-8.2,-0.4006591666931922
2006,1,0.664516,-8.5,-0.1787504583187171
2006,2,0.958621,-8.5,-0.078750458318717
2006,3,1.25484,-9.7,-0.972933293195402
2006,4,1.13667,0.4,1.61530547785984
2006,5,2.56774,6.6,3.43932855856304
2006,6,1.23,11.3,4.249006414098005
2006,7,1.6129,14.8,4.861068871400299
2006,8,3.64194,14.6,4.447147057386314
2006,9,2.43333,10.3,2.1945865193131397
2006,10,1.70968,3.6,0.8172566062741824
2006,11,1.46667,-5.1,-0.8747281075145961
2006,12,1.29032,-9.0,-1.204794177278612
