Year,Month,Precipitation,Relative Humidity,Temperature,VPD
1957,1,,,,
1957,2,,,,
1957,3,5.7,,,
1957,4,2.5,,,
1957,5,4.8,,,
1957,6,,,,
1957,7,,,,
1957,8,,,,
1957,9,26.5,,,
1957,10,24.4,,,
1957,11,26.4,,,
1957,12,9.8,,,
1958,1,33.1,,,
1958,2,5.0,,,
1958,3,23.6,,,
1958,4,23.5,,,
1958,5,8.7,,,
1958,6,3.0,,,
1958,7,24.7,,,
1958,8,8.2,,,
1958,9,11.9,,,
1958,10,,,,
1958,11,10.4,,,
1958,12,9.4,,,
1959,1,9.2,69.37476190476191,-32.30840277777777,0.0820098427767027
1959,2,18.8,74.21505017205017,-19.67544114774115,0.3644302761985623
1959,3,7.8,67.23068783068783,-26.87484126984127,0.2557222880768068
1959,4,26.1,69.03567521367522,-11.584929914529914,0.7898581745929087
1959,5,8.5,72.44574314574314,-1.218878205128205,1.4141333839346435
1959,6,,57.6454732510288,11.602622521511408,5.074924412812794
1959,7,17.4,65.10009791795505,13.506365955473097,4.750728806787176
1959,8,12.9,76.73227744477744,9.091590423465425,2.3838549894489365
1959,9,26.3,79.03022317188986,2.9468463121240904,1.4233831348604191
1959,10,48.1,77.01549540993985,-7.936132139465473,0.7401047432575321
1959,11,18.3,74.54844558733447,-24.33094851136518,0.2426560783848188
1959,12,17.5,72.58118964368965,-27.2242002868926,0.2164931942312842
1960,1,24.8,70.36057862591953,-33.22412543119273,0.0712829536177084
1960,2,6.4,73.49063446841225,-22.72160900827568,0.2912466968362134
1960,3,5.9,68.76974653698792,-23.257535893225555,0.3160073188333381
1960,4,15.4,73.17628904428905,-13.710714818514818,0.5834140981602582
1960,5,9.8,73.29626881055454,1.3038059163059164,1.670111566376983
1960,6,26.2,61.85148339377549,12.816747050335286,5.047509025013433
1960,7,57.6,70.31866117753214,12.454827430633882,3.941511048307154
1960,8,54.7,76.7291788856305,10.298011974584556,2.654322194964667
1960,9,45.4,85.22514513264514,3.1489156491656494,1.0148853201263668
1960,10,33.1,84.53119224701373,-7.061267697256541,0.540722826430458
1960,11,8.5,79.67830055986111,-24.814795313382263,0.1771337456900333
1960,12,8.5,81.16313672804546,-23.76344086021506,0.0706432431139882
1961,1,3.8,76.61103154305201,-29.22204301075268,-0.0753029757658025
1961,2,10.7,71.24430387508947,-31.8875,0.0501664361753284
1961,3,14.5,69.42889374224764,-27.092876344086022,0.213919521640575
1961,4,41.7,69.64659103979756,-19.61652777777777,0.3897472012205774
1961,5,50.4,72.84005376344086,-0.2936155913978497,1.532447842881382
1961,6,23.7,70.68768115942028,10.723677536231884,3.4981948926599173
1961,7,38.6,67.39112903225806,14.6627688172043,4.77426501366781
1961,8,54.6,76.71639784946237,9.885215053763442,2.5344655382413315
1961,9,9.2,80.025,3.3975,1.4703694509474996
1961,10,30.5,83.36021505376345,-10.222983870967742,0.4598097550932918
1961,11,19.6,75.07732843137254,-21.92125,0.2638630594557194
1961,12,12.3,72.22107683982684,-33.145564516129035,-0.0858943681459462
1962,1,27.5,73.49366427432217,-22.94986559139785,0.1781973468386539
1962,2,23.1,73.87379288671991,-22.80193452380952,0.2559094882951536
1962,3,9.9,65.20124662073503,-25.20954301075269,0.257150835492823
1962,4,17.3,73.99280303030304,-13.837361111111113,0.5604627301172547
1962,5,8.1,73.00940860215051,-2.484677419354839,1.3166756888656836
1962,6,47.4,65.80694444444445,10.716111111111111,4.036019465955375
1962,7,74.1,69.74059139784949,14.02056451612903,4.312201203167053
1962,8,43.6,74.7002688172043,13.640725806451613,3.4964015314009917
1962,9,22.7,81.89027777777778,2.5148611111111108,1.2513801129624564
1962,10,16.6,91.38709677419357,-3.8939516129032254,0.3629342450463442
1962,11,15.4,81.10694444444445,-19.47972222222222,0.264315474513451
1962,12,31.2,79.39591886608017,-21.62782258064517,0.2304748433194328
1963,1,33.9,70.48528431707611,-30.106048387096774,0.0354784908901906
1963,2,9.4,66.34724197903547,-28.593005952380945,0.1787337469809923
1963,3,22.8,67.36110887955574,-24.1369623655914,0.2797929536056339
1963,4,14.1,74.6888888888889,-8.74472222222222,0.7742455661314716
1963,5,4.0,69.93279569892474,1.563037634408602,1.939146398538484
1963,6,23.4,68.19027777777778,10.38375,3.603203632883953
1963,7,65.0,66.15456989247313,14.017473118279572,4.701949629785005
1963,8,24.3,69.45698924731184,12.038440860215056,3.724349682456813
1963,9,2.4,73.4,2.2197222222222224,1.770038444212073
1963,10,44.2,86.66263440860214,-8.078897849462365,0.4195881720752661
1963,11,24.5,78.82777881409481,-24.7555303030303,0.0512377388720619
1963,12,13.8,77.14970355731224,-22.135887096774194,0.26168339597863
1964,1,21.6,72.39614470311389,-30.959811827957,0.0533406852661615
1964,2,15.5,72.06438317503759,-28.219827586206897,0.1322132826346105
1964,3,4.6,60.21195353656784,-30.359408602150538,0.167526151888546
1964,4,9.6,66.71110664555677,-19.41736111111112,0.4581822048807236
1964,5,7.9,65.11424731182795,-0.9620967741935484,1.961843461358216
1964,6,40.9,66.82638888888889,7.490694444444444,3.139505801879043
1964,7,65.6,62.90994623655913,12.124193548387094,4.769996844401841
1964,8,22.5,74.63306451612904,10.515725806451613,2.856992062566489
1964,9,16.9,81.79722222222222,1.9852777777777773,1.1772137389044826
1964,10,36.0,84.94354838709675,-5.743010752688172,0.5810518531057065
1964,11,17.2,78.18538961038962,-19.194166666666668,0.2925074341809484
1964,12,32.3,67.04411430648312,-29.836559139784946,0.1086453424307261
1965,1,18.3,64.56818495514146,-32.59516129032258,-0.0417138868966815
1965,2,7.4,55.370308445178,-36.148809523809526,0.0874960658950602
1965,3,10.1,68.08333333333334,-16.73763440860215,0.5644553968649424
1965,4,21.1,69.79444444444445,-10.395277777777778,0.8399464138033084
1965,5,31.6,73.13172043010752,-1.5724462365591398,1.390590685810536
1965,6,22.7,61.00833333333334,8.642500000000002,4.041318664093208
1965,7,48.7,66.36769518466572,14.522498831229546,4.897529646262864
1965,8,95.1,72.45967741935483,10.996505376344084,3.213850901595821
1965,9,23.3,76.21111111111112,2.8970833333333337,1.658423979848986
1965,10,22.8,76.20430107526882,-10.84502688172043,0.6386707702270775
1965,11,12.4,81.83333333333334,-16.741944444444446,0.3183272959680923
1965,12,26.1,77.95147920296938,-26.92325268817204,0.119924933955769
1966,1,0.8,70.13682419278648,-36.83306451612903,-0.0424859606357391
1966,2,9.2,71.27076991082181,-30.710565476190474,0.0947126208537298
1966,3,34.7,72.73901496777134,-25.879032258064512,0.2058754081507728
1966,4,5.9,71.00047514619884,-17.73013888888889,0.4391505830506896
1966,5,31.9,76.79032258064515,-0.0999999999999999,1.3408196257145022
1966,6,13.6,61.39027777777778,11.25347222222222,4.70138480510297
1966,7,35.3,65.58333333333333,14.291397849462363,4.9511201923818255
1966,8,17.2,72.81048387096776,9.98991935483871,3.068123039480957
1966,9,62.0,82.43055555555553,4.733472222222221,1.4505915647273442
1966,10,23.0,86.53897849462366,-7.019220430107526,0.4534036813880622
1966,11,10.8,77.39722222222221,-21.08875,0.2661569947512028
1966,12,22.0,72.57927982489693,-24.08991935483871,0.2531454183412229
1967,1,17.8,72.11867406786762,-26.939381720430102,0.183835297469212
1967,2,9.2,71.47541318330791,-30.968154761904763,0.035168395024132
1967,3,26.5,77.53954340034282,-22.09260752688172,0.2429175444817621
1967,4,9.8,71.70555555555555,-10.721388888888889,0.7935682760427354
1967,5,36.2,72.21370967741937,-0.6948924731182798,1.5627910687303297
1967,6,32.8,63.48194444444445,8.804305555555555,3.914783038322605
1967,7,32.9,66.68951612903226,12.470564516129034,4.22002818674394
1967,8,42.4,73.997311827957,9.172043010752688,2.7465315354840216
1967,9,26.9,87.92916666666666,2.1688888888888886,0.7784729405532627
1967,10,31.2,85.29301075268816,-9.136021505376345,0.4354532691640838
1967,11,16.0,80.28821839080459,-18.286250000000003,0.2027453283577056
1967,12,14.1,76.02060931899639,-22.90309139784947,0.2493757647169048
1968,1,44.0,70.68928754796403,-27.90994623655914,0.1298417610779161
1968,2,19.5,65.72123333842084,-30.299712643678163,0.0193708174034947
1968,3,10.5,74.30040322580645,-19.901344086021503,0.3432503173928725
1968,4,2.1,76.12777777777778,-14.824861111111112,0.4835111114288448
1968,5,19.1,73.55376344086022,0.0197580645161295,1.5587980556912413
1968,6,3.5,62.829166666666666,10.339722222222225,4.211088718846362
1968,7,6.8,56.119623655913976,15.288978494623654,6.541254538592401
1968,8,30.7,70.28629032258063,10.411021505376349,3.4918154593748554
1968,9,7.0,80.50833333333335,2.9906944444444443,1.3862150509922522
1968,10,44.0,89.16532258064518,-5.949731182795699,0.398811233658606
1968,11,6.3,72.95407247073912,-22.321388888888883,0.1516788151723667
1968,12,14.7,58.632032215096736,-29.59758064516129,0.2236168533444895
1969,1,6.1,61.1356670100812,-32.32204301075269,0.0489162222180495
1969,2,8.1,59.72070105820106,-31.102827380952384,0.114520710508165
1969,3,9.0,69.8934748709293,-24.10483870967742,0.2329248400351328
1969,4,4.4,79.06250000000001,-9.892916666666668,0.5991706951645628
1969,5,12.6,74.99059139784946,-0.4869623655913979,1.4616403809103635
1969,6,8.0,59.74722222222222,10.697638888888887,4.668539674760914
1969,7,29.9,70.45833333333336,11.435483870967744,3.590954873842321
1969,8,151.1,81.91666666666666,5.693548387096774,1.5164471864638165
1969,9,8.3,78.80694444444443,3.0273611111111114,1.5016863037162302
1969,10,18.2,78.39650537634408,-2.662231182795699,1.045443802072522
1969,11,21.4,77.16599206349206,-24.786388888888887,0.1929167674599984
1969,12,31.0,83.99663978494624,-20.04529569892473,0.2042616155511634
1970,1,9.2,78.55848476991854,-30.654166666666665,0.0621805580404799
1970,2,13.8,70.34186889726105,-27.94151785714285,0.1333244520422789
1970,3,9.3,68.57363489817548,-23.445026881720427,0.3121692562590755
1970,4,11.1,71.21091269841268,-13.476805555555558,0.6363029597724419
1970,5,18.1,73.15725806451613,-1.0844086021505377,1.478279431596583
1970,6,32.2,64.24722222222222,9.3825,3.9894885202282495
1970,7,31.1,63.4731182795699,14.721639784946236,5.441653872771438
1970,8,63.1,75.64784946236558,11.758467741935483,2.944246859000639
1970,9,44.9,79.69305555555556,-0.1909722222222222,1.1540409671968614
1970,10,47.1,84.23118279569893,-12.073387096774194,0.3820245033007063
1970,11,19.6,82.00653036576948,-17.171666666666663,0.3038387300074279
1970,12,19.8,76.72998556998556,-29.06639784946237,0.1003136891639882
1971,1,11.0,73.79570814912323,-34.0991935483871,-0.0151910878153038
1971,2,18.2,73.83041464708131,-32.54375,0.0411824890065564
1971,3,11.0,69.45253362767183,-26.319489247311832,0.2304050184471459
1971,4,12.6,69.90616161616163,-17.121527777777775,0.4804190418660048
1971,5,4.8,72.17876344086022,-0.438709677419355,1.6663313905175166
1971,6,10.4,54.77916666666668,13.752777777777776,6.503853731057369
1971,7,27.2,64.50403225806451,14.834946236559135,5.282655239332506
1971,8,49.9,82.79032258064518,7.353897849462364,1.6785301541635045
1971,9,28.6,85.24583333333332,3.3272222222222223,1.0854714773829492
1971,10,101.9,91.24731182795698,-8.038440860215054,0.2815378879881556
1971,11,23.7,86.95972222222223,-20.602916666666665,0.17296510867819
1971,12,18.2,80.97829927335445,-27.95537634408603,0.1017730989655014
1972,1,18.0,67.59136975240982,-28.04637096774193,0.065116137061982
1972,2,14.1,63.32543998763805,-30.05977011494253,0.1668033408861952
1972,3,18.1,64.3682211313698,-24.859543010752684,0.3415290141800445
1972,4,33.0,70.02045454545456,-15.154305555555554,0.594339377264294
1972,5,17.8,71.36424731182795,-2.8599462365591406,1.35575077467336
1972,6,44.7,61.94305555555555,10.544027777777776,4.451729282800859
1972,7,26.7,57.95833333333333,15.064112903225809,6.324736728775239
1972,8,56.6,74.63844086021506,12.327150537634411,3.1580455339665967
1972,9,44.4,79.0513888888889,0.6174999999999999,1.2637592217452005
1972,10,43.9,88.69623655913979,-6.042069892473117,0.430948777574446
1972,11,22.3,86.69305555555553,-20.34152777777778,0.180530286380262
1972,12,36.3,84.55010658222234,-21.928629032258065,0.1552549095552795
1973,1,27.2,79.06712944793301,-26.14462365591398,-0.003122784484182
1973,2,6.1,78.82398636991029,-25.671428571428567,0.1673297859178037
1973,3,12.6,77.40576333437485,-27.861021505376343,0.1219333224502394
1973,4,9.8,76.69861111111112,-12.172638888888889,0.5814387998645807
1973,5,37.5,79.22043010752688,0.9883064516129032,1.3181863771325295
1973,6,39.7,71.09583333333335,11.289583333333333,3.557005393009643
1973,7,46.9,70.07123655913976,13.87862903225806,4.144190235945542
1973,8,47.8,74.05645161290323,10.686693548387098,2.976005736150915
1973,9,8.3,79.21944444444445,6.0495833333333335,1.829652629821206
1973,10,23.8,84.99193548387096,-6.91491935483871,0.5257066876052869
1973,11,14.6,83.08888888888889,-20.344722222222224,0.2347691933201203
1973,12,5.9,83.79569892473118,-23.51653225806452,0.1728862919581821
1974,1,33.1,79.52880239877881,-25.09489247311829,0.1327117902533006
1974,2,6.1,80.55905481355182,-33.031101190476186,0.0472135873249043
1974,3,0.6,78.35831752055661,-26.66021505376344,0.1625029299124578
1974,4,3.4,72.47638888888888,-17.68138888888889,0.4644274596114515
1974,5,2.5,68.25806451612904,-0.2502688172043012,1.8813038920241727
1974,6,20.5,63.11805555555554,7.295,3.537402541845561
1974,7,60.6,66.49059139784947,12.711290322580648,4.481629071525337
1974,8,48.2,74.63440860215054,9.694892473118278,2.802119861051356
1974,9,27.4,81.39027777777778,2.015555555555556,1.2260450076276452
1974,10,38.7,76.76747311827958,-13.76706989247312,0.4988783530859244
1974,11,32.8,66.40334967320261,-22.3025,0.3808335400154685
1974,12,20.4,63.7885990636415,-31.107795698924736,0.1885603883683379
1975,1,8.3,67.0405717293505,-34.77150537634409,0.055281341572515
1975,2,8.5,64.08349206349205,-26.945982142857137,0.1478438650520014
1975,3,9.5,64.59120583717358,-19.921236559139786,0.4965674219114568
1975,4,19.9,65.94166666666666,-13.101388888888886,0.7887657388904075
1975,5,7.4,71.34543010752687,-0.0912634408602151,1.611906837449137
1975,6,21.5,68.13472222222222,10.311666666666666,3.5219944331428845
1975,7,21.0,68.38844086021507,13.623790322580646,4.276860458344277
1975,8,37.0,73.74059139784946,9.81478494623656,2.946150980473208
1975,9,19.5,78.05416666666665,1.989305555555556,1.4621066233318103
1975,10,21.7,83.43951612903227,-9.380779569892471,0.4830052043296389
1975,11,19.2,68.29166666666667,-25.39958333333333,0.2879260575798197
1975,12,8.4,68.33011484593838,-29.96075268817204,0.0242437625879777
1976,1,14.6,64.87619283337457,-30.13440860215054,0.2042033525480613
1976,2,6.8,65.02033327851208,-31.09497126436781,0.159163123567926
1976,3,10.1,61.22177419354839,-25.82177419354839,0.3451544356996758
1976,4,2.1,70.12777777777777,-8.26388888888889,0.9768040159888672
1976,5,61.0,70.36021505376344,0.8213709677419355,1.8424881146045535
1976,6,30.0,59.73333333333334,9.057083333333336,4.188213099298263
1976,7,33.6,62.63978494623655,14.2502688172043,5.244877023548781
1976,8,36.3,69.8534946236559,12.358602150537632,3.733728799879703
1976,9,44.1,78.92083333333333,6.019305555555556,1.7814081166788114
1976,10,32.7,77.27016129032258,-7.775268817204303,0.745213010834056
1976,11,29.3,75.50833333333334,-13.6,0.5324906616115641
1976,12,19.4,62.77468495675017,-31.14032258064516,0.1775267085878282
1977,1,27.5,65.07167515563101,-25.365994623655915,0.311689005157312
1977,2,18.8,63.98804112554113,-23.32053571428571,0.3778772198791643
1977,3,4.5,56.8531447008656,-27.890725806451616,0.3120102517656127
1977,4,15.5,60.24444444444445,-13.69972222222222,0.8772860401883142
1977,5,11.9,67.12903225806451,0.8643817204301073,2.0102382515492483
1977,6,66.1,65.09027777777779,10.113194444444444,4.06289276905629
1977,7,11.0,63.97043010752689,13.014247311827958,4.7918034710688975
1977,8,43.8,62.909946236559136,12.912634408602152,4.882608417523528
1977,9,22.1,74.54027777777779,5.13888888888889,2.0542274728815952
1977,10,22.6,77.43548387096776,-6.271505376344085,0.8247650722994719
1977,11,14.8,67.68888888888888,-22.16930555555556,0.3752416093714027
1977,12,11.0,63.321951178788495,-24.77392473118279,0.3408323656413417
1978,1,11.0,65.57041841982235,-22.69247311827957,0.3852223663664016
1978,2,4.3,62.09275793650794,-22.34181547619048,0.4324194424141732
1978,3,12.8,57.04704301075269,-20.06720430107526,0.5970685924191825
1978,4,2.0,57.53055555555555,-12.233611111111111,1.0414080641202732
1978,5,9.2,66.13037634408602,-4.595295698924732,1.4019833503963377
1978,6,40.4,64.05277777777778,7.412083333333334,3.308564887778573
1978,7,24.8,58.09139784946236,14.288037634408605,5.834385067025174
1978,8,29.0,64.44354838709677,8.785215053763443,3.504711039669135
1978,9,33.4,67.4486111111111,5.94263888888889,2.699344476539313
1978,10,33.4,72.00806451612904,-12.104301075268818,0.6895139110198758
1978,11,11.6,72.86300505050505,-14.991805555555556,0.5363859820852612
1978,12,4.8,66.99842899036447,-24.65470430107527,0.3079950150182811
1979,1,2.8,65.56268328445746,-21.236827956989245,0.43467119716984
1979,2,3.0,59.64300530818389,-31.07946428571428,0.2131639824127301
1979,3,7.2,60.13432177920256,-28.26747311827957,0.2624866598938016
1979,4,7.1,62.07361111111111,-13.244166666666665,0.8750847602477079
1979,5,10.3,64.98387096774194,0.9634408602150538,2.1456373329530454
1979,6,20.7,56.4875,9.895555555555555,4.777017467702078
1979,7,13.3,60.01075268817205,17.43454301075269,6.757910962159551
1979,8,41.4,69.4278146742568,14.72473908918406,4.37101548432508
1979,9,27.4,77.82599206349205,4.811626984126983,1.6737480951958217
1979,10,29.2,80.10669671094244,-4.291168564199874,0.8139178835677607
1979,11,15.0,75.69074074074072,-9.264629629629628,0.7215466633223193
1979,12,23.3,61.38172043010752,-25.866129032258065,0.339762567052023
1980,1,14.6,60.05678528460787,-27.66922043010753,0.2909793877911376
1980,2,7.5,62.497844827586206,-21.14037356321839,0.4710903937709465
1980,3,18.4,61.57123655913978,-24.603897849462363,0.3808598236586437
1980,4,33.8,72.69722222222224,-16.045972222222222,0.5033419716718126
1980,5,18.3,74.83064516129032,-1.2982526881720429,1.35124963497356
1980,6,4.0,54.35138888888889,13.3875,6.178509368139864
1980,7,32.8,64.83467741935485,11.803897849462366,4.2489385159243
1980,8,33.7,71.34408602150538,10.3752688172043,3.167845945067402
1980,9,49.2,71.31805555555555,-0.3887500000000001,1.5680011118512258
1980,10,24.7,83.16621863799281,-3.760752688172043,0.7216456577740198
1980,11,24.4,75.31527777777775,-19.419166666666666,0.3503770856747816
1980,12,21.4,65.71079163725229,-30.637231182795706,0.1928561449391595
1981,1,23.5,80.43279569892474,-13.561693548387094,0.4314192063146449
1981,2,7.9,68.87440328898359,-25.84553571428572,0.2584476203999383
1981,3,12.3,65.38709677419355,-20.243682795698927,0.474154887818462
1981,4,7.1,74.2,-11.239444444444446,0.6806737916336298
1981,5,7.5,71.84139784946235,3.057123655913979,2.0108290217454146
1981,6,31.5,60.672222222222224,9.946944444444444,4.409786368641302
1981,7,85.8,74.61559139784946,12.743010752688171,3.268535041763446
1981,8,35.7,77.6505376344086,9.84368279569892,2.484180687085269
1981,9,27.5,85.07777777777778,2.5168055555555555,0.993589968384196
1981,10,25.2,86.59408602150538,-5.520967741935484,0.5037772702969114
1981,11,31.5,75.75555555555556,-20.215138888888887,0.3256677463088269
1981,12,16.6,73.03570593735392,-22.2973644226274,0.3094297151008016
1982,1,2.4,64.92522000385006,-34.67634408602151,0.1476555819159019
1982,2,11.1,68.06550854037266,-23.939732142857142,0.3192961724552053
1982,3,7.5,63.26539938556066,-23.917876344086025,0.3655675825176657
1982,4,11.9,70.87083333333335,-13.577916666666663,0.6508261075619033
1982,5,18.0,74.59139784946235,-2.743145161290323,1.1959843544072442
1982,6,41.0,60.56111111111111,10.758611111111112,4.689505332293541
1982,7,11.9,64.85752688172043,15.565456989247313,5.318031693919902
1982,8,31.8,74.29973118279571,9.50981182795699,2.7079507100599063
1982,9,21.3,82.37083333333334,5.578333333333332,1.480132785656609
1982,10,42.3,82.82123655913978,-10.818145161290325,0.452109591496086
1982,11,24.9,69.61388888888888,-28.41638888888889,0.2166674533948114
1982,12,10.5,70.19118719250206,-28.00376344086021,0.2089913021171818
1983,1,17.8,66.3723332646051,-32.349999999999994,0.1357381628375085
1983,2,15.4,65.51866186758103,-29.86354166666667,0.2051110901139838
1983,3,3.5,62.765603085554,-26.458198924731185,0.3151940788057368
1983,4,11.4,65.0986111111111,-12.92138888888889,0.8162788750093393
1983,5,4.9,68.06451612903227,-5.72284946236559,1.2816998864127531
1983,6,6.6,58.98888888888889,11.836527777777778,5.107280497648248
1983,7,8.8,61.81182795698924,15.41438172043011,5.96607277711726
1983,8,37.2,72.21102150537634,11.510618279569892,3.359171643207484
1983,9,27.2,77.0763888888889,0.8638888888888889,1.408445738458595
1983,10,28.4,77.76209677419355,-11.85456989247312,0.5483922830338432
1983,11,16.3,79.23661616161615,-14.900555555555558,0.4191556321321106
1983,12,7.4,70.0791257597008,-22.86411290322581,0.3290023183881292
1984,1,25.2,65.91170892694569,-28.40779569892473,0.2326035435843666
1984,2,9.3,64.18491468171462,-34.32255747126437,0.138574369186495
1984,3,13.8,59.48924731182795,-25.29502688172043,0.3778476845503027
1984,4,16.4,73.22361111111111,-13.345416666666669,0.6151370719773195
1984,5,9.8,67.7043010752688,1.2426075268817205,2.084324554102322
1984,6,14.7,62.62916666666667,13.731666666666664,5.152829632443748
1984,7,30.3,70.65725806451613,12.506720430107526,3.789260497882976
1984,8,71.7,78.00403225806453,9.126209677419356,2.313950276126976
1984,9,9.1,75.26805555555556,3.960277777777777,1.9028496273636124
1984,10,22.9,82.8965053763441,-8.852284946236558,0.5179928380985546
1984,11,6.2,68.17500000000001,-24.939444444444447,0.2995830204380385
1984,12,11.6,66.88163958282803,-30.0508064516129,0.207234666405447
1985,1,16.4,71.76478494623657,-23.0877688172043,0.305578450102957
1985,2,20.1,69.34911728585436,-31.267857142857142,0.15340511234713
1985,3,10.5,67.93145161290323,-19.092741935483872,0.4773011688600814
1985,4,19.3,65.97083333333333,-18.77736111111112,0.5193728221361631
1985,5,32.8,70.79973118279571,1.6956989247311829,1.9315482176967496
1985,6,1.8,56.45138888888889,11.581111111111111,5.240160609583163
1985,7,22.0,72.90994623655915,9.913709677419355,3.0558082185291138
1985,8,7.7,67.31451612903226,9.961155913978493,3.6316464774336135
1985,9,29.1,77.09444444444443,4.173611111111112,1.7402841143711445
1985,10,15.9,77.6424731182796,-9.756854838709677,0.6479756461379176
1985,11,15.9,71.7763888888889,-20.25277777777778,0.3805290799537697
1985,12,12.3,74.09274193548386,-21.1880376344086,0.3223957840397138
1986,1,16.8,68.80142454566368,-31.566666666666663,0.1506129026173108
1986,2,20.4,72.31360985029463,-23.685714285714283,0.2688544039330592
1986,3,4.5,61.46774193548387,-26.23467741935483,0.3343453881560658
1986,4,12.7,62.52916666666668,-17.85875,0.6188195621458572
1986,5,23.6,72.79032258064517,-3.3514784946236564,1.2710855869043165
1986,6,19.5,56.65,11.205833333333333,5.152195421454832
1986,7,18.7,66.36021505376344,13.227822580645162,4.522049998088335
1986,8,48.2,75.98387096774194,9.904166666666669,2.614232371099668
1986,9,22.9,71.4986111111111,5.777638888888888,2.4246341323232032
1986,10,25.1,82.1948924731183,-7.074865591397847,0.6180750459479651
1986,11,10.0,70.45555555555555,-25.94013888888889,0.2563745058066062
1986,12,31.5,75.38938255526615,-23.21115591397849,0.2551896863030795
1987,1,16.1,72.38467741935484,-23.97674731182796,0.2722192569029598
1987,2,18.3,66.49017857142857,-27.53586309523809,0.2466101581990614
1987,3,7.6,60.491782602906085,-22.42849462365591,0.4540169625223589
1987,4,14.6,65.55833333333335,-17.180972222222223,0.5883952359483813
1987,5,50.6,71.56586021505377,-2.724731182795698,1.3546359528735072
1987,6,0.4,50.38472222222222,13.110555555555557,6.58146550030105
1987,7,21.0,60.08198924731184,14.735618279569891,5.91340124075059
1987,8,66.0,73.06989247311829,10.352688172043012,3.0257996084771293
1987,9,22.0,76.80416666666666,4.628749999999999,1.7826857425363984
1987,10,13.9,80.56182795698926,-2.7485215053763445,0.8954689549200774
1987,11,37.9,69.82777777777778,-20.975416666666664,0.3834425323710839
1987,12,27.9,70.18145161290325,-21.279704301075267,0.3700535989082238
1988,1,6.7,66.78225806451613,-26.43158602150537,0.2781301907328833
1988,2,11.2,63.75974512743628,-24.52025862068965,0.3537391205357238
1988,3,13.0,64.36962365591397,-19.3627688172043,0.519169685513208
1988,4,7.4,63.679166666666674,-10.281944444444443,1.0231071210294518
1988,5,39.2,62.99327956989247,0.454435483870968,2.201131263660807
1988,6,3.6,61.42083333333333,12.351388888888888,4.981680639105985
1988,7,24.5,63.965053763440864,15.49838709677419,5.480694883738709
1988,8,52.6,79.44623655913978,10.516935483870965,2.4489272003810054
1988,9,16.5,78.49027777777778,3.3466666666666667,1.52925900711198
1988,10,36.2,80.99193548387096,-9.985483870967744,0.5425847315124006
1988,11,18.7,67.12089371980677,-27.893472222222226,0.2425975540010728
1988,12,14.7,72.12903225806451,-20.25067204301075,0.373666523287447
1989,1,14.2,66.95102674713475,-32.43776881720431,0.1613418412154277
1989,2,21.4,72.45833333333334,-12.381994047619049,0.6689915236814397
1989,3,4.4,61.85887096774193,-23.453360215053763,0.4140742227430434
1989,4,2.3,63.81805555555556,-8.762638888888887,1.1489599917550968
1989,5,22.0,63.00268817204301,0.2833333333333337,2.2911849199681
1989,6,20.8,62.50555555555555,12.061805555555557,4.690862831659283
1989,7,64.4,63.24731182795699,16.541263440860217,5.8838274846990455
1989,8,33.4,69.72983870967742,15.686424731182797,4.621562527021879
1989,9,59.4,79.74722222222223,5.2276388888888885,1.6221777822202066
1989,10,35.8,76.372311827957,-7.865994623655915,0.796790630230344
1989,11,10.8,64.84027777777777,-27.90875,0.2623253822879604
1989,12,18.5,64.1209677419355,-25.958870967741937,0.3131359062159852
1990,1,20.0,63.98026905207682,-32.55026881720431,0.1599161765306309
1990,2,9.0,63.9549571115688,-34.29702380952381,0.1098114638090322
1990,3,18.5,64.58602150537634,-15.97284946236559,0.6654774017099936
1990,4,12.4,71.06666666666666,-7.483472222222222,1.0060705663807457
1990,5,0.2,65.43682795698926,1.743548387096774,2.237314723989325
1990,6,17.7,59.53888888888888,11.550972222222224,4.898383865878664
1990,7,,62.922043010752695,15.874327956989246,5.829403100462312
1990,8,,66.89112903225806,10.06868279569892,3.5829771655028173
1990,9,,70.81527777777777,3.4022222222222225,2.063164575062712
1990,10,,75.7741935483871,-6.978225806451612,0.8408896871964711
1990,11,,65.61666666666666,-26.729444444444447,0.2823011705744789
1990,12,,64.11688311688312,-28.482795698924733,0.2498022807986533
1991,1,,66.28272495755517,-24.66317204301075,0.3049020154850568
1991,2,,62.58035714285713,-27.89181547619048,0.2807435893413089
1991,3,,61.29641049968375,-23.48319892473118,0.4075497320329753
1991,4,,66.90694444444445,-7.998611111111111,1.0999039424985448
1991,5,,66.59408602150538,5.757258064516129,2.900959506804809
1991,6,,60.24999999999999,10.419583333333332,4.501278744666922
1991,7,,64.89112903225806,12.40268817204301,4.481815300167893
1991,8,,74.21774193548387,8.97728494623656,2.66994509832998
1991,9,,81.23750000000001,3.963194444444445,1.407079624467559
1991,10,,81.5241935483871,-7.051209677419355,0.6432244148396964
1991,11,,68.32916666666667,-23.78569444444445,0.3257170154465295
1991,12,,65.51075268817203,-29.187096774193545,0.2322354976241345
1992,1,,65.49596774193549,-28.15013440860216,0.2534023896957744
1992,2,,63.67672413793103,-27.68692528735632,0.2760827693549051
1992,3,,67.56451612903226,-15.896639784946236,0.6124624493754394
1992,4,,67.8861111111111,-14.87375,0.6599229421793538
1992,5,,67.875,-1.5196236559139775,1.6531057080342402
1992,6,,61.05972222222222,11.778333333333334,4.860322126011321
1992,7,,60.4518466573165,14.498135811126696,5.737745645099686
1992,8,,68.57661290322582,11.717204301075272,3.782963404807804
1992,9,,77.76249999999999,-0.967638888888889,1.1777391094787149
1992,10,,80.40860215053763,-9.939247311827955,0.5597273252977413
1992,11,,76.14722222222221,-18.628055555555555,0.3581887342354668
1992,12,,66.57795698924731,-24.52755376344086,0.3276975468806926
1993,1,,68.56721559591578,-22.44153225806452,0.3506060036638939
1993,2,,69.2842261904762,-20.604166666666668,0.407166922601883
1993,3,,65.04569892473118,-17.630645161290325,0.5830061364783714
1993,4,,69.36527777777778,-9.58611111111111,0.9172011816546132
1993,5,,70.58467741935483,1.0236559139784949,1.806202966304244
1993,6,,55.94305555555555,12.793194444444444,5.700809449174524
1993,7,,60.77553763440859,15.631854838709677,5.890720988869564
1993,8,,71.35887096774194,11.24771505376344,3.3105137139941494
1993,9,,72.24444444444444,4.257499999999999,2.061051061951268
1993,10,,78.1787634408602,-3.690456989247312,0.9696910257165968
1993,11,,74.60694444444445,-17.121249999999996,0.4300576241509855
1993,12,,66.23790322580645,-22.298387096774192,0.3912654198052625
1994,1,,64.8928715707653,-30.976209677419355,0.201300897075164
1994,2,,65.83772997835499,-27.06145833333333,0.2657105311102142
1994,3,,63.491526414212245,-21.36989247311828,0.4559143671996191
1994,4,,63.26111111111111,-12.01888888888889,0.9226729821168776
1994,5,,65.25227910238428,2.9321294997662464,2.5183679384810667
1994,6,,63.00416666666668,10.22,4.1772966919426615
1994,7,,59.827403542062,18.56948924731183,7.18861660873397
1994,8,,69.69201228878647,14.781182795698928,4.385127233827026
1994,9,,83.5375,1.4413888888888886,1.0395591497820795
1994,10,,90.16129032258064,-5.021639784946236,0.3888227160428821
1994,11,,73.46630434782608,-22.40666666666667,0.3023022878405457
1994,12,,68.03629032258064,-24.863575268817208,0.303094690873404
1995,1,,72.03897849462365,-23.02997311827957,0.3041280434849657
1995,2,,68.09107142857142,-25.64776785714286,0.2836181844798183
1995,3,,63.63245614035089,-24.639516129032256,0.3473577028466202
1995,4,,67.79861111111113,-7.38625,1.1420092366422794
1995,5,,67.29032258064517,4.89502688172043,2.679132687741296
1995,6,,66.40277777777779,12.301666666666668,4.358814113326762
1995,7,,62.92069892473118,14.706451612903225,5.527297046945504
1995,8,,75.62907900888268,9.789725338943432,2.645713869882204
1995,9,,75.86721014492751,6.944559178743962,2.3231466853439686
1995,10,,83.98030621785881,-6.432135343618514,0.5795705831783162
1995,11,,75.37987483530962,-18.78015371102328,0.3653849112826965
1995,12,,66.27414679756896,-27.98404745208041,0.2501344194731112
1996,1,,67.99827037151722,-25.819390736659315,0.281617103188717
1996,2,,67.94171096270047,-22.83645506792059,0.3585068205562303
1996,3,,62.974029920523606,-18.62394927536232,0.5902037469949486
1996,4,,68.35919887278583,-14.141392914653782,0.6842315082172099
1996,5,,71.02106443112756,-0.2722815461770579,1.7137406170981455
1996,6,,61.558065436978495,12.295547211242864,5.071936233099355
1996,7,,72.96102150537634,14.08467741935484,4.037842683095759
1996,8,,76.61559139784947,7.719354838709677,2.2236150041325367
1996,9,,88.11950483091785,0.1605012077294685,0.6806490115720205
1996,10,,82.62149368863955,-13.08698574100047,0.3923607896618577
1996,11,,75.0078502415459,-18.36699275362319,0.3900256272685749
1996,12,,73.32481193420885,-22.88451219771345,0.2921516043652906
1997,1,,70.22528050490882,-27.154488078541373,0.2349002583578338
1997,2,,69.30583592132504,-24.219578157349893,0.3057578370168544
1997,3,,61.170110289430056,-24.481206489863567,0.383917098839054
1997,4,,57.70020860781731,-10.164641523935002,1.2119719549617534
1997,5,,62.668010752688176,0.0481182795698924,2.171941068549217
1997,6,,65.79159530083443,11.959609683794463,4.279998513756063
1997,7,,74.3454301075269,14.342473118279566,3.5966771751646345
1997,8,,79.8957456755493,12.844185366993925,2.6060072226113054
1997,9,,87.90416666666667,6.245223429951691,1.0601674163695751
1997,10,,93.66820276497698,-8.69020737327189,0.1944313331151503
1997,11,,85.32874396135267,-12.736250000000002,0.3565296034538185
1997,12,,79.70897615708276,-24.03474170172978,0.2033134362316212
1998,1,,70.80015087764038,-30.10127077223851,0.1820134038831663
1998,2,,71.71306818181819,-22.532819264069257,0.3201178618077599
1998,3,,71.78091397849461,-15.187500000000002,0.5648445599877236
1998,4,,67.68611111111112,-1.2940277777777782,1.723099774992479
1998,5,,64.47367078923881,6.421822006885122,3.20395298935258
1998,6,,63.85241545893721,13.7320229468599,5.00831084026253
1998,7,,62.71008648901356,17.21544530154278,6.320699811017255
1998,8,,70.07392473118279,13.616532258064517,4.018220383653054
1998,9,,77.87222222222222,6.331111111111111,1.913588534070734
1998,10,19.0,81.32678821879381,-5.156141888733053,0.7421186894271963
1998,11,7.0,73.16224747474747,-15.238573232323231,0.5165535970979391
1998,12,14.0,63.72201857282502,-19.84890029325513,0.5048680246603818
1999,1,6.0,63.60887096774193,-27.658736559139783,0.2800870836270578
1999,2,10.0,72.4629917184265,-24.269914596273285,0.2716960740429728
1999,3,16.0,68.50899953249183,-23.463575268817205,0.3339255872457347
1999,4,2.0,71.35012077294687,-13.230833333333337,0.6603357421813547
1999,5,6.0,69.97726741467976,0.8452314165497898,1.9221518692266075
1999,6,16.0,61.31527777777778,11.776527777777776,4.903859301734241
1999,7,25.0,72.72275171065493,11.443707233626588,3.346840627969094
1999,8,61.0,75.93881486676017,12.14814749883123,3.0350854790532864
1999,9,24.0,76.69921497584541,4.340229468599034,1.7804209666831152
1999,10,21.0,79.47510518934084,-9.69747545582048,0.5932588120319755
1999,11,12.0,70.5138888888889,-19.721805555555555,0.4113207460225159
1999,12,26.0,63.20799226486464,-26.32096774193549,0.2990779024291076
2000,1,8.0,66.41314087579866,-23.15777816736792,0.3631028056744441
2000,2,8.0,64.88218390804599,-22.855459770114944,0.3897771700579371
2000,3,8.0,58.37751285647499,-23.49802477793361,0.4446276911610036
2000,4,12.0,65.91388888888888,-14.135416666666666,0.7408793980242536
2000,5,4.0,70.66432912575969,-4.087833099579242,1.2788997653628074
2000,6,22.0,59.902777777777786,12.658611111111112,5.150201374488557
2000,7,66.0,68.95430107526882,14.05752688172043,4.406535948210804
2000,8,24.0,75.3481182795699,8.301209677419354,2.449929611742728
2000,9,14.0,76.06944444444444,2.927916666666666,1.6948690083675313
2000,10,38.0,86.0712365591398,-8.38965053763441,0.4417561711633526
2000,11,16.0,77.725,-17.36638888888889,0.3684412380437678
2000,12,8.0,60.45833333333333,-26.00282258064517,0.3449153283769626
2001,1,14.0,65.244623655914,-20.04314516129032,0.4764355152405306
2001,2,12.0,61.43135351966874,-21.260947204968943,0.4865392749002141
2001,3,9.0,54.47983870967741,-25.44126344086021,0.4181552842594279
2001,4,4.0,58.07022946859904,-11.206944444444446,1.118645185091146
2001,5,2.0,70.43145161290322,-4.013172043010752,1.273439446430955
2001,6,18.0,54.25416666666667,10.929722222222225,5.235833327645436
2001,7,27.0,61.28517999064984,13.557398316970549,5.19513699335049
2001,8,27.0,72.28025445802446,11.519914178855274,3.275610305621278
2001,9,14.0,75.96853864734298,6.040869565217393,2.079635870420974
2001,10,22.0,86.4274193548387,-6.514112903225806,0.4818286025502249
2001,11,8.0,77.7868961352657,-17.988943236714974,0.3508295835116295
2001,12,13.0,72.65836839644693,-21.38354371201496,0.3355019409819701
2002,1,8.0,71.12477636215777,-24.361191236025203,0.2930490159618065
2002,2,8.0,63.87648809523811,-27.27455357142857,0.2846559742710348
2002,3,14.0,67.02185600748012,-19.0351683029453,0.5053281621704164
2002,4,23.0,66.84746376811594,-11.969202898550725,0.8463074103507839
2002,5,4.0,60.696411874707806,1.2308730715287517,2.531958342618812
2002,6,26.0,67.65833333333333,9.473055555555554,3.526540378779731
2002,7,24.0,67.11559139784947,12.856989247311832,4.3543711617882845
2002,8,64.0,75.32661290322582,8.181854838709677,2.381793457584375
2002,9,16.0,76.58194444444445,6.149166666666665,2.0306786972686317
2002,10,14.0,84.92607526881723,-4.976478494623656,0.6033404985811179
2002,11,16.0,83.60833333333332,-13.014444444444443,0.3674139551639306
2002,12,8.0,88.02016129032255,-15.145833333333334,0.229668613704099
2003,1,0.0,66.84811827956987,-26.86478494623656,0.2684984059932104
2003,2,14.0,69.26190476190476,-24.19508928571429,0.3068271881139601
2003,3,17.0,65.57795698924731,-23.22930107526881,0.3721749302343532
2003,4,9.0,75.17638888888888,-8.460972222222221,0.8056174424296083
2003,5,20.0,74.33783309957924,-0.2807737260402053,1.4872471406011665
2003,6,1.0,58.49166666666665,10.582916666666668,4.734955611453527
2003,7,37.0,67.06854838709677,14.286693548387095,4.762498330215129
2003,8,34.0,79.40395894428153,9.791935483870969,2.238834631128752
2003,9,32.0,83.52916666666667,2.925972222222223,1.187659594693308
2003,10,13.0,88.48924731182797,-2.311424731182796,0.5999005824503003
2003,11,29.0,77.41527777777777,-17.107361111111114,0.3815690170427825
2003,12,20.0,69.04435483870967,-24.26465053763441,0.306303925335064
2004,1,26.0,67.75940860215053,-29.3369623655914,0.2143942769430903
2004,2,10.0,64.79885057471265,-30.00186781609196,0.222742338397293
2004,3,15.0,64.64247311827957,-26.752016129032253,0.2919891318146602
2004,4,,63.64861111111112,-11.120416666666667,0.9739122442942784
2004,5,,66.97043010752687,-1.3907258064516133,1.7644786369581844
2004,6,,57.06805555555555,13.835277777777776,5.926457432662756
2004,7,,72.63037634408603,14.581451612903225,4.03619666135587
2004,8,,75.15188172043011,11.283064516129034,3.0089196068768604
2004,9,,80.51878019323672,2.089861111111111,1.2950560420340604
2004,10,,84.10618279569891,-7.560618279569892,0.5334668350393206
2004,11,,73.00694444444444,-20.968055555555555,0.3434959464015268
2004,12,,64.73924731182795,-27.859005376344083,0.2652400515860567
2005,1,,67.39650537634408,-22.359408602150538,0.3740218464777414
2005,2,,68.05803571428571,-23.85252976190477,0.3268461415533624
2005,3,,66.0725806451613,-19.7125,0.4806393988598834
2005,4,,67.77626811594203,-11.791449275362318,0.8316599428420761
2005,5,,74.8239247311828,1.2196236559139784,1.5963955904123912
2005,6,,64.71805555555555,9.751388888888888,3.927773072979015
2005,7,,77.51209677419357,10.178225806451612,2.571437025864613
2005,8,,77.70967741935482,10.664919354838704,2.600593046074163
2005,9,,80.7986111111111,3.569444444444444,1.368710119010771
2005,10,,83.04435483870967,-5.450672043010751,0.6693567070755195
2005,11,,71.8125,-21.003725490196075,0.3586005807292545
2005,12,,72.869623655914,-19.038440860215047,0.3969658206692419
2006,1,,62.04301075268817,-26.89045698924731,0.3093223436256478
2006,2,,60.894345238095234,-15.754761904761908,0.7379524350850848
2006,3,,51.45026881720431,-24.05779569892473,0.500739248373811
2006,4,,55.30833333333333,-14.575972222222225,0.9270126082532186
2006,5,,79.58467741935483,1.8732526881720435,1.35968427618407
2006,6,,65.45972222222223,13.410833333333333,4.78038128980028
2006,7,,67.41532258064517,14.6380376344086,4.774514658038081
2006,8,,81.36155913978497,12.406989247311826,2.436579900546045
2006,9,,79.2361111111111,7.631944444444445,2.0614836121438254
2006,10,,88.44220430107528,-3.513306451612903,0.5127067458888739
2006,11,,74.9875,-19.73208333333333,0.3475570124055473
2006,12,,79.95295698924731,-17.822446236559138,0.3220855199167292
2007,1,,69.75672043010755,-23.199596774193544,0.3247681791750434
2007,2,,64.77827380952381,-28.65863095238096,0.2479184407057048
2007,3,,61.055107526881706,-27.03131720430107,0.3155314768224151
2007,4,,69.15277777777779,-8.726666666666667,0.9694341834693216
2007,5,,65.97095605423095,-2.2917484805984105,1.6956618580481266
2007,6,,59.15694444444445,12.697777777777777,5.331536070101747
2007,7,,66.96908602150539,16.11720430107527,5.38530032890395
2007,8,,75.27284946236558,11.187365591397848,2.964308028889098
2007,9,,79.94583333333335,4.280972222222221,1.5480984588413724
2007,10,,86.70161290322581,-8.435349462365592,0.4228664341908597
2007,11,,78.66944444444445,-15.914166666666665,0.3955205142016462
2007,12,,72.44179523141655,-22.316462131837305,0.3168593289014876
2008,1,,67.56586021505377,-24.201344086021507,0.3237058887681787
2008,2,,67.38505747126437,-25.74870689655172,0.288657215132318
2008,3,,60.91666666666667,-25.10967741935483,0.3724626706077084
2008,4,,72.56805555555555,-8.742916666666668,0.8777259932521009
2008,5,,73.81317204301075,1.6760752688172045,1.767165187709578
2008,6,,52.679166666666674,13.78263888888889,6.491008865966444
2008,7,,63.68577606358111,14.585139083683965,5.283281555405022
2008,8,,77.7928938756428,7.242964001870031,1.9964024570516103
2008,9,,79.04643719806764,1.953405797101449,1.3588914071424396
2008,10,,81.13943431510053,-9.55549322113137,0.5444750169255022
2008,11,,77.4582729468599,-15.48611111111111,0.430037345424473
2008,12,,67.35945535296868,-23.40891771856008,0.3485724770776869
2009,1,13.0,61.53272557269752,-25.519086021505377,0.3546621257489231
2009,2,11.0,61.91964285714285,-22.789583333333336,0.427669376432426
2009,3,7.0,58.12079242636746,-27.29706054230949,0.3346476253635859
2009,4,11.0,66.44293478260869,-9.735555555555552,1.000203345149436
2009,5,7.0,66.65591397849462,0.7424146797568955,2.13934884044113
2009,6,4.0,64.21823671497584,10.493635265700483,4.1020561721979165
2009,7,16.0,68.35746844319776,12.747095605423096,4.109272261786062
2009,8,85.0,79.91602384291724,9.718863955119216,2.1659635995697446
2009,9,53.0,81.39064009661836,4.717958937198069,1.4922610222811343
2009,10,14.0,82.46499532491819,-4.805276998597475,0.7141366900831057
2009,11,12.0,73.05916776460255,-19.45036835748792,0.3830060319710056
2009,12,7.0,69.27302477793361,-20.2627863487611,0.4135263065174426
2010,1,0.0,64.94758064516128,-26.679973118279573,0.2887150298354584
2010,2,0.0,73.52723861283644,-21.88399327122153,0.3167050311800989
2010,3,21.0,69.789095371669,-19.78494623655914,0.4304866557407363
2010,4,13.0,72.14812801932366,-3.0985084541062804,1.350053621532013
2010,5,0.0,58.78225806451612,3.52258064516129,3.228067158969756
2010,6,55.0,67.27185990338164,10.410706521739126,3.907601876590178
2010,7,44.0,76.80252560669813,14.424945280292404,3.340973270611362
2010,8,23.0,76.57766054655956,13.412186025755451,3.23203229855112
2010,9,7.0,80.4975845410628,4.066135265700485,1.4526523918182912
2010,10,3.0,86.27302477793363,-5.704604955586722,0.5127245552167574
2010,11,14.0,82.06346618357489,-13.027240338164251,0.4043212829867793
2010,12,2.0,67.06910620935867,-26.2396877257852,0.2800064966533613
2011,1,1.0,70.50561009817673,-24.552962833099585,0.2844609425120507
2011,2,5.0,69.60384316770185,-19.985119047619044,0.4205443299028428
2011,3,1.0,61.47136512388966,-18.109782608695653,0.6374346703670812
2011,4,6.0,66.70942028985506,-15.257590579710149,0.6699313259809547
2011,5,10.0,67.32177920256461,2.119250484204902,2.33762559468234
2011,6,28.0,61.88894927536232,10.453454106280194,4.414874107140366
2011,7,15.0,66.1220780738663,15.629821178120617,5.162182063773711
2011,8,35.0,76.71294997662459,11.750864890135578,2.8668261056694124
2011,9,10.0,79.2560496267018,5.201641963109354,1.615410949996147
2011,10,11.0,81.3533511836457,-4.172925432445068,0.7775757677586479
2011,11,0.0,61.6459541062802,-22.07387077294685,0.4516444024950665
2011,12,5.0,56.073414722257645,-21.420410982192188,0.5472887127995179
2012,1,17.0,49.21791725105189,-27.018191912108463,0.4153618084728915
2012,2,7.0,55.421851574212894,-21.08384557721139,0.5779969572180652
2012,3,4.0,59.093501636278646,-28.62625058438523,0.2920206366992265
2012,4,5.0,68.30477053140096,-10.135549516908211,0.9257022035944766
2012,5,12.0,69.29550767138426,1.8154346763568363,2.057979918095149
2012,6,10.0,59.35059523809523,15.065307971014493,6.102593022043783
2012,7,78.0,68.82515194015895,17.51739130434783,5.248414591084341
2012,8,19.0,68.82831293297632,13.78532661821582,4.201131030212771
2012,9,26.0,68.13984134826526,7.218182641633728,2.88996997058695
2012,10,22.0,72.76654645027716,-2.978930408067856,1.253316216814062
2012,11,3.0,70.01256587615283,-17.932141523935,0.4782031501761161
2012,12,0.0,58.05941603978069,-27.55069860597561,0.3245658174694179
2013,1,5.0,57.88106090963736,-28.41972634074668,0.3043232546228942
2013,2,1.0,59.24559117125112,-28.094491274770785,0.3028203551038089
2013,3,0.0,60.00999298737728,-22.67028773003528,0.4568483592817388
2013,4,26.0,61.11763833992095,-16.553897672375932,0.7047424211515447
2013,5,26.0,62.91033405584599,-1.1952436355136216,1.9826237313870645
2013,6,25.0,61.79312613714788,12.196750658761529,4.91913506150052
2013,7,39.0,67.02355072463769,14.6693511198946,4.773790398083955
2013,8,29.0,74.78225806451613,12.501075268817203,3.237613455450033
2013,9,37.0,86.29027777777779,4.117638888888889,1.029588042441663
2013,10,8.0,84.00046750818139,0.5520562011620916,0.9308495519971034
2013,11,14.0,78.98726708074534,-14.177083333333334,0.4479558296169612
2013,12,15.0,74.5611517397983,-24.1258064516129,0.257536111959143
2014,1,8.0,74.44880785413746,-23.045809957924263,0.2824940491265207
2014,2,1.0,73.45089285714286,-24.0692352484472,0.2723886432616476
2014,3,41.0,71.60571528751753,-18.128406965871903,0.461312860361966
2014,4,6.0,65.5885265700483,-9.431708937198067,1.063609567274094
2014,5,19.0,70.85910472183265,3.3078833567087416,2.122397662737715
2014,6,70.0,64.4122584541063,12.402487922705316,4.6878563993323805
2014,7,55.0,68.7008425772451,13.920044413277235,4.355801117636736
2014,8,,74.30376344086022,10.571370967741936,2.8977899660140576
2014,9,31.0,78.50253623188406,3.650187198067632,1.6352126577828123
2014,10,42.0,87.69939223936417,-5.326081112669472,0.4770151330675523
2014,11,3.0,79.5401130873957,-17.180275581906017,0.3495183492210865
2014,12,8.0,78.7997311827957,-21.564650537634414,0.2609901101509606
2015,1,8.0,76.58006077606358,-23.86536348761103,0.2435907766460721
2015,2,7.0,74.67643633540374,-20.75565476190476,0.3360454758789446
2015,3,16.0,69.24006545114538,-17.49256077606358,0.5300723662897289
2015,4,18.0,70.74444444444445,-6.782361111111112,1.0756402942422478
2015,5,2.0,58.89112903225806,7.055376344086021,3.894340947938199
2015,6,46.0,65.23997584541063,11.890416666666663,4.317517722206604
2015,7,57.0,78.57392473118279,12.726209677419355,2.685262294871178
2015,8,57.0,79.56808087891538,9.61722767648434,2.168839072715434
2015,9,55.0,88.00126811594204,2.727844202898552,0.8084929458830681
2015,10,21.0,87.08908155892728,-5.453251838157167,0.4989660027684572
2015,11,13.0,83.868538647343,-14.19216183574879,0.3395290998463682
2015,12,6.0,79.1446353436185,-23.510442964001875,0.2213920978114679
2016,1,2.0,81.8494623655914,-18.26021505376344,0.2858296247933458
2016,2,1.0,77.62362568715642,-21.69548350824588,0.2744698374068586
2016,3,17.0,74.39481065918653,-18.087377279102384,0.4175811060342396
2016,4,5.0,67.95555555555556,-8.989305555555557,1.0105101231549924
2016,5,8.0,66.08467741935483,5.2380376344086015,2.91241703650542
2016,6,22.0,66.0530193236715,10.857536231884058,3.99475369670946
2016,7,56.0,76.18010752688173,13.85067204301075,3.317392284903658
2016,8,38.0,79.57661290322581,11.267741935483867,2.4148018387765333
2016,9,28.0,76.21944444444446,4.16875,1.864993229358098
2016,10,7.0,83.67338709677418,-5.836155913978495,0.6237640965442846
2016,11,16.0,85.0794685990338,-16.261388888888888,0.2688818611417509
2016,12,3.0,79.55142589995324,-22.272259233286583,0.2383794740961498
2017,1,24.0,79.3546633941094,-19.021324216923794,0.3070103502449046
2017,2,23.0,80.14880952380952,-22.215773809523807,0.2310878912036211
2017,3,10.0,72.06428237494156,-20.46238312295465,0.3848172904444966
2017,4,4.0,69.50905797101449,-11.891231884057976,0.7973338645063033
2017,5,14.0,70.20465170640485,4.053962131837307,2.3676764377858595
2017,6,26.0,59.56250000000001,10.97263888888889,4.786728001735617
2017,7,26.0,63.91912108461898,15.452618045815802,5.464353625324451
2017,8,60.0,75.98790322580643,13.451344086021509,3.239813791552709
2017,9,50.0,83.23472222222222,6.151527777777777,1.4473694025620416
2017,10,18.0,87.88844086021503,-3.4268817204301074,0.531586124276398
2017,11,14.0,78.86352657004831,-15.505591787439611,0.4053999622334903
2017,12,11.0,79.71831797235025,-15.805299539170507,0.3805703902189374
2018,1,15.0,76.62751285647498,-22.27767648433848,0.2716544240778153
2018,2,17.0,76.38328157349896,-18.32983307453416,0.3709356037744618
2018,3,7.0,68.95833333333334,-16.609408602150538,0.5715345105985608
2018,4,6.0,64.82204106280193,-11.104468599033815,0.9614015790191566
2018,5,34.0,67.90188172043011,1.4541666666666666,2.114580651620265
2018,6,4.0,63.28013285024155,9.791757246376813,3.941730915966768
2018,7,58.0,69.66098750478133,14.49651334523354,4.322641558275981
2018,8,40.0,79.97311827956989,7.5350806451612895,1.8312039655671049
2018,9,26.0,76.9584541062802,0.6864855072463769,1.4001698621964085
2018,10,,85.47715053763442,-4.803897849462365,0.5946764306785517
2018,11,,80.02874396135266,-15.933900966183575,0.3702602125482244
2018,12,,77.31720430107528,-19.245698924731183,0.3307056647024937
2019,1,,73.89516129032259,-22.38965053763441,0.3036460916011838
2019,2,,71.44791666666667,-16.308779761904763,0.5278862709701593
2019,3,,69.61290322580646,-8.039247311827957,1.015186384958371
2019,4,,68.75821256038648,-8.50683574879227,1.0149575550064869
2019,5,,60.75537634408602,4.38919471715755,3.0303459719967485
2019,6,,58.22361111111112,10.660833333333333,4.784120737580553
2019,7,,65.2513440860215,14.57029569892473,4.961190903326486
2019,8,,79.29435483870968,7.654166666666667,1.9343048422683944
2019,9,,79.91944444444444,6.989305555555557,1.8712222638667464
2019,10,,82.7997311827957,-3.141532258064516,0.7902197344211963
2019,11,,79.4237922705314,-14.652578502415455,0.4319444314000082
2019,12,,73.69623655913978,-26.990591397849467,0.2148537053370269
2020,1,,72.93413978494623,-27.374193548387098,0.2153235359161106
2020,2,,73.64948775612193,-27.193484507746124,0.2116988355873834
2020,3,,69.47954651706407,-18.593951612903226,0.4834097132248041
2020,4,,64.67916666666666,-8.87388888888889,1.1338778933997071
2020,5,,64.15053763440861,1.4588709677419354,2.3658325630622468
2020,6,,56.24861111111112,12.847910628019326,5.721489884251496
2020,7,,75.8188990182328,10.93331580177653,2.8174900886849663
2020,8,,77.98153342683497,11.72904978962132,2.612357717413589
2020,9,,86.88750000000002,4.479444444444444,1.011511827765486
2020,10,,85.00298036465637,-5.015118045815802,0.6012432462003896
2020,11,,79.50513285024157,-15.322572463768116,0.4007961262556512
2020,12,,77.29032258064517,-23.86478494623656,0.2340724753502474
