Year,Month,Precipitation,RelativeHumiditi,SunshineDuration,Temperature,VPD
1912,1,,,,,
1912,2,,,,,
1912,3,,,,,
1912,4,,,,,
1912,5,,,,,
1912,6,,,,,
1912,7,,,,,
1912,8,,,,,
1912,9,,,,5.5,
1912,10,,,,-2.5,
1912,11,,,,-4.9,
1912,12,,,,-9.3,
1913,1,,,,-12.5,2.1
1913,2,,,,-12.5,2.0
1913,3,,,,-7.6,2.9
1913,4,,,,-0.1,4.5
1913,5,,,,2.7,4.9
1913,6,,,,8.4,6.7
1913,7,,,,14.6,10.4
1913,8,,,,12.6,11.2
1913,9,,,,7.1,8.1
1913,10,,,,-1.9,4.7
1913,11,,,,-5.2,4.0
1913,12,,,,-10.4,2.7
1914,1,,,,-13.7,2.0
1914,2,,,,-11.2,2.5
1914,3,,,,-9.8,2.5
1914,4,,,,-1.9,4.0
1914,5,,,,3.3,5.5
1914,6,,,,11.7,9.2
1914,7,,,,13.8,11.3
1914,8,,,,10.1,9.6
1914,9,,,,6.4,8.1
1914,10,,,,0.8,5.6
1914,11,,,,-4.9,4.0
1914,12,,,,-6.7,3.7
1915,1,,,,-13.6,2.0
1915,2,,,,-13.8,2.1
1915,3,,,,-13.1,2.0
1915,4,,,,-1.6,4.4
1915,5,,,,2.8,5.2
1915,6,,,,7.2,7.1
1915,7,,,,15.7,13.2
1915,8,,,,11.0,10.5
1915,9,,,,5.0,7.2
1915,10,,,,0.1,5.1
1915,11,,,,-7.9,3.3
1915,12,,,,-18.6,1.2
1916,1,,,,-10.9,2.5
1916,2,,,,-9.6,2.8
1916,3,,,,-9.7,2.7
1916,4,,,,-2.8,4.0
1916,5,,,,0.7,4.4
1916,6,,,,9.4,7.9
1916,7,,,,16.1,11.9
1916,8,,,,9.4,9.7
1916,9,,,,4.7,6.9
1916,10,,,,-2.2,4.5
1916,11,,,,-1.3,5.2
1916,12,,,,-7.9,3.1
1917,1,,,,-15.1,2.0
1917,2,,,,-17.1,1.5
1917,3,,,,-12.4,2.1
1917,4,,,,-3.7,4.0
1917,5,,,,1.1,4.8
1917,6,,,,11.5,9.7
1917,7,,,,12.2,9.7
1917,8,,,,13.6,12.7
1917,9,,,,6.8,8.7
1917,10,,,,3.4,
1917,11,,,,-5.4,
1917,12,,,,-10.3,
1918,1,,,,-19.4,
1918,2,,,,-12.3,
1918,3,,,,-5.8,
1918,4,,,,1.2,
1918,5,,,,1.7,
1918,6,,,,9.6,9.1
1918,7,,,,13.1,10.1
1918,8,,,,9.3,7.9
1918,9,,,,7.1,8.4
1918,10,,,,,
1918,11,,,,-1.5,
1918,12,,,,-7.2,
1919,1,,,,-11.1,
1919,2,,,,-16.5,
1919,3,,,,-10.6,
1919,4,,,,-3.1,
1919,5,,,,4.2,
1919,6,,,,12.5,
1919,7,,,,16.4,12.3
1919,8,,,,12.4,11.5
1919,9,,,,8.0,8.7
1919,10,,,,,
1919,11,,,,-7.5,
1919,12,,,,-12.8,
1920,1,,,,-14.3,2.0
1920,2,,,,-8.7,2.8
1920,3,,,,-2.0,4.0
1920,4,,,,1.0,4.9
1920,5,,,,6.8,6.9
1920,6,,,,11.0,9.2
1920,7,,,,15.5,11.7
1920,8,,,,13.2,11.1
1920,9,,,,9.9,9.9
1920,10,,,,-0.4,5.1
1920,11,,,,-2.2,4.5
1920,12,,,,-6.5,3.6
1921,1,,,,-14.6,1.9
1921,2,,,,-11.5,2.3
1921,3,,,,-5.2,3.9
1921,4,,,,2.9,5.2
1921,5,,,,7.5,6.9
1921,6,,,,12.0,9.6
1921,7,,,,12.3,10.1
1921,8,,,,12.7,
1921,9,,,,7.4,
1921,10,,,,-1.0,
1921,11,,,,-7.1,
1921,12,,,,-9.4,
1922,1,,,,-11.0,2.5
1922,2,,,,-12.8,2.4
1922,3,,,,-8.2,2.8
1922,4,,,,-2.0,4.1
1922,5,,,,5.1,6.4
1922,6,,,,12.4,10.0
1922,7,,,,15.5,11.7
1922,8,,,,11.9,11.1
1922,9,,,,9.2,9.2
1922,10,,,,0.8,5.6
1922,11,,,,-5.7,
1922,12,,,,-11.0,
1923,1,,,,-6.5,3.5
1923,2,,,,-15.1,1.9
1923,3,,,,-6.0,3.2
1923,4,,,,-2.8,3.7
1923,5,,,,2.0,5.2
1923,6,,,,8.4,7.7
1923,7,,,,14.0,11.3
1923,8,,,,9.2,8.9
1923,9,,,,,
1923,10,,,,2.9,6.7
1923,11,,,,-3.6,4.3
1923,12,,,,-6.7,3.5
1924,1,,,,-12.8,2.3
1924,2,,,,-12.3,2.1
1924,3,,,,-8.7,2.8
1924,4,,,,-3.5,3.7
1924,5,,,,3.9,5.7
1924,6,,,,7.1,7.2
1924,7,,,,14.7,11.3
1924,8,,,,14.9,11.9
1924,9,,,,8.7,9.6
1924,10,,,,4.2,
1924,11,,,,-3.6,
1924,12,,,,-4.9,
1925,1,,,,-4.9,3.6
1925,2,,,,-8.3,3.1
1925,3,,,,-11.3,2.1
1925,4,,,,-0.2,4.3
1925,5,,,,3.6,5.3
1925,6,,,,8.6,8.1
1925,7,,,,17.2,12.8
1925,8,,,,12.9,11.3
1925,9,,,,7.5,8.5
1925,10,,,,-0.8,4.9
1925,11,,,,-9.7,2.8
1925,12,,,,-11.2,2.5
1926,1,,,,-13.2,2.1
1926,2,,,,-13.3,2.3
1926,3,,,,-5.2,3.3
1926,4,,,,-2.6,4.0
1926,5,,,,2.4,5.1
1926,6,,,,9.8,8.4
1926,7,,,,12.9,9.6
1926,8,,,,11.7,10.7
1926,9,,,,6.8,8.1
1926,10,,,,-1.0,5.1
1926,11,,,,-3.2,4.5
1926,12,,,,-10.9,2.7
1927,1,,,,-14.9,
1927,2,,,,-8.0,
1927,3,,,,-7.5,
1927,4,,,,-2.2,
1927,5,,,,2.7,4.8
1927,6,,,,10.5,8.1
1927,7,,,,16.8,11.9
1927,8,,,,13.4,12.0
1927,9,,,,6.1,7.5
1927,10,,,,-2.5,4.8
1927,11,,,,-8.9,2.9
1927,12,,,,-10.0,2.8
1928,1,,,,-8.4,2.8
1928,2,,,,-8.7,2.8
1928,3,,,,-4.5,3.3
1928,4,,,,-1.2,4.3
1928,5,,,,3.3,5.3
1928,6,,,,8.6,7.2
1928,7,,,,12.9,10.5
1928,8,,,,11.7,11.1
1928,9,,,,6.3,8.1
1928,10,,,,-1.6,4.8
1928,11,,,,-7.6,3.5
1928,12,,,,-8.4,3.3
1929,1,,,,-13.1,2.1
1929,2,,,,-14.7,1.9
1929,3,,,,-9.3,2.5
1929,4,,,,-6.4,2.7
1929,5,,,,3.8,5.7
1929,6,,,,9.2,7.3
1929,7,,,,11.5,9.5
1929,8,,,,12.0,10.9
1929,9,,,,7.8,8.4
1929,10,,,,2.9,6.7
1929,11,,,,-1.1,5.1
1929,12,,,,-3.2,4.5
1930,1,,,,-5.0,4.0
1930,2,,,,-12.1,2.3
1930,3,,,,-9.2,2.5
1930,4,,,,-1.8,3.9
1930,5,,,,4.3,5.7
1930,6,,,,10.4,7.3
1930,7,,,,14.3,9.9
1930,8,,,,14.0,12.7
1930,9,,,,4.8,6.7
1930,10,,,,1.7,6.0
1930,11,,,,-2.9,4.8
1930,12,,,,-9.6,2.8
1931,1,,,,-13.3,2.1
1931,2,,,,-10.3,2.8
1931,3,,,,-8.2,2.8
1931,4,,,,-1.2,4.9
1931,5,,,,4.8,6.7
1931,6,,,,7.3,8.0
1931,7,,,,15.8,12.5
1931,8,,,,13.3,13.1
1931,9,,,,4.9,6.9
1931,10,,,,1.2,5.9
1931,11,,,,-2.0,5.2
1931,12,,,,-5.7,3.7
1932,1,,,,-6.5,3.3
1932,2,,,,-10.8,2.5
1932,3,,,,-8.5,2.8
1932,4,,,,-0.2,4.9
1932,5,,,,2.9,5.2
1932,6,,,,8.1,7.6
1932,7,,,,14.8,11.9
1932,8,,,,13.6,12.7
1932,9,,,,7.4,8.5
1932,10,,,,0.8,6.0
1932,11,,,,-2.6,4.4
1932,12,,,,-3.3,4.3
1933,1,,,,-9.4,2.9
1933,2,,,,-13.8,
1933,3,,,,-10.5,2.3
1933,4,,,,-3.1,3.9
1933,5,,,,1.9,4.8
1933,6,,,,11.1,8.0
1933,7,,,,16.0,13.3
1933,8,,,,11.9,10.3
1933,9,,,,6.3,7.9
1933,10,,,,2.0,6.1
1933,11,,,,-5.3,4.0
1933,12,,,,-8.3,3.2
1934,1,,,,-5.2,
1934,2,,,,-11.4,
1934,3,,,,-8.3,
1934,4,,,,-2.3,
1934,5,,,,6.6,6.7
1934,6,,,,9.5,7.9
1934,7,,,,15.2,12.9
1934,8,,,,12.9,11.3
1934,9,,,,9.9,10.4
1934,10,,,,2.8,
1934,11,,,,-2.3,
1934,12,,,,-5.1,
1935,1,,,,-9.9,
1935,2,,,,-10.4,
1935,3,,,,-6.6,
1935,4,,,,-2.6,
1935,5,,,,1.8,
1935,6,,,,10.1,8.3
1935,7,,,,13.0,10.8
1935,8,,,,11.5,10.3
1935,9,,,,6.0,7.7
1935,10,,,,2.1,6.7
1935,11,,,,-0.5,
1935,12,,,,-6.3,
1936,1,,,,-12.8,
1936,2,,,,-18.5,
1936,3,,,,-8.6,
1936,4,,,,-1.5,
1936,5,,,,6.2,6.1
1936,6,,,,14.2,9.5
1936,7,,,,14.6,12.5
1936,8,,,,14.1,11.9
1936,9,,,,7.8,8.1
1936,10,,,,0.8,5.6
1936,11,,,,-0.6,5.2
1936,12,,,,-2.8,4.3
1937,1,,,,-7.4,3.4
1937,2,,,,-12.6,2.2
1937,3,,,,-6.8,3.3
1937,4,,,,1.2,5.0
1937,5,,,,5.9,5.6
1937,6,,,,13.8,9.7
1937,7,,,,15.4,11.0
1937,8,,,,15.5,13.2
1937,9,,,,7.6,8.2
1937,10,,,,3.3,6.6
1937,11,,,,-1.3,4.8
1937,12,,,,-9.8,2.8
1938,1,,,,-9.2,3.0
1938,2,,,,-4.5,3.8
1938,3,,,,-3.8,3.7
1938,4,,,,-0.1,4.2
1938,5,,,,5.4,5.6
1938,6,,,,10.6,9.8
1938,7,,,,18.2,15.1
1938,8,,,,13.8,11.7
1938,9,,,,10.2,10.4
1938,10,,,,3.2,7.0
1938,11,,,,-0.7,5.6
1938,12,,,,-3.3,4.5
1939,1,,,,-10.5,2.5
1939,2,,,,-9.0,3.0
1939,3,,,,-7.6,3.2
1939,4,,,,-2.7,4.0
1939,5,,,,3.6,5.2
1939,6,,,,10.8,8.5
1939,7,,,,14.0,11.7
1939,8,,,,14.3,11.5
1939,9,,,,5.0,7.2
1939,10,,,,0.4,5.2
1939,11,,,,-0.4,5.5
1939,12,,,,-8.9,3.0
1940,1,,,,-16.0,1.7
1940,2,,,,-15.8,1.7
1940,3,,,,-12.9,2.2
1940,4,,,,-2.6,3.9
1940,5,,,,5.4,6.0
1940,6,,,,12.0,9.3
1940,7,,,,14.2,12.5
1940,8,,,,13.8,12.8
1940,9,,,,9.3,10.1
1940,10,,,,2.2,6.2
1940,11,,,,-4.4,4.2
1940,12,,,,-8.7,3.0
1941,1,,,,-15.0,2.0
1941,2,,,,-13.1,2.2
1941,3,,,,-13.4,2.1
1941,4,,,,-3.8,3.7
1941,5,,,,2.7,5.2
1941,6,,,,8.3,7.6
1941,7,,,,17.0,13.5
1941,8,,,,12.6,11.8
1941,9,,,,6.0,7.2
1941,10,,,,-1.2,4.8
1941,11,,,,-4.6,4.0
1941,12,,,,-15.7,1.8
1942,1,,,,-14.6,1.9
1942,2,,,,-12.6,2.3
1942,3,,,,-12.5,2.2
1942,4,,,,-2.1,4.3
1942,5,,,,2.9,5.5
1942,6,,,,10.4,8.6
1942,7,,,,14.7,11.1
1942,8,,,,12.5,11.3
1942,9,,,,7.6,8.8
1942,10,,,,1.0,6.0
1942,11,,,,-5.3,
1942,12,,,,-9.9,
1943,1,,,,-12.9,
1943,2,,,,-5.5,
1943,3,,,,-3.7,
1943,4,,,,-0.1,
1943,5,,,,5.5,
1943,6,,,,12.8,
1943,7,,,,16.6,
1943,8,,,,12.8,
1943,9,,,,7.9,
1943,10,,,,1.6,
1943,11,,,,-0.5,
1943,12,,,,-3.9,
1944,1,,,,-7.4,
1944,2,,,,-7.7,
1944,3,,,,-5.9,
1944,4,,,,-3.2,
1944,5,,,,3.4,
1944,6,,,,9.0,
1944,7,,,,13.4,
1944,8,,,,12.1,
1944,9,,,,8.4,
1944,10,,,,4.9,
1944,11,,,,-0.4,
1944,12,,,,-3.7,
1945,1,,,,-11.0,
1945,2,,,,-11.0,
1945,3,,,,-9.0,
1945,4,,,,-2.0,
1945,5,,,,2.7,
1945,6,,,,8.6,
1945,7,,,,14.2,
1945,8,,,,14.6,
1945,9,,,,7.1,
1945,10,,,,-1.7,
1945,11,,,,-5.3,
1945,12,,,,-14.2,
1946,1,,,,-9.1,
1946,2,,,,-14.6,
1946,3,,,,-10.0,
1946,4,,,,-1.6,
1946,5,,,,3.8,
1946,6,,,,10.7,
1946,7,,,,16.2,
1946,8,,,,12.7,
1946,9,,,,9.2,
1946,10,,,,0.0,
1946,11,,,,-4.8,
1946,12,,,,-2.5,
1947,1,,,,-9.9,
1947,2,,,,-17.2,
1947,3,,,,-11.9,
1947,4,,,,-1.4,4.6
1947,5,,,,4.4,5.8
1947,6,,,,13.8,11.0
1947,7,,,,14.5,12.3
1947,8,,,,13.4,
1947,9,,,,9.4,9.6
1947,10,,,,2.2,6.2
1947,11,,,,-2.7,4.4
1947,12,,,,-8.6,2.9
1948,1,,,,-14.5,2.1
1948,2,,,,-9.4,2.7
1948,3,,,,-6.8,3.0
1948,4,,,,0.9,
1948,5,,,,6.5,7.0
1948,6,,,,12.3,10.0
1948,7,,,,14.2,9.8
1948,8,,,,10.6,10.2
1948,9,,,,8.4,8.9
1948,10,,,,2.4,6.4
1948,11,,,,-2.2,4.7
1948,12,,,,-5.6,3.6
1949,1,,,,-6.5,3.2
1949,2,,,,-5.8,3.3
1949,3,,,,-8.3,2.8
1949,4,,,,-0.2,4.5
1949,5,,,,5.4,6.2
1949,6,,,,8.4,7.5
1949,7,,,,12.2,9.7
1949,8,,,,11.5,10.9
1949,9,,,,9.4,9.7
1949,10,,,,1.2,5.6
1949,11,,,,-1.3,5.2
1949,12,,,,-5.6,4.0
1950,1,,,,-13.5,2.4
1950,2,,,,-11.0,2.7
1950,3,,,,-6.1,3.6
1950,4,,,,1.8,5.2
1950,5,,,,4.8,5.6
1950,6,,,,10.9,8.3
1950,7,,,,12.2,9.4
1950,8,,,,13.8,10.9
1950,9,,,,8.2,9.1
1950,10,,,,4.6,7.3
1950,11,,,,-2.7,4.6
1950,12,,,,-5.1,
1951,1,,,,-13.8,
1951,2,,,,-10.4,
1951,3,,,,-7.7,
1951,4,,,,0.8,5.3
1951,5,,,,2.7,4.5
1951,6,,,,9.1,7.8
1951,7,,,,12.4,10.7
1951,8,,,,15.5,13.4
1951,9,,,,7.6,8.8
1951,10,,,,4.4,7.1
1951,11,,,,-6.0,3.8
1951,12,,,,-7.0,3.5
1952,1,,,,-7.7,3.3
1952,2,,,,-7.2,3.3
1952,3,,,,-11.8,2.3
1952,4,,,,-1.2,4.4
1952,5,,,,2.2,5.2
1952,6,,,,11.8,8.9
1952,7,,,,15.3,11.8
1952,8,,,,10.2,9.6
1952,9,,,,6.8,7.9
1952,10,,,,-0.6,4.7
1952,11,,,,-5.1,3.9
1952,12,,,,-9.7,2.7
1953,1,,,,-10.9,2.4
1953,2,,,,-16.6,1.7
1953,3,,,,-5.8,3.2
1953,4,,,,0.9,4.9
1953,5,,,,3.8,5.6
1953,6,,,,14.8,9.8
1953,7,,,,13.6,10.8
1953,8,,,,13.6,12.8
1953,9,,,,5.2,6.9
1953,10,,,,2.3,5.9
1953,11,,,,-1.2,4.8
1953,12,,,,-2.4,4.4
1954,1,,,,-8.6,3.4
1954,2,,,,-12.6,2.2
1954,3,,,,-4.4,3.4
1954,4,,,,-0.6,3.5
1954,5,,,,6.2,6.2
1954,6,,,,10.8,9.6
1954,7,,,,17.2,14.4
1954,8,,,,12.9,11.3
1954,9,,,,8.4,9.3
1954,10,,,,0.9,8.7
1954,11,,,,-4.4,3.9
1954,12,,,,-1.9,4.7
1955,1,,,,-10.9,2.4
1955,2,,,,-14.9,1.9
1955,3,,,,-12.6,2.0
1955,4,,,,-3.5,3.9
1955,5,,,,2.9,5.2
1955,6,,,,8.4,7.1
1955,7,,,,13.7,10.3
1955,8,,,,13.4,11.0
1955,9,,,,7.8,8.9
1955,10,,,,1.5,5.6
1955,11,,,,-8.4,3.0
1955,12,,,,-16.8,1.6
1956,1,,,,-12.0,2.4
1956,2,,,,-17.4,1.6
1956,3,,,,-7.0,3.0
1956,4,,,,-5.8,2.8
1956,5,,,,5.3,5.8
1956,6,,,,12.4,9.1
1956,7,,,,12.5,9.6
1956,8,,,,10.6,9.5
1956,9,,,,5.6,6.9
1956,10,,,,-0.4,5.2
1956,11,,,,-9.1,2.8
1956,12,,,,-6.0,3.6
1957,1,,,,-8.6,2.8
1957,2,,,,-8.3,3.0
1957,3,,,,-10.6,2.3
1957,4,,,,-1.2,4.0
1957,5,,,,4.3,6.1
1957,6,,,,9.2,8.0
1957,7,,,,16.7,13.2
1957,8,,,,14.4,11.7
1957,9,,,,8.0,8.7
1957,10,,,,2.6,6.3
1957,11,,,,-2.5,4.5
1957,12,,,,-9.7,2.5
1958,1,,,,-15.4,1.8
1958,2,,,,-10.6,2.6
1958,3,,,,-9.4,2.5
1958,4,,,,-3.4,3.4
1958,5,,,,1.6,5.0
1958,6,,,,10.4,8.0
1958,7,,,,12.4,10.2
1958,8,,,,13.4,10.5
1958,9,,,,6.6,7.2
1958,10,,,,1.7,5.4
1958,11,,,,-0.8,4.8
1958,12,,,,-14.6,1.8
1959,1,,,,-10.8,2.4
1959,2,,,,-5.4,3.3
1959,3,,,,-1.9,4.0
1959,4,,,,-3.1,3.6
1959,5,,,,5.8,5.6
1959,6,,,,13.3,8.7
1959,7,,,,14.3,10.8
1959,8,,,,13.9,12.2
1959,9,,,,5.7,7.1
1959,10,,,,0.7,5.4
1959,11,,,,-2.7,4.7
1959,12,,,,-10.6,2.5
1960,1,,,,-14.7,1.8
1960,2,,,,-14.0,1.9
1960,3,,,,-6.0,3.3
1960,4,,,,0.8,4.6
1960,5,,,,6.8,6.5
1960,6,,,,10.7,8.3
1960,7,,,,18.2,13.7
1960,8,,,,13.6,12.1
1960,9,,,,7.7,8.5
1960,10,,,,-3.6,3.9
1960,11,,,,-7.9,3.2
1960,12,,,,-8.2,3.3
1961,1,,,1.0,-9.1,2.8
1961,2,,,32.0,-8.9,2.9
1961,3,,,107.0,-5.0,3.4
1961,4,,,214.0,-4.1,3.2
1961,5,,,156.0,2.8,5.2
1961,6,,,320.0,13.2,10.2
1961,7,,,257.0,16.4,13.1
1961,8,,,139.0,12.8,11.6
1961,9,,,147.0,7.0,7.6
1961,10,,,38.0,6.2,8.1
1961,11,,,16.0,-3.0,4.5
1961,12,,,0.0,-12.5,2.2
1962,1,,,14.0,-11.4,2.4
1962,2,,,76.0,-10.1,2.6
1962,3,,,191.0,-14.6,1.8
1962,4,,,146.0,0.8,5.0
1962,5,,,236.0,5.1,6.0
1962,6,,,271.0,9.0,8.0
1962,7,,,189.0,11.9,10.4
1962,8,,,136.0,10.3,10.1
1962,9,,,82.0,6.8,8.1
1962,10,,,66.0,1.0,5.9
1962,11,,,8.0,-1.0,5.1
1962,12,,,0.0,-12.6,2.1
1963,1,,,7.0,-13.4,2.0
1963,2,,,52.0,-15.8,1.6
1963,3,,,225.0,-14.0,1.8
1963,4,,,228.0,-0.3,4.2
1963,5,,,343.0,9.2,8.2
1963,6,,,242.0,8.9,7.6
1963,7,,,325.0,13.4,10.0
1963,8,,,168.0,12.1,11.3
1963,9,,,92.0,9.0,10.1
1963,10,,,68.0,2.3,6.6
1963,11,,,8.0,-4.9,4.0
1963,12,,,0.0,-11.0,2.8
1964,1,,,8.0,-7.3,
1964,2,,,37.0,-14.0,
1964,3,,,192.0,-9.2,
1964,4,,,189.0,-2.5,
1964,5,,,227.0,4.6,
1964,6,,,254.0,10.4,
1964,7,,,328.0,15.7,
1964,8,,,208.0,13.1,
1964,9,,,120.0,6.2,
1964,10,,,54.0,3.0,
1964,11,,,11.0,-7.2,
1964,12,,,0.0,-8.7,
1965,1,,,0.0,-10.7,
1965,2,,,34.0,-13.8,
1965,3,,,146.0,-8.9,
1965,4,,,220.0,-1.4,
1965,5,,,247.0,2.4,
1965,6,,,263.0,10.6,
1965,7,,,237.0,12.8,
1965,8,,,88.0,11.2,
1965,9,,,72.0,7.8,
1965,10,,,71.0,0.4,
1965,11,,,6.0,-8.1,
1965,12,,,0.0,-11.1,
1966,1,16.0,80.0,5.0,-18.7,1.3
1966,2,25.0,81.0,19.0,-21.4,1.0
1966,3,46.0,78.0,165.0,-16.0,1.6
1966,4,22.0,78.0,179.0,-5.0,3.6
1966,5,35.0,73.0,210.0,3.8,6.0
1966,6,102.0,74.0,270.0,10.4,9.5
1966,7,103.0,71.0,305.0,13.9,12.7
1966,8,58.0,82.0,189.0,11.5,11.3
1966,9,96.0,86.0,73.0,4.3,7.4
1966,10,92.0,89.0,48.0,-2.0,4.9
1966,11,48.0,89.0,15.0,-2.4,4.8
1966,12,54.0,87.0,0.0,-9.1,3.0
1967,1,30.0,86.0,2.0,-15.0,1.9
1967,2,31.0,87.0,15.0,-8.8,3.0
1967,3,60.0,82.0,86.0,-1.9,4.6
1967,4,24.0,70.0,183.0,0.4,4.4
1967,5,41.0,65.0,289.0,4.3,5.5
1967,6,37.0,58.0,299.0,10.7,7.4
1967,7,46.0,71.0,259.0,14.7,11.8
1967,8,74.0,80.0,181.0,15.3,14.0
1967,9,57.0,81.0,137.0,8.5,9.4
1967,10,93.0,88.0,40.0,2.0,6.4
1967,11,30.0,90.0,1.0,0.2,5.8
1967,12,18.0,82.0,0.0,-15.4,1.8
1968,1,27.0,81.0,0.0,-20.7,1.0
1968,2,25.0,79.0,49.0,-14.0,1.9
1968,3,42.0,78.0,93.0,-7.5,3.0
1968,4,43.0,72.0,184.0,-3.2,3.6
1968,5,24.0,63.0,269.0,3.0,4.7
1968,6,68.0,68.0,254.0,11.2,9.2
1968,7,36.0,71.0,220.0,10.9,9.1
1968,8,84.0,80.0,207.0,10.8,10.4
1968,9,38.0,81.0,138.0,4.6,7.2
1968,10,62.0,86.0,61.0,-3.9,4.3
1968,11,35.0,88.0,11.0,-5.3,3.9
1968,12,27.0,89.0,0.0,-5.8,3.7
1969,1,24.0,88.0,2.0,-15.8,1.8
1969,2,20.0,85.0,42.0,-18.8,1.3
1969,3,22.0,80.0,143.0,-9.8,2.5
1969,4,13.0,74.0,181.0,-2.8,3.8
1969,5,10.0,69.0,231.0,2.0,4.8
1969,6,13.0,65.0,273.0,8.7,7.3
1969,7,54.0,71.0,269.0,13.3,10.8
1969,8,47.0,78.0,205.0,11.5,10.4
1969,9,68.0,84.0,72.0,6.2,8.1
1969,10,64.0,89.0,46.0,2.0,6.4
1969,11,59.0,92.0,19.0,-4.4,4.3
1969,12,28.0,93.0,0.0,-11.0,2.8
1970,1,21.0,91.0,2.0,-11.8,2.5
1970,2,14.0,87.0,39.0,-18.5,1.4
1970,3,46.0,87.0,74.0,-5.0,3.8
1970,4,24.0,75.0,194.0,-4.3,3.5
1970,5,33.0,71.0,227.0,3.7,5.6
1970,6,18.0,63.0,331.0,13.7,9.6
1970,7,71.0,78.0,253.0,15.8,14.0
1970,8,36.0,78.0,254.0,13.6,12.1
1970,9,106.0,86.0,55.0,7.7,9.3
1970,10,45.0,86.0,48.0,1.8,6.2
1970,11,17.0,88.0,13.0,-6.2,3.6
1970,12,39.0,90.0,0.0,-8.8,3.1
1971,1,41.0,88.0,7.0,-11.8,2.8
1971,2,54.0,87.0,49.0,-15.3,1.9
1971,3,25.0,83.0,144.0,-11.6,2.4
1971,4,24.0,79.0,214.0,-4.4,3.6
1971,5,16.0,74.0,273.0,2.9,5.6
1971,6,18.0,72.0,279.0,9.2,8.3
1971,7,92.0,76.0,291.0,13.4,11.6
1971,8,60.0,89.0,123.0,12.0,12.6
1971,9,83.0,90.0,100.0,5.6,8.2
1971,10,42.0,94.0,49.0,-1.0,5.5
1971,11,36.0,93.0,12.0,-9.7,3.2
1971,12,38.0,92.0,0.0,-10.8,2.8
1972,1,15.0,91.0,0.0,-11.9,2.7
1972,2,22.0,91.0,56.0,-11.6,2.5
1972,3,24.0,85.0,140.0,-6.9,3.5
1972,4,46.0,83.0,132.0,-1.5,4.6
1972,5,20.0,77.0,217.0,3.6,6.2
1972,6,38.0,74.0,297.0,13.1,11.1
1972,7,32.0,69.0,352.0,18.1,14.3
1972,8,70.0,76.0,254.0,14.5,12.6
1972,9,96.0,84.0,84.0,6.6,8.3
1972,10,31.0,84.0,41.0,1.3,5.7
1972,11,48.0,89.0,10.0,-7.1,3.3
1972,12,37.0,83.0,0.0,-2.4,4.4
1973,1,71.0,79.0,2.0,-10.0,2.6
1973,2,18.0,81.0,62.0,-11.8,2.4
1973,3,20.0,77.0,166.0,-7.2,3.0
1973,4,43.0,77.0,150.0,-0.7,4.5
1973,5,23.0,67.0,255.0,5.1,5.8
1973,6,56.0,67.0,257.0,12.9,9.9
1973,7,0.0,63.0,426.0,17.7,12.6
1973,8,73.0,73.0,192.0,11.4,9.8
1973,9,35.0,79.0,102.0,4.0,6.8
1973,10,25.0,83.0,78.0,-2.3,4.5
1973,11,39.0,84.0,21.0,-9.0,3.0
1973,12,37.0,80.0,0.0,-14.1,1.9
1974,1,54.0,81.0,0.0,-9.8,2.5
1974,2,48.0,83.0,15.0,-8.1,3.1
1974,3,4.0,76.0,108.0,-4.3,3.4
1974,4,10.0,64.0,252.0,-0.7,3.7
1974,5,15.0,62.0,324.0,3.2,4.7
1974,6,63.0,71.0,312.0,13.2,10.7
1974,7,74.0,77.0,272.0,16.8,14.5
1974,8,71.0,79.0,191.0,13.4,12.1
1974,9,89.0,83.0,105.0,9.6,10.0
1974,10,32.0,84.0,38.0,1.6,5.9
1974,11,42.0,84.0,6.0,-5.3,3.6
1974,12,56.0,86.0,0.0,-2.3,4.5
1975,1,36.0,83.0,4.0,-10.0,2.8
1975,2,15.0,80.0,75.0,-8.9,2.9
1975,3,29.0,81.0,92.0,-2.6,4.2
1975,4,51.0,75.0,154.0,-0.8,4.4
1975,5,61.0,70.0,248.0,6.0,6.5
1975,6,64.0,66.0,265.0,10.0,8.1
1975,7,61.0,73.0,231.0,13.0,11.0
1975,8,21.0,72.0,193.0,10.5,9.2
1975,9,94.0,79.0,145.0,8.1,8.6
1975,10,49.0,81.0,67.0,0.3,5.3
1975,11,34.0,85.0,24.0,-3.3,4.3
1975,12,63.0,85.0,0.0,-9.9,3.0
1976,1,44.0,86.0,0.0,-15.9,1.7
1976,2,13.0,83.0,55.0,-12.4,2.5
1976,3,18.0,83.0,111.0,-9.8,2.7
1976,4,25.0,72.0,218.0,-1.0,4.1
1976,5,20.0,72.0,251.0,5.3,6.2
1976,6,31.0,69.0,295.0,9.0,7.8
1976,7,44.0,74.0,322.0,13.6,11.5
1976,8,46.0,80.0,267.0,12.3,11.4
1976,9,28.0,82.0,141.0,4.4,6.9
1976,10,23.0,89.0,75.0,-2.2,4.8
1976,11,48.0,91.0,28.0,-6.5,3.9
1976,12,22.0,91.0,0.0,-8.3,3.4
1977,1,36.0,90.0,17.0,-12.2,2.6
1977,2,20.0,93.0,34.0,-12.8,2.3
1977,3,45.0,84.0,145.0,-7.8,3.2
1977,4,42.0,78.0,169.0,-1.5,4.5
1977,5,72.0,73.0,206.0,4.6,6.2
1977,6,79.0,75.0,243.0,10.4,9.3
1977,7,67.0,78.0,260.0,14.7,13.1
1977,8,45.0,79.0,178.0,11.5,10.9
1977,9,48.0,83.0,125.0,5.7,7.8
1977,10,54.0,88.0,79.0,-1.1,5.0
1977,11,65.0,93.0,15.0,-3.0,4.8
1977,12,10.0,87.0,5.0,-9.0,3.2
1978,1,22.0,86.0,19.0,-13.9,2.3
1978,2,25.0,81.0,71.0,-15.9,1.7
1978,3,24.0,84.0,104.0,-7.2,3.4
1978,4,30.0,74.0,203.0,-3.3,3.6
1978,5,6.0,64.0,391.0,4.3,5.3
1978,6,25.0,68.0,301.0,10.0,8.4
1978,7,111.0,78.0,214.0,12.7,11.5
1978,8,62.0,84.0,124.0,10.7,10.8
1978,9,46.0,86.0,113.0,6.4,8.7
1978,10,81.0,84.0,83.0,-0.2,5.2
1978,11,29.0,86.0,34.0,-7.2,3.6
1978,12,24.0,83.0,5.0,-17.8,1.6
1979,1,40.0,83.0,15.0,-16.8,1.7
1979,2,31.0,80.0,49.0,-14.2,1.9
1979,3,33.0,85.0,99.0,-7.0,3.6
1979,4,19.0,75.0,227.0,-5.7,3.3
1979,5,93.0,75.0,239.0,5.5,6.7
1979,6,44.0,72.0,262.0,10.6,9.4
1979,7,40.0,75.0,306.0,15.1,12.7
1979,8,77.0,82.0,250.0,12.4,11.9
1979,9,72.0,87.0,84.0,7.8,9.2
1979,10,33.0,85.0,37.0,-1.1,4.9
1979,11,57.0,92.0,26.0,-4.6,4.2
1979,12,50.0,88.0,5.0,-7.1,3.6
1980,1,37.0,85.0,18.0,-13.5,2.2
1980,2,12.0,84.0,54.0,-16.3,1.9
1980,3,17.0,85.0,142.0,-10.4,2.6
1980,4,23.0,83.0,194.0,-1.2,4.7
1980,5,27.0,69.0,228.0,4.2,5.8
1980,6,47.0,68.0,308.0,13.8,10.7
1980,7,14.0,65.0,391.0,14.2,10.4
1980,8,48.0,75.0,264.0,11.2,10.0
1980,9,50.0,87.0,123.0,7.2,9.0
1980,10,65.0,90.0,56.0,0.1,6.1
1980,11,43.0,87.0,29.0,-9.8,2.9
1980,12,48.0,90.0,5.0,-13.0,2.5
1981,1,43.0,91.0,21.0,-10.1,2.9
1981,2,28.0,89.0,64.0,-17.0,1.7
1981,3,25.0,82.0,132.0,-11.6,2.3
1981,4,15.0,75.0,219.0,-1.9,4.1
1981,5,37.0,73.0,255.0,4.4,6.2
1981,6,110.0,79.0,196.0,9.0,9.2
1981,7,115.0,,183.0,14.1,12.8
1981,8,88.0,82.0,138.0,12.0,11.5
1981,9,25.0,86.0,73.0,6.7,8.5
1981,10,62.0,90.0,44.0,2.6,7.0
1981,11,35.0,89.0,32.0,-4.4,4.1
1981,12,47.0,85.0,5.0,-14.2,2.0
1982,1,22.0,85.0,18.0,-18.3,1.4
1982,2,18.0,84.0,79.0,-8.1,3.1
1982,3,32.0,83.0,93.0,-5.6,3.6
1982,4,37.0,78.0,176.0,-0.3,4.7
1982,5,84.0,78.0,176.0,4.4,6.5
1982,6,56.0,73.0,190.0,6.7,7.1
1982,7,62.0,69.0,339.0,14.8,11.4
1982,8,80.0,83.0,176.0,10.8,9.5
1982,9,27.0,82.0,122.0,6.9,8.2
1982,10,41.0,87.0,49.0,0.3,5.7
1982,11,60.0,91.0,32.0,-2.5,4.8
1982,12,45.4,88.0,5.0,-6.9,4.7
1983,1,69.0,88.0,15.0,-10.0,2.8
1983,2,18.0,81.0,66.0,-12.6,2.3
1983,3,39.0,82.0,94.0,-7.2,3.1
1983,4,25.0,81.0,143.0,0.8,5.3
1983,5,66.0,79.0,180.0,5.0,6.8
1983,6,53.0,74.0,222.0,10.3,9.2
1983,7,79.0,71.0,271.0,15.3,12.3
1983,8,31.0,76.0,219.0,10.7,9.8
1983,9,48.0,88.0,56.0,7.9,9.5
1983,10,90.0,90.0,29.0,1.5,6.4
1983,11,45.0,85.0,26.0,-10.5,2.8
1983,12,42.0,86.0,5.0,-13.3,2.2
1984,1,61.0,88.0,14.0,-11.6,2.5
1984,2,40.0,88.0,34.0,-7.6,3.3
1984,3,30.0,82.0,109.0,-8.4,2.8
1984,4,26.0,75.0,187.0,-0.4,4.5
1984,5,24.0,71.0,303.0,8.7,8.0
1984,6,53.0,70.0,296.0,12.3,10.2
1984,7,148.0,87.0,150.0,13.3,13.4
1984,8,49.0,79.0,249.0,11.0,10.5
1984,9,25.0,84.0,127.0,6.0,8.0
1984,10,51.0,90.0,52.0,0.5,6.0
1984,11,48.0,87.0,26.0,-7.4,3.4
1984,12,34.0,90.0,5.0,-6.3,3.7
1985,1,14.7,80.0,3.0,-23.2,1.1
1985,2,12.0,82.0,61.0,-20.6,1.1
1985,3,40.5,85.0,75.0,-5.6,3.6
1985,4,17.5,71.0,217.0,-3.5,3.4
1985,5,33.5,70.0,221.0,2.4,5.0
1985,6,20.8,68.0,242.0,11.2,9.0
1985,7,33.9,65.0,372.0,14.6,10.7
1985,8,80.6,81.0,187.0,13.0,12.1
1985,9,76.0,86.0,82.0,8.0,9.4
1985,10,68.8,84.0,69.0,1.7,6.1
1985,11,57.2,90.0,13.0,-4.5,4.2
1985,12,,,0.0,-17.9,
1986,1,23.5,87.0,3.0,-15.8,1.9
1986,2,8.3,84.0,78.0,-14.0,1.9
1986,3,21.5,82.0,63.0,-2.8,4.4
1986,4,32.3,74.0,216.0,-1.7,4.2
1986,5,71.3,78.0,169.0,3.9,6.4
1986,6,24.3,70.0,345.0,13.1,10.6
1986,7,60.2,71.0,309.0,13.8,11.3
1986,8,38.8,75.0,146.0,10.4,9.7
1986,9,59.3,87.0,52.0,4.7,7.6
1986,10,49.8,87.0,51.0,2.3,6.3
1986,11,53.6,90.0,12.0,-1.4,5.2
1986,12,19.2,82.0,,-16.3,1.8
1987,1,6.2,82.0,6.0,-17.6,1.6
1987,2,38.7,82.0,50.0,-15.3,1.7
1987,3,39.1,85.0,114.0,-9.4,2.9
1987,4,9.2,70.0,234.0,-2.2,3.8
1987,5,39.4,70.0,283.0,4.6,5.9
1987,6,27.3,71.0,193.0,10.5,9.0
1987,7,92.3,71.0,222.0,12.4,10.1
1987,8,61.2,79.0,165.0,9.5,9.5
1987,9,62.9,87.0,64.0,7.0,8.7
1987,10,17.9,80.0,59.0,6.1,7.6
1987,11,23.1,84.0,28.0,-7.6,3.1
1987,12,,,0.0,-13.9,
1988,1,32.4,84.0,1.0,-12.9,2.4
1988,2,33.1,86.0,30.0,-11.0,2.8
1988,3,22.7,84.0,59.0,-8.2,3.0
1988,4,14.6,68.0,220.0,-3.0,3.5
1988,5,30.9,63.0,338.0,5.2,5.4
1988,6,31.4,64.0,303.0,12.4,9.4
1988,7,55.0,71.0,334.0,16.6,13.1
1988,8,,,118.0,12.8,
1988,9,49.5,86.0,73.0,7.9,9.4
1988,10,42.4,80.0,79.0,1.5,5.8
1988,11,25.5,85.0,15.0,-9.6,2.8
1988,12,16.5,85.0,,-13.9,2.1
1989,1,58.2,86.0,5.0,-9.3,2.9
1989,2,,,57.0,-8.3,
1989,3,38.7,85.0,55.0,-1.2,4.8
1989,4,27.5,80.0,180.0,1.1,5.3
1989,5,36.5,71.0,242.0,7.0,6.9
1989,6,78.3,67.0,334.0,13.7,10.4
1989,7,107.3,73.0,250.0,14.3,11.9
1989,8,36.1,74.0,244.0,12.7,11.0
1989,9,31.4,83.0,120.0,7.5,8.7
1989,10,39.2,89.0,74.0,-0.3,5.4
1989,11,60.4,91.0,3.0,-4.0,4.8
1989,12,23.5,83.0,,-10.8,2.6
1990,1,27.4,82.0,3.0,-15.9,1.7
1990,2,51.9,88.0,28.0,-2.2,4.7
1990,3,21.2,75.0,143.0,-4.9,3.4
1990,4,16.8,76.0,221.0,0.3,5.0
1990,5,20.3,64.0,221.0,4.6,5.4
1990,6,63.0,65.0,269.0,9.9,7.8
1990,7,58.3,76.0,209.0,14.1,12.2
1990,8,60.1,79.0,197.0,12.4,11.4
1990,9,9.5,82.0,97.0,5.7,7.5
1990,10,,,,1.4,
1990,11,37.7,85.0,19.0,-8.8,3.1
1990,12,37.9,87.0,,-6.4,3.6
1991,1,30.8,82.0,7.0,-12.3,2.3
1991,2,10.5,85.0,60.0,-11.7,2.4
1991,3,29.5,80.0,138.0,-10.0,2.5
1991,4,5.9,73.0,223.0,0.1,4.6
1991,5,46.2,74.0,141.0,3.5,5.9
1991,6,68.8,73.0,224.0,10.8,9.5
1991,7,,,236.0,,
1991,8,,,177.0,,
1991,9,,,99.0,,
1991,10,,,32.0,,
1991,11,,,5.0,,
1991,12,,,0.0,,
1992,1,24.7,85.0,,-10.0,2.8
1992,2,39.5,87.0,34.0,-6.2,3.6
1992,3,39.3,83.0,77.0,-2.3,4.5
1992,4,17.5,73.0,134.0,-5.0,3.2
1992,5,28.4,68.0,273.0,6.9,6.5
1992,6,53.8,66.0,282.0,11.8,8.9
1992,7,95.9,79.0,140.0,12.0,11.3
1992,8,95.8,82.0,112.0,10.3,10.3
1992,9,95.6,90.0,72.0,9.2,10.5
1992,10,8.6,85.0,82.0,-5.7,3.7
1992,11,53.2,87.0,7.0,-8.3,3.1
1992,12,40.5,86.0,,-4.0,4.2
1993,1,29.8,85.0,,-8.6,3.2
1993,2,12.3,82.0,34.0,-8.8,2.8
1993,3,38.0,84.0,111.0,-6.1,3.5
1993,4,31.0,74.0,190.0,-2.6,3.9
1993,5,24.7,71.0,230.0,5.3,6.2
1993,6,72.9,77.0,166.0,9.4,9.1
1993,7,57.1,74.0,293.0,14.5,12.2
1993,8,44.8,78.0,150.0,12.1,11.0
1993,9,16.9,78.0,132.0,3.3,6.0
1993,10,41.2,82.0,77.0,-1.6,4.7
1993,11,6.6,88.0,5.0,-6.4,3.5
1993,12,57.6,88.0,,-10.4,2.8
1994,1,48.1,86.0,7.0,-13.0,2.3
1994,2,15.9,81.0,49.0,-12.8,2.2
1994,3,24.4,81.0,105.0,-6.2,3.4
1994,4,37.6,77.0,158.0,1.2,5.1
1994,5,43.4,71.0,204.0,3.1,5.3
1994,6,62.2,69.0,270.0,11.5,9.1
1994,7,95.9,70.0,315.0,14.2,11.2
1994,8,39.8,77.0,228.0,12.2,10.9
1994,9,47.4,82.0,144.0,6.1,7.8
1994,10,44.0,83.0,67.0,0.6,5.6
1994,11,29.7,87.0,11.0,-6.3,3.5
1994,12,45.8,90.0,,-5.6,3.9
1995,1,24.6,84.0,8.0,-7.7,3.2
1995,2,46.9,89.0,26.0,-7.9,3.5
1995,3,16.8,77.0,74.0,-3.0,3.8
1995,4,25.4,76.0,177.0,-0.3,4.5
1995,5,48.8,73.0,196.0,4.8,6.6
1995,6,40.1,70.0,291.0,12.5,10.0
1995,7,58.3,73.0,256.0,12.7,10.6
1995,8,73.9,78.0,189.0,11.4,10.5
1995,9,28.6,84.0,111.0,6.5,8.3
1995,10,132.3,88.0,54.0,1.2,6.3
1995,11,66.7,87.0,14.0,-9.2,2.9
1995,12,12.2,83.0,,-14.7,2.1
1996,1,9.0,87.0,2.0,-9.0,2.9
1996,2,25.5,83.0,39.0,-12.4,2.3
1996,3,9.9,80.0,169.0,-6.4,3.1
1996,4,26.7,73.0,182.0,-1.9,3.9
1996,5,59.3,69.0,267.0,2.7,5.1
1996,6,43.4,71.0,207.0,9.1,8.0
1996,7,82.9,75.0,209.0,12.3,10.7
1996,8,36.5,78.0,246.0,13.5,11.9
1996,9,21.8,82.0,94.0,5.7,7.6
1996,10,52.2,86.0,64.0,2.3,6.4
1996,11,106.4,90.0,7.0,-2.5,5.0
1996,12,32.4,85.0,,-9.4,3.0
1997,1,42.1,83.0,5.0,-13.4,2.1
1997,2,39.5,82.0,51.0,-11.3,2.5
1997,3,63.4,79.0,117.0,-5.3,3.5
1997,4,31.4,75.0,209.0,-3.8,3.5
1997,5,34.9,79.0,156.0,3.5,6.2
1997,6,40.3,66.0,333.0,11.8,9.0
1997,7,64.2,73.0,307.0,14.6,11.9
1997,8,46.6,77.0,240.0,13.6,12.0
1997,9,83.0,87.0,81.0,8.3,9.7
1997,10,17.8,85.0,40.0,0.0,5.3
1997,11,23.2,87.0,19.0,-5.8,3.6
1997,12,14.7,86.0,,-9.2,2.9
1998,1,,,,-12.0,
1998,2,,,,-21.3,
1998,3,,,,-9.7,
1998,4,,,,-4.0,
1998,5,,,,3.8,
1998,6,,,,9.8,
1998,7,,,,16.3,
1998,8,,,,11.1,
1998,9,,,,7.0,
1998,10,,,,1.2,
1998,11,,,,-8.1,
1998,12,,,,-10.7,
1999,1,43.6,84.0,7.0,-16.5,2.2
1999,2,37.4,85.0,21.0,-13.3,2.5
1999,3,43.4,84.0,93.0,-7.0,3.3
1999,4,10.7,75.0,235.0,0.0,4.8
1999,5,18.8,70.0,209.0,1.5,4.9
1999,6,49.0,70.0,324.0,13.3,10.7
1999,7,96.9,76.0,265.0,14.7,12.8
1999,8,58.6,78.0,219.0,10.7,10.0
1999,9,48.3,83.0,150.0,8.2,9.1
1999,10,92.8,89.0,39.0,3.4,7.1
1999,11,32.7,88.0,13.0,-4.2,4.2
1999,12,45.2,88.0,,-10.3,2.8
2000,1,87.4,88.0,4.0,-10.8,2.7
2000,2,39.6,88.0,48.0,-10.0,2.9
2000,3,34.6,80.0,115.0,-4.7,3.6
2000,4,57.8,78.0,141.0,0.5,5.0
2000,5,37.6,70.0,238.0,5.4,6.5
2000,6,60.6,69.0,257.0,12.2,9.9
2000,7,59.0,72.0,311.0,16.0,13.2
2000,8,33.0,78.0,199.0,12.8,11.4
2000,9,51.5,82.0,113.0,7.4,8.5
2000,10,53.0,89.0,52.0,5.2,8.2
2000,11,59.8,93.0,4.0,-1.7,5.4
2000,12,54.4,89.0,,-8.0,3.6
2001,1,20.9,87.0,1.0,-5.8,3.6
2001,2,41.5,79.0,53.0,-13.1,2.0
2001,3,16.5,79.0,158.0,-10.9,2.2
2001,4,50.1,78.0,149.0,-0.5,4.9
2001,5,33.0,69.0,193.0,4.3,5.7
2001,6,13.9,63.0,340.0,13.1,9.3
2001,7,65.2,74.0,264.0,15.5,13.0
2001,8,18.1,77.0,189.0,11.6,10.6
2001,9,20.3,87.0,113.0,7.7,9.5
2001,10,57.2,86.0,61.0,0.7,5.7
2001,11,31.9,89.0,21.0,-7.3,3.5
2001,12,8.5,88.0,,-11.8,2.6
2002,1,38.2,87.0,8.0,-13.1,2.4
2002,2,65.7,85.0,40.0,-10.1,2.7
2002,3,21.6,81.0,134.0,-6.5,3.3
2002,4,17.8,78.0,158.0,-0.3,4.9
2002,5,28.1,69.0,229.0,5.1,5.9
2002,6,46.6,66.0,384.0,12.5,9.4
2002,7,151.9,78.0,272.0,15.7,13.7
2002,8,56.7,78.0,204.0,11.5,10.6
2002,9,46.0,83.0,88.0,6.2,7.9
2002,10,24.0,85.0,63.0,-1.1,4.9
2002,11,27.2,87.0,19.0,-10.9,2.6
2002,12,14.4,83.0,,-13.6,2.0
2003,1,52.8,83.0,13.0,-17.7,1.5
2003,2,18.3,84.0,35.0,-6.6,3.6
2003,3,23.4,76.0,114.0,-3.3,3.8
2003,4,9.4,70.0,242.0,-1.1,4.1
2003,5,72.2,71.0,217.0,6.7,6.9
2003,6,12.8,65.0,270.0,9.1,7.4
2003,7,53.5,73.0,300.0,17.1,14.3
2003,8,55.6,79.0,131.0,13.3,12.1
2003,9,35.6,82.0,159.0,7.7,8.7
2003,10,72.4,87.0,40.0,1.8,6.4
2003,11,39.2,92.0,11.0,-2.5,5.0
2003,12,64.0,85.0,,-9.5,3.1
2004,1,36.3,88.0,,-10.9,2.7
2004,2,45.9,85.0,53.0,-12.4,2.3
2004,3,25.2,76.0,119.0,-5.4,3.4
2004,4,41.7,76.0,232.0,-1.4,4.3
2004,5,37.0,74.0,212.0,4.7,6.3
2004,6,48.4,67.0,280.0,10.7,8.6
2004,7,64.4,73.0,360.0,16.9,13.9
2004,8,66.2,81.0,159.0,12.5,11.8
2004,9,110.0,85.0,83.0,7.8,9.1
2004,10,28.7,86.0,71.0,1.2,5.8
2004,11,37.2,88.0,12.0,-6.2,3.9
2004,12,53.9,91.0,,-6.7,3.6
2005,1,63.1,88.0,,-6.9,3.5
2005,2,15.0,84.0,55.0,-10.1,2.7
2005,3,12.6,78.0,180.0,-9.3,2.6
2005,4,34.5,75.0,155.0,-0.2,4.5
2005,5,74.0,73.0,235.0,5.1,6.5
2005,6,25.8,66.0,314.0,12.4,9.4
2005,7,102.8,74.0,334.0,15.8,13.3
2005,8,68.4,81.0,195.0,14.5,13.3
2005,9,103.7,84.0,120.0,8.3,9.3
2005,10,48.5,86.0,72.0,3.7,7.2
2005,11,69.1,92.0,12.0,0.8,6.1
2005,12,54.5,90.0,,-7.9,3.3
2006,1,43.3,89.0,1.0,-10.0,3.3
2006,2,17.6,85.0,80.0,-13.6,2.0
2006,3,11.3,79.0,170.0,-9.9,2.5
2006,4,44.7,81.0,178.0,0.7,5.2
2006,5,74.6,73.0,194.0,5.9,6.7
2006,6,48.0,65.0,319.0,13.9,10.4
2006,7,43.0,74.0,255.0,13.5,11.4
2006,8,21.0,81.0,191.0,12.9,12.1
2006,9,71.5,83.0,89.0,7.5,8.9
2006,10,58.4,89.0,61.0,0.1,5.8
2006,11,51.9,92.0,18.0,-5.2,4.2
2006,12,57.4,88.0,,-4.8,4.1
2007,1,58.7,89.0,1.0,-10.4,3.0
2007,2,14.3,81.0,70.0,-18.3,1.3
2007,3,57.8,85.0,111.0,-1.5,4.7
2007,4,39.7,73.0,206.0,0.5,4.7
2007,5,64.5,71.0,248.0,5.5,6.4
2007,6,42.4,71.0,263.0,11.0,9.2
2007,7,88.6,82.0,184.0,14.4,13.3
2007,8,85.6,81.0,225.0,14.2,13.3
2007,9,61.0,85.0,122.0,7.2,8.7
2007,10,48.7,88.0,47.0,4.7,7.7
2007,11,46.4,90.0,10.0,-3.8,4.4
2007,12,39.8,89.0,,-2.4,4.7
2008,1,49.0,91.0,7.0,-9.0,3.4
2008,2,26.3,88.0,58.0,-7.6,3.2
2008,3,30.6,80.0,121.0,-7.1,3.1
2008,4,25.6,70.0,201.0,-1.2,4.0
2008,5,33.1,74.0,195.0,3.6,5.8
2008,6,96.3,72.0,225.0,11.2,9.8
2008,7,68.9,74.0,230.0,13.7,11.7
2008,8,98.4,81.0,115.0,10.5,10.4
2008,9,34.2,82.0,93.0,6.0,7.7
2008,10,55.2,89.0,42.0,2.9,6.8
2008,11,64.3,90.0,3.0,-3.3,4.5
2008,12,45.5,90.0,,-3.0,4.6
2009,1,24.4,84.0,1.0,-10.0,2.7
2009,2,27.7,84.0,51.0,-11.2,2.4
2009,3,19.6,81.0,127.0,-6.9,3.2
2009,4,9.0,69.0,220.0,-1.7,3.9
2009,5,38.5,72.0,238.0,6.6,6.8
2009,6,68.2,68.0,204.0,10.7,8.8
2009,7,98.2,77.0,181.0,13.5,12.1
2009,8,105.3,78.0,229.0,13.4,11.9
2009,9,72.7,81.0,140.0,9.4,9.7
2009,10,42.0,87.0,69.0,-0.7,5.1
2009,11,41.9,91.0,1.0,-1.5,5.1
2009,12,37.1,84.0,,-9.1,2.9
2010,1,7.2,80.0,4.0,-15.7,1.8
2010,2,59.1,80.0,53.0,-14.3,1.9
2010,3,34.1,72.0,151.0,-8.7,2.4
2010,4,19.3,74.0,130.0,1.3,4.9
2010,5,97.5,70.0,252.0,7.6,7.2
2010,6,73.2,65.0,255.0,10.7,8.3
2010,7,45.2,75.0,250.0,16.3,13.6
2010,8,71.2,79.0,147.0,12.0,11.5
2010,9,64.9,86.0,82.0,8.2,9.4
2010,10,52.5,86.0,61.0,3.2,6.7
2010,11,10.8,88.0,10.0,-7.0,3.5
2010,12,20.4,88.0,,-12.8,2.2
2011,1,48.3,89.0,2.0,-12.9,2.3
2011,2,17.1,82.0,93.0,-17.2,1.6
2011,3,28.9,75.0,135.0,-5.2,3.2
2011,4,15.0,75.0,170.0,2.1,5.2
2011,5,67.9,72.0,210.0,6.4,6.9
2011,6,23.5,67.0,319.0,14.0,10.6
2011,7,94.5,73.0,283.0,16.3,13.4
2011,8,59.5,79.0,242.0,12.0,11.0
2011,9,44.4,83.0,89.0,9.0,9.7
2011,10,63.0,91.0,40.0,3.9,7.4
2011,11,37.0,89.0,7.0,-1.8,5.0
2011,12,55.6,92.0,,-2.5,4.9
2012,1,37.4,88.0,5.0,-11.4,2.6
2012,2,40.7,86.0,40.0,-15.2,2.2
2012,3,29.2,81.0,122.0,-5.0,3.5
2012,4,28.1,78.0,155.0,-1.0,4.5
2012,5,46.7,67.0,256.0,6.4,6.3
2012,6,64.9,73.0,253.0,11.2,9.7
2012,7,71.5,77.0,231.0,14.0,12.2
2012,8,22.2,79.0,206.0,11.7,10.9
2012,9,90.5,86.0,86.0,8.1,9.4
2012,10,77.8,90.0,52.0,1.3,6.6
2012,11,52.8,92.0,3.0,-2.5,5.1
2012,12,47.9,85.0,,-14.4,2.0
2013,1,44.7,90.0,2.0,-9.6,3.0
2013,2,27.1,88.0,24.0,-7.8,3.2
2013,3,17.4,79.0,189.0,-12.6,2.0
2013,4,32.3,76.0,190.0,-0.5,4.7
2013,5,25.3,69.0,329.0,7.1,6.8
2013,6,77.5,71.0,303.0,13.7,11.0
2013,7,64.1,71.0,317.0,15.5,12.3
2013,8,37.5,75.0,256.0,14.7,12.5
2013,9,26.2,83.0,154.0,9.2,9.8
2013,10,74.9,88.0,56.0,1.0,6.0
2013,11,41.3,92.0,3.0,-4.2,4.5
2013,12,48.2,90.0,,-7.2,3.7
2014,1,29.9,85.0,3.0,-14.3,2.2
2014,2,39.4,89.0,1.0,-4.7,4.2
2014,3,33.5,77.0,131.0,-2.7,4.1
2014,4,15.6,65.0,206.0,0.4,4.2
2014,5,23.7,66.0,238.0,5.4,6.0
2014,6,43.9,68.0,257.0,9.8,8.2
2014,7,101.4,68.0,317.0,16.8,12.7
2014,8,104.4,78.0,201.0,14.3,12.8
2014,9,79.5,80.0,145.0,8.0,8.7
2014,10,36.5,84.0,77.0,-0.2,5.3
2014,11,27.4,91.0,18.0,-5.0,4.1
2014,12,49.8,89.0,,-7.8,3.5
2015,1,45.6,84.0,0.0,-12.5,2.4
2015,2,23.1,81.0,35.0,-7.4,3.3
2015,3,38.5,76.0,139.0,-1.5,4.3
2015,4,45.5,73.0,147.0,1.0,4.8
2015,5,38.9,69.0,214.0,7.1,6.8
2015,6,110.2,70.0,207.0,10.7,8.9
2015,7,113.8,76.0,141.0,11.7,10.5
2015,8,55.8,79.0,193.0,13.0,11.8
2015,9,59.0,84.0,113.0,9.9,10.3
2015,10,32.2,87.0,59.0,2.3,6.4
2015,11,61.8,90.0,12.0,-2.0,4.9
2015,12,61.2,90.0,,-8.3,3.4
2016,1,38.7,82.0,1.0,-16.9,1.8
2016,2,71.1,91.0,15.0,-4.7,4.2
2016,3,12.7,80.0,106.0,-3.6,3.9
2016,4,37.9,74.0,171.0,1.4,5.0
2016,5,17.1,64.0,291.0,9.2,7.2
2016,6,71.3,69.0,211.0,11.6,9.4
2016,7,78.1,72.0,279.0,17.7,14.4
2016,8,119.0,80.0,166.0,13.3,12.5
2016,9,64.2,82.0,91.0,8.3,9.1
2016,10,18.8,91.0,51.0,2.7,6.8
2016,11,55.2,94.0,4.0,-4.3,4.5
2016,12,44.8,93.0,,-6.9,3.7
2017,1,26.9,88.0,4.0,-10.4,2.9
2017,2,17.2,85.0,40.0,-8.8,2.9
2017,3,46.8,81.0,136.0,-4.1,3.8
2017,4,24.8,68.0,199.0,-1.9,3.7
2017,5,22.8,66.0,205.0,3.1,5.0
2017,6,46.4,75.0,238.0,8.8,8.5
2017,7,57.3,75.0,314.0,15.0,12.6
2017,8,177.9,86.0,136.0,12.4,12.5
2017,9,44.5,89.0,87.0,6.9,8.9
2017,10,66.7,92.0,30.0,2.4,6.9
2017,11,51.4,95.0,8.0,-3.4,4.9
2017,12,84.4,95.0,,-7.6,3.7
2018,1,62.3,93.0,,-9.0,3.2
2018,2,11.3,89.0,56.0,-11.5,2.5
2018,3,16.4,81.0,170.0,-9.8,2.5
2018,4,29.4,74.0,186.0,0.6,4.7
2018,5,34.6,63.0,307.0,8.8,6.9
2018,6,86.7,69.0,212.0,10.9,9.0
2018,7,30.2,66.0,441.0,18.7,14.1
2018,8,45.7,78.0,158.0,14.4,12.9
2018,9,53.0,84.0,127.0,9.0,9.8
2018,10,23.9,92.0,93.0,0.5,6.1
2018,11,29.0,92.0,5.0,-0.7,5.5
2018,12,32.7,93.0,,-7.6,3.5
2019,1,47.4,89.0,0.0,-13.2,2.2
2019,2,65.2,88.0,49.0,-10.3,2.9
2019,3,49.3,83.0,102.0,-6.2,3.6
2019,4,5.5,69.0,224.0,2.0,4.9
2019,5,59.4,71.0,198.0,5.6,6.4
2019,6,76.1,70.0,295.0,11.9,9.5
2019,7,77.7,75.0,187.0,12.9,11.3
2019,8,30.8,83.0,121.0,11.7,11.5
2019,9,27.9,85.0,117.0,8.2,9.5
2019,10,58.3,91.0,43.0,-0.4,5.5
2019,11,72.3,94.0,13.0,-5.4,4.1
2019,12,82.1,94.0,,-5.2,4.2
2020,1,51.1,89.0,0.0,-9.0,3.2
2020,2,52.1,89.0,43.0,-6.5,3.8
2020,3,42.5,77.0,133.0,-3.9,3.7
2020,4,40.9,71.0,185.0,-0.4,4.2
2020,5,33.7,64.0,326.0,5.4,5.6
2020,6,34.3,61.0,371.0,14.9,9.8
2020,7,92.6,73.0,287.0,16.1,13.2
2020,8,57.2,82.0,187.0,13.0,12.3
2020,9,42.5,89.0,114.0,8.5,9.9
2020,10,69.3,96.0,22.0,3.4,7.8
2020,11,70.2,94.0,3.0,-0.1,5.8
2020,12,36.2,93.0,,-4.8,4.3
