Year,Month,Precipitation,Relative Humidity,Temperature,Water-Vapour Pressure
1963,1,,,-19.0,1.1
1963,2,,,-17.6,1.2
1963,3,,,-6.4,2.3
1963,4,,,-7.0,1.8
1963,5,,,5.0,3.9
1963,6,,,10.9,6.4
1963,7,,,13.3,8.5
1963,8,,,12.2,7.8
1963,9,,,4.0,5.0
1963,10,,,-4.2,2.9
1963,11,,,-10.6,2.0
1963,12,,,-17.0,1.1
1964,1,,,-20.3,0.8
1964,2,,,-25.9,0.5
1964,3,,,-10.4,1.7
1964,4,,,-2.4,2.8
1964,5,,,5.4,4.3
1964,6,,,13.6,6.8
1964,7,,,13.6,10.2
1964,8,,,12.2,8.8
1964,9,,,5.3,4.8
1964,10,,,-6.4,2.4
1964,11,,,-9.8,1.8
1964,12,,,-12.6,1.6
1965,1,,,-17.3,1.1
1965,2,,,-16.4,1.0
1965,3,,,-9.1,1.6
1965,4,,,-2.9,2.4
1965,5,,,8.3,4.8
1965,6,,,12.6,7.0
1965,7,,,13.9,8.8
1965,8,,,10.6,7.8
1965,9,,,5.8,4.9
1965,10,,,-2.3,3.0
1965,11,,,-11.8,1.6
1965,12,,,-19.3,1.0
1966,1,15.7,63.0,-18.5,1.0
1966,2,13.6,56.0,-14.3,1.3
1966,3,4.6,56.0,-8.8,1.9
1966,4,8.7,52.0,-3.4,2.6
1966,5,10.6,49.0,4.5,4.1
1966,6,20.7,52.0,12.1,7.0
1966,7,76.5,60.0,12.6,8.4
1966,8,51.7,60.0,12.5,8.6
1966,9,9.6,56.0,8.4,6.0
1966,10,6.2,55.0,-1.5,3.2
1966,11,12.2,61.0,-11.6,1.7
1966,12,5.6,70.0,-25.8,0.7
1967,1,0.6,65.0,-22.0,0.8
1967,2,0.8,60.0,-18.2,0.9
1967,3,1.7,53.0,-8.5,1.8
1967,4,2.0,47.0,-1.5,2.8
1967,5,24.6,47.0,9.0,5.2
1967,6,32.4,55.0,10.1,6.6
1967,7,41.2,61.0,13.0,8.9
1967,8,43.7,65.0,9.1,7.4
1967,9,8.8,52.0,3.8,4.0
1967,10,1.7,55.0,-1.4,3.0
1967,11,4.5,67.0,-14.8,1.4
1967,12,0.2,74.0,-22.7,0.8
1968,1,3.6,70.0,-23.9,0.7
1968,2,0.6,67.0,-22.1,0.8
1968,3,9.3,58.0,-8.4,2.0
1968,4,2.2,47.0,-3.1,2.4
1968,5,14.2,49.0,6.4,5.0
1968,6,6.9,44.0,12.4,5.8
1968,7,59.0,54.0,14.0,8.2
1968,8,58.9,58.0,10.2,6.6
1968,9,29.7,58.0,2.2,4.1
1968,10,6.1,69.0,-4.3,3.1
1968,11,16.0,75.0,-11.0,2.1
1968,12,2.7,76.0,-17.1,1.4
1969,1,4.8,81.0,-28.8,0.5
1969,2,1.7,68.0,-23.7,0.7
1969,3,1.0,55.0,-10.6,1.6
1969,4,4.0,50.0,-1.3,2.9
1969,5,6.3,50.0,4.6,4.4
1969,6,16.6,51.0,11.8,6.9
1969,7,54.7,58.0,14.8,9.3
1969,8,62.4,62.0,8.9,6.9
1969,9,8.5,57.0,3.8,4.9
1969,10,12.0,55.0,-2.2,3.0
1969,11,3.8,59.0,-11.4,1.6
1969,12,4.5,71.0,-19.5,1.0
1970,1,0.3,61.0,-18.4,1.0
1970,2,4.1,60.0,-16.3,1.1
1970,3,0.0,50.0,-13.6,1.4
1970,4,3.6,48.0,-2.3,3.2
1970,5,4.3,44.0,4.4,3.7
1970,6,21.3,48.0,10.6,6.1
1970,7,140.1,63.0,12.7,8.9
1970,8,25.7,62.0,11.2,7.9
1970,9,10.6,56.0,4.6,4.5
1970,10,6.9,55.0,-3.3,2.7
1970,11,3.1,60.0,-13.8,1.5
1970,12,1.7,67.0,-20.2,0.9
1971,1,4.1,62.0,-18.0,1.0
1971,2,1.0,61.0,-17.9,0.9
1971,3,4.7,50.0,-12.5,1.3
1971,4,3.1,48.0,0.1,2.9
1971,5,3.3,44.0,5.1,3.8
1971,6,2.2,46.0,10.8,5.8
1971,7,54.3,57.0,12.0,7.8
1971,8,25.9,54.0,12.1,5.2
1971,9,8.9,52.0,5.5,4.5
1971,10,0.7,48.0,-1.5,2.6
1971,11,1.0,56.0,-10.3,1.6
1971,12,7.1,71.0,-18.4,1.1
1972,1,1.5,57.0,-19.7,0.8
1972,2,0.2,54.0,-19.5,0.7
1972,3,0.0,48.0,-9.1,1.6
1972,4,4.9,48.0,0.4,3.0
1972,5,7.3,44.0,6.6,4.2
1972,6,35.9,48.0,12.8,6.8
1972,7,66.9,55.0,11.7,7.4
1972,8,5.9,50.0,11.6,6.6
1972,9,6.8,48.0,3.8,3.7
1972,10,6.3,56.0,-2.5,3.0
1972,11,13.6,56.0,-9.8,1.7
1972,12,11.0,62.0,-18.9,0.9
1973,1,1.2,61.0,-20.2,0.8
1973,2,8.9,60.0,-19.6,0.9
1973,3,0.0,52.0,-10.3,1.6
1973,4,1.7,47.0,-0.7,2.8
1973,5,6.3,44.0,3.2,3.4
1973,6,43.0,50.0,11.8,6.7
1973,7,27.5,53.0,12.6,7.4
1973,8,57.7,55.0,12.0,6.9
1973,9,36.3,51.0,6.9,5.0
1973,10,3.5,51.0,-1.9,2.7
1973,11,2.9,59.0,-8.8,1.9
1973,12,2.0,64.0,-18.0,1.0
1974,1,1.6,56.0,-19.1,0.8
1974,2,2.5,62.0,-20.7,0.8
1974,3,4.8,52.0,-11.4,1.4
1974,4,5.0,49.0,0.7,3.2
1974,5,3.5,39.0,7.4,4.0
1974,6,5.3,47.0,11.3,6.1
1974,7,6.7,47.0,15.4,7.9
1974,8,23.3,51.0,12.9,7.2
1974,9,8.1,52.0,3.9,4.1
1974,10,9.1,52.0,-3.7,2.4
1974,11,5.3,53.0,-12.5,1.4
1974,12,0.0,66.0,-22.6,0.3
1975,1,1.0,64.0,-17.2,1.0
1975,2,0.7,57.0,-15.8,1.1
1975,3,6.4,53.0,-8.2,1.8
1975,4,16.5,56.0,-4.7,2.5
1975,5,0.2,45.0,4.1,3.7
1975,6,33.2,53.0,11.1,6.7
1975,7,45.0,55.0,13.4,8.1
1975,8,17.7,56.0,11.4,7.2
1975,9,14.9,54.0,5.5,4.7
1975,10,4.1,64.0,-3.5,3.1
1975,11,1.3,64.0,-10.7,1.8
1975,12,4.3,78.0,-20.5,1.0
1976,1,0.9,80.0,-20.4,1.0
1976,2,3.1,68.0,-15.3,1.4
1976,3,0.0,60.0,-12.1,1.5
1976,4,1.8,56.0,-1.6,3.0
1976,5,17.8,,5.5,
1976,6,20.8,61.0,13.0,
1976,7,52.7,72.0,11.5,9.4
1976,8,23.6,68.0,10.3,8.2
1976,9,,,,
1976,10,,,,
1976,11,3.2,72.0,-16.0,1.3
1976,12,3.8,73.0,-20.2,1.0
1977,1,0.3,85.0,-28.0,
1977,2,,74.0,-17.5,
1977,3,2.4,55.0,-9.1,
1977,4,0.4,50.0,0.1,3.2
1977,5,1.4,56.0,5.2,5.0
1977,6,6.5,55.0,13.6,8.3
1977,7,32.3,68.0,12.8,9.7
1977,8,6.9,61.0,11.8,8.2
1977,9,16.3,,7.9,6.2
1977,10,1.7,48.0,-0.6,2.8
1977,11,1.3,,-10.9,1.6
1977,12,6.5,66.0,-16.5,1.2
1978,1,0.3,59.0,-17.7,1.0
1978,2,7.6,61.0,-18.8,1.1
1978,3,2.1,50.0,-9.8,1.5
1978,4,0.9,41.0,0.9,2.7
1978,5,2.6,39.0,5.1,5.4
1978,6,5.8,42.0,13.8,6.3
1978,7,65.0,50.0,13.5,7.3
1978,8,32.5,45.0,9.6,
1978,9,18.7,42.0,6.7,
1978,10,0.5,48.0,-2.2,
1978,11,0.8,57.0,-12.1,
1978,12,17.5,63.0,-16.2,
1979,1,20.6,57.0,-18.1,
1979,2,0.0,53.0,-10.8,1.5
1979,3,1.2,48.0,-10.2,1.4
1979,4,2.3,46.0,-3.2,2.4
1979,5,4.2,41.0,6.4,3.8
1979,6,31.1,47.0,13.9,7.1
1979,7,35.0,54.0,14.8,8.3
1979,8,6.7,49.0,10.5,
1979,9,8.6,50.0,5.8,
1979,10,13.8,52.0,0.2,
1979,11,11.0,51.0,-10.5,
1979,12,0.0,56.0,-12.9,1.3
1980,1,0.3,59.0,-19.2,0.8
1980,2,0.0,53.0,-17.8,0.9
1980,3,0.2,45.0,-13.1,1.0
1980,4,2.9,43.0,-2.5,2.2
1980,5,7.0,51.0,7.1,5.1
1980,6,12.6,53.0,11.5,7.0
1980,7,36.8,58.0,13.0,8.4
1980,8,18.3,52.0,13.1,7.5
1980,9,1.7,54.0,6.4,5.0
1980,10,3.5,57.0,-3.2,2.7
1980,11,22.2,73.0,-10.2,2.2
1980,12,2.3,76.0,-18.4,1.2
1981,1,1.4,80.0,-26.7,0.6
1981,2,2.0,69.0,-18.1,1.1
1981,3,4.5,57.0,-8.0,1.9
1981,4,5.5,52.0,0.8,3.2
1981,5,2.1,43.0,8.3,4.7
1981,6,22.2,52.0,13.8,7.8
1981,7,24.2,55.0,13.4,8.1
1981,8,37.5,63.0,10.5,7.7
1981,9,24.6,58.0,5.8,5.3
1981,10,8.1,58.0,-4.7,2.6
1981,11,1.0,71.0,-14.6,1.5
1981,12,5.9,73.0,-18.2,1.1
1982,1,4.5,74.0,-17.3,1.3
1982,2,0.5,70.0,-19.7,0.9
1982,3,6.0,54.0,-11.1,1.5
1982,4,7.4,41.0,1.5,2.8
1982,5,1.8,44.0,7.5,4.5
1982,6,26.1,49.0,12.9,6.9
1982,7,64.3,62.0,12.4,8.7
1982,8,,62.0,,
1982,9,11.6,55.0,6.7,5.2
1982,10,4.1,57.0,0.7,3.7
1982,11,12.4,68.0,-11.1,1.8
1982,12,10.7,77.0,-16.8,1.4
1983,1,1.6,79.0,-21.4,0.9
1983,2,0.3,71.0,-17.3,1.1
1983,3,0.3,58.0,-9.4,1.8
1983,4,7.4,46.0,-4.1,2.2
1983,5,15.6,45.0,5.0,3.8
1983,6,18.5,49.0,10.0,5.8
1983,7,26.0,57.0,12.5,8.0
1983,8,24.4,60.0,11.9,8.0
1983,9,27.2,60.0,4.0,4.8
1983,10,0.7,58.0,-0.2,3.4
1983,11,4.8,60.0,-8.6,2.1
1983,12,0.4,72.0,-19.5,1.0
1984,1,3.8,76.0,-23.6,0.8
1984,2,0.5,71.0,-24.1,0.7
1984,3,3.1,58.0,-8.9,1.8
1984,4,5.0,49.0,-3.9,2.4
1984,5,7.4,52.0,5.9,4.7
1984,6,29.1,59.0,10.9,7.6
1984,7,,71.0,,
1984,8,44.0,67.0,9.8,7.8
1984,9,12.9,65.0,5.5,5.7
1984,10,5.1,61.0,-2.2,3.1
1984,11,19.7,73.0,-14.2,1.6
1984,12,2.4,70.0,-23.8,0.7
1985,1,0.7,72.0,-18.8,1.0
1985,2,0.7,65.0,-17.2,1.1
1985,3,0.4,58.0,-14.8,1.2
1985,4,2.3,54.0,-0.8,3.1
1985,5,4.1,50.0,4.2,4.1
1985,6,25.3,62.0,8.9,6.8
1985,7,42.4,69.0,12.7,9.7
1985,8,16.7,66.0,11.3,8.5
1985,9,10.1,55.0,5.2,4.7
1985,10,6.8,62.0,-3.7,3.0
1985,11,15.9,67.0,-13.3,1.5
1985,12,2.5,71.0,-18.5,1.1
1986,1,5.0,71.0,-19.7,1.0
1986,2,0.4,71.0,-20.3,0.9
1986,3,0.7,60.0,-10.1,1.7
1986,4,2.1,53.0,-2.1,2.8
1986,5,4.3,50.0,8.8,5.5
1986,6,56.6,58.0,11.2,7.5
1986,7,45.2,60.0,13.9,9.2
1986,8,32.3,61.0,11.5,7.9
1986,9,12.6,55.0,7.3,5.4
1986,10,5.5,59.0,-3.4,2.9
1986,11,0.3,71.0,-14.4,1.5
1986,12,12.2,73.0,-17.5,1.2
1987,1,12.0,71.0,-16.9,1.3
1987,2,4.6,67.0,-13.1,1.6
1987,3,0.6,58.0,-11.8,1.5
1987,4,8.2,52.0,-0.8,3.1
1987,5,26.7,55.0,5.5,5.0
1987,6,19.9,53.0,10.2,6.4
1987,7,51.5,60.0,14.3,9.3
1987,8,31.8,62.0,12.6,8.6
1987,9,17.7,63.0,5.7,5.6
1987,10,5.1,63.0,-4.9,2.9
1987,11,15.5,69.0,-15.7,1.5
1987,12,11.4,76.0,-16.1,1.5
1988,1,1.3,75.0,-20.7,0.9
1988,2,0.5,66.0,-19.0,0.9
1988,3,0.4,60.0,-10.4,1.7
1988,4,4.6,52.0,-0.8,3.1
1988,5,9.1,57.0,5.0,4.8
1988,6,46.6,57.0,11.2,7.3
1988,7,42.0,63.0,12.6,9.0
1988,8,38.5,64.0,12.2,8.7
1988,9,15.7,59.0,8.5,6.2
1988,10,7.3,66.0,-4.1,3.0
1988,11,1.5,71.0,-9.5,2.1
1988,12,7.1,84.0,-15.9,1.7
1989,1,1.2,82.0,-20.3,1.1
1989,2,2.9,76.0,-19.3,1.1
1989,3,0.0,64.0,-7.9,2.2
1989,4,1.0,59.0,-1.1,3.3
1989,5,13.6,51.0,7.6,5.0
1989,6,38.1,63.0,10.6,7.9
1989,7,55.4,69.0,13.7,10.4
1989,8,28.5,65.0,12.5,8.9
1989,9,9.4,61.0,6.8,6.0
1989,10,0.8,66.0,-0.4,3.9
1989,11,2.4,75.0,-13.1,1.7
1989,12,18.2,88.0,-15.2,1.9
1990,1,0.3,78.0,-21.1,0.9
1990,2,1.9,76.0,-15.2,1.5
1990,3,0.2,70.0,-7.9,2.4
1990,4,1.6,56.0,-1.6,3.1
1990,5,7.1,52.0,8.4,5.5
1990,6,19.8,64.0,11.9,8.7
1990,7,48.7,72.0,13.9,11.1
1990,8,45.5,74.0,10.6,9.2
1990,9,6.8,61.0,6.4,5.7
1990,10,2.7,57.0,1.5,4.0
1990,11,5.1,70.0,-11.4,2.0
1990,12,12.1,78.0,-15.5,1.6
1991,1,3.0,80.0,-21.1,1.0
1991,2,2.0,70.0,-16.1,1.3
1991,3,6.1,66.0,-11.4,1.8
1991,4,0.0,58.0,-2.1,3.1
1991,5,7.9,57.0,5.8,5.3
1991,6,37.5,66.0,12.3,9.2
1991,7,52.0,67.0,14.7,10.9
1991,8,29.2,66.0,12.0,8.8
1991,9,4.0,66.0,6.5,6.2
1991,10,6.0,69.0,0.6,4.4
1991,11,17.6,77.0,-10.0,2.3
1991,12,1.9,79.0,-18.1,1.4
1992,1,3.1,88.0,-19.1,1.2
1992,2,16.1,81.0,-20.0,1.2
1992,3,5.8,74.0,-11.9,1.9
1992,4,2.3,67.0,-0.2,4.2
1992,5,11.3,61.0,7.8,6.6
1992,6,6.9,65.0,11.8,8.8
1992,7,40.9,75.0,14.2,12.0
1992,8,38.0,80.0,10.9,10.3
1992,9,5.9,80.0,2.4,6.0
1992,10,0.7,77.0,-3.1,3.8
1992,11,4.3,84.0,-9.0,2.8
1992,12,0.9,88.0,-15.9,1.7
1993,1,0.7,91.0,-21.1,1.1
1993,2,3.3,82.0,-13.5,1.8
1993,3,2.2,80.0,-8.6,2.7
1993,4,7.4,67.0,-1.6,3.8
1993,5,16.8,60.0,4.1,4.9
1993,6,46.5,63.0,11.5,8.4
1993,7,161.5,80.0,13.1,11.9
1993,8,25.1,72.0,11.7,9.7
1993,9,13.0,66.0,5.6,6.0
1993,10,1.6,66.0,-1.4,3.7
1993,11,1.6,72.0,-12.7,1.9
1993,12,6.1,84.0,-19.0,1.3
1994,1,2.7,73.0,-16.6,1.3
1994,2,3.0,66.0,-16.7,1.1
1994,3,1.1,55.0,-9.3,1.9
1994,4,11.1,56.0,0.4,3.5
1994,5,8.4,63.0,5.2,5.6
1994,6,,,,
1994,7,72.4,71.0,12.3,10.0
1994,8,,,,
1994,9,22.2,70.0,5.1,6.1
1994,10,,,,
1994,11,,,,
1994,12,,,,
1995,1,0.7,82.0,-20.8,1.0
1995,2,0.2,76.0,-16.2,1.4
1995,3,0.7,71.0,-7.4,2.7
1995,4,0.8,70.0,0.3,4.4
1995,5,9.3,69.0,6.0,6.4
1995,6,3.8,61.0,12.1,8.4
1995,7,9.7,59.0,16.0,10.3
1995,8,46.7,67.0,12.9,9.9
1995,9,1.1,62.0,6.9,6.1
1995,10,3.1,70.0,0.5,4.4
1995,11,,,-9.6,
1995,12,2.0,72.0,-16.0,1.4
1996,1,1.6,77.0,-21.5,0.9
1996,2,1.3,71.0,-18.8,1.1
1996,3,0.7,68.0,-12.6,1.6
1996,4,3.0,63.0,-1.6,3.6
1996,5,11.7,64.0,8.1,6.9
1996,6,18.2,64.0,12.4,9.0
1996,7,36.6,64.0,16.5,11.9
1996,8,12.2,63.0,12.3,9.1
1996,9,5.6,66.0,6.6,6.3
1996,10,2.1,65.0,-2.8,3.4
1996,11,5.5,73.0,-9.4,2.3
1996,12,12.9,76.0,-12.6,1.9
1997,1,50.4,76.0,-18.6,1.1
1997,2,0.0,72.0,-17.2,1.2
1997,3,0.4,64.0,-5.7,2.6
1997,4,0.9,60.0,4.4,5.1
1997,5,5.4,59.0,11.0,7.7
1997,6,18.5,61.0,13.3,9.0
1997,7,34.0,66.0,13.6,10.0
1997,8,37.4,71.0,11.5,9.7
1997,9,12.1,70.0,7.6,7.4
1997,10,0.0,,0.5,
1997,11,0.0,73.0,-11.5,2.0
1997,12,3.7,78.0,-15.9,1.5
1998,1,3.2,77.0,-19.9,1.0
1998,2,2.4,73.0,-13.1,1.7
1998,3,1.8,69.0,-9.5,2.1
1998,4,12.8,,-0.6,
1998,5,3.2,,8.0,
1998,6,27.5,,13.4,
1998,7,33.7,68.0,15.0,11.3
1998,8,18.1,66.0,14.5,10.7
1998,9,12.7,70.0,7.3,7.2
1998,10,9.2,,-0.1,
1998,11,23.8,81.0,-9.6,2.7
1998,12,4.7,79.0,-14.6,1.6
1999,1,7.2,81.0,-17.7,1.3
1999,2,1.0,75.0,-14.6,1.5
1999,3,3.7,73.0,-14.7,1.5
1999,4,6.9,,0.2,
1999,5,7.9,,9.1,
1999,6,9.4,61.0,13.4,9.2
1999,7,47.1,69.0,15.7,11.9
1999,8,45.3,72.0,13.1,10.7
1999,9,7.7,71.0,5.4,6.5
1999,10,10.8,71.0,-1.0,4.2
1999,11,4.6,73.0,-11.5,2.1
1999,12,3.0,,-15.3,
2000,1,5.0,,-22.4,
2000,2,1.3,73.0,-17.3,1.2
2000,3,0.4,62.0,-8.3,2.1
2000,4,2.9,59.0,1.8,4.0
2000,5,10.3,60.0,8.2,6.4
2000,6,49.6,70.0,13.7,10.6
2000,7,17.5,68.0,15.2,11.4
2000,8,9.6,67.0,13.8,10.4
2000,9,3.0,69.0,7.5,7.1
2000,10,7.8,73.0,-5.5,3.2
2000,11,6.2,79.0,-14.1,1.7
2000,12,5.3,,-14.7,
2001,1,1.3,,-18.8,
2001,2,1.4,,-16.2,
2001,3,1.6,,-7.5,
2001,4,10.3,,0.2,
2001,5,1.2,58.0,9.4,6.7
2001,6,6.4,62.0,15.1,10.2
2001,7,17.7,69.0,14.9,11.4
2001,8,18.4,70.0,14.4,11.1
2001,9,8.5,69.0,6.4,6.5
2001,10,0.0,69.0,-0.9,3.9
2001,11,3.2,80.0,-11.8,2.1
2001,12,0.9,82.0,-21.6,0.9
2002,1,5.3,80.0,-18.2,1.3
2002,2,0.0,75.0,-15.8,1.4
2002,3,1.8,69.0,-8.5,2.4
2002,4,6.4,66.0,-1.5,3.8
2002,5,12.0,,9.3,
2002,6,17.8,,14.9,
2002,7,24.8,67.0,16.5,12.0
2002,8,4.4,64.0,15.0,10.4
2002,9,2.3,69.0,8.2,7.5
2002,10,6.6,,-2.3,
2002,11,6.4,,-9.4,
2002,12,1.9,80.0,-21.5,1.0
2003,1,1.0,78.0,-18.3,1.2
2003,2,0.0,73.0,-15.7,1.4
2003,3,2.2,71.0,-10.2,2.3
2003,4,1.3,71.0,-2.7,3.7
2003,5,4.4,70.0,7.2,6.9
2003,6,7.3,68.0,14.4,10.8
2003,7,34.6,79.0,14.1,12.5
2003,8,7.6,69.0,11.6,9.2
2003,9,11.1,72.0,7.5,7.4
2003,10,1.3,72.0,-1.5,4.1
2003,11,0.7,76.0,-12.8,1.8
2003,12,10.9,81.0,-18.3,1.3
2004,1,0.0,80.0,-20.4,1.1
2004,2,3.4,78.0,-13.1,1.9
2004,3,6.9,78.0,-10.5,2.2
2004,4,7.7,76.0,1.7,5.3
2004,5,4.4,68.0,9.2,7.9
2004,6,10.1,68.0,13.8,10.4
2004,7,33.9,68.0,15.6,11.6
2004,8,4.3,67.0,13.0,9.7
2004,9,15.5,75.0,6.4,7.4
2004,10,0.3,74.0,-0.8,4.4
2004,11,5.5,82.0,-11.6,2.2
2004,12,6.9,86.0,-18.6,1.4
2005,1,0.2,84.0,-26.8,0.6
2005,2,1.9,82.0,-27.3,0.6
2005,3,1.1,69.0,-10.2,2.1
2005,4,2.0,68.0,-0.2,4.3
2005,5,6.1,71.0,6.9,7.1
2005,6,2.6,64.0,12.3,9.1
2005,7,7.9,67.0,15.7,11.7
2005,8,23.0,73.0,12.7,10.7
2005,9,5.8,74.0,6.7,7.4
2005,10,5.2,74.0,-0.8,4.3
2005,11,12.5,80.0,-12.7,2.0
2005,12,0.0,81.0,-22.7,0.9
2006,1,1.2,77.0,-20.4,1.0
2006,2,3.5,72.0,-16.5,1.3
2006,3,1.2,66.0,-9.2,2.1
2006,4,6.5,72.0,-1.3,4.3
2006,5,6.4,67.0,4.9,5.9
2006,6,22.8,62.0,13.2,9.2
2006,7,28.2,70.0,13.9,10.9
2006,8,15.6,70.0,11.1,9.2
2006,9,4.2,67.0,6.4,6.4
2006,10,4.5,71.0,-0.4,4.3
2006,11,2.2,75.0,-8.6,2.6
2006,12,0.4,79.0,-16.2,1.5
2007,1,0.5,78.0,-19.3,1.1
2007,2,1.2,73.0,-13.5,1.6
2007,3,0.0,67.0,-9.7,2.2
2007,4,3.5,64.0,2.6,4.8
2007,5,3.8,61.0,8.9,6.8
2007,6,0.8,55.0,14.0,8.7
2007,7,16.8,58.0,17.5,11.2
2007,8,12.5,59.0,13.7,9.0
2007,9,7.6,62.0,8.3,6.9
2007,10,4.3,69.0,-2.6,3.6
2007,11,0.0,71.0,-9.9,2.1
2007,12,0.5,76.0,-17.0,1.3
2008,1,0.0,76.0,-22.6,0.8
2008,2,2.1,72.0,-16.8,1.3
2008,3,4.8,66.0,-4.9,2.9
2008,4,0.0,65.0,1.1,4.5
2008,5,5.0,57.0,8.8,6.4
2008,6,15.6,57.0,14.3,9.1
2008,7,42.1,63.0,15.9,11.3
2008,8,38.7,64.0,13.6,9.8
2008,9,12.3,69.0,6.6,6.9
2008,10,3.2,71.0,-0.6,4.3
2008,11,8.1,75.0,-9.4,2.4
2008,12,2.2,74.0,-17.1,1.3
2009,1,1.2,74.0,-19.7,1.1
2009,2,3.4,75.0,-16.3,1.4
2009,3,6.4,71.0,-7.7,2.7
2009,4,3.3,64.0,2.5,4.8
2009,5,2.1,54.0,8.8,6.1
2009,6,5.6,60.0,12.3,8.6
2009,7,20.6,63.0,15.0,10.7
2009,8,24.4,62.0,11.7,8.4
2009,9,20.8,64.0,6.4,6.2
2009,10,13.0,70.0,-0.9,4.1
2009,11,10.4,73.0,-11.2,2.2
2009,12,8.6,76.0,-18.3,1.2
2010,1,5.0,79.0,-22.4,0.9
2010,2,4.1,76.0,-21.6,1.0
2010,3,11.2,74.0,-14.2,1.7
2010,4,2.1,67.0,-5.3,3.1
2010,5,6.8,60.0,5.4,5.4
2010,6,16.1,57.0,14.4,9.1
2010,7,61.4,61.0,14.7,10.0
2010,8,16.1,60.0,11.8,8.2
2010,9,1.2,62.0,7.7,6.7
2010,10,10.4,70.0,-1.5,4.1
2010,11,27.2,74.0,-7.9,2.6
2010,12,2.3,75.0,-17.6,1.3
2011,1,0.0,73.0,-28.1,0.5
2011,2,0.0,71.0,-16.2,1.3
2011,3,0.0,69.0,-10.7,2.0
2011,4,2.2,64.0,2.6,5.1
2011,5,1.0,60.0,7.3,6.4
2011,6,44.9,59.0,14.0,9.2
2011,7,39.4,58.0,13.7,8.8
2011,8,4.4,51.0,13.6,7.5
2011,9,0.0,50.0,5.6,4.3
2011,10,3.4,64.0,-1.1,3.6
2011,11,3.7,67.0,-11.7,1.7
2011,12,0.0,74.0,-19.9,1.0
2012,1,0.0,71.0,-24.4,0.7
2012,2,0.0,66.0,-21.0,0.8
2012,3,0.0,53.0,-9.5,1.6
2012,4,2.7,55.0,1.6,3.7
2012,5,1.2,44.0,7.1,4.2
2012,6,18.8,47.0,15.6,8.0
2012,7,35.5,57.0,15.7,9.5
2012,8,82.3,64.0,11.9,8.8
2012,9,0.8,58.0,7.1,5.7
2012,10,9.7,65.0,-1.4,3.7
2012,11,8.7,71.0,-12.0,1.8
2012,12,1.7,71.0,-20.0,1.0
2013,1,4.2,72.0,-19.4,1.1
2013,2,0.0,72.0,-17.1,1.2
2013,3,24.2,68.0,-4.4,3.1
2013,4,0.6,64.0,1.7,4.6
2013,5,4.4,61.0,5.6,5.6
2013,6,12.4,57.0,11.5,7.7
2013,7,36.1,55.0,13.7,8.4
2013,8,41.0,55.0,12.9,7.8
2013,9,8.2,61.0,5.9,5.8
2013,10,13.0,69.0,-1.8,3.8
2013,11,3.0,69.0,-9.2,2.2
2013,12,2.4,70.0,-16.7,1.3
2014,1,0.4,66.0,-17.6,1.1
2014,2,2.4,65.0,-20.3,0.9
2014,3,1.1,56.0,-6.8,2.2
2014,4,0.0,53.0,2.1,3.7
2014,5,13.6,52.0,5.9,4.8
2014,6,35.4,52.0,11.7,7.0
2014,7,23.9,49.0,14.8,7.8
2014,8,14.8,53.0,12.8,7.6
2014,9,5.2,58.0,4.9,5.0
2014,10,5.6,66.0,-1.1,3.8
2014,11,3.1,67.0,-11.1,1.8
2014,12,0.0,70.0,-19.8,0.9
2015,1,0.3,69.0,-18.1,1.1
2015,2,1.6,63.0,-15.4,1.3
2015,3,1.3,57.0,-8.3,1.9
2015,4,3.8,51.0,1.1,3.4
2015,5,19.0,48.0,8.4,5.1
2015,6,39.7,49.0,14.0,7.3
2015,7,29.5,47.0,16.5,8.2
2015,8,4.4,46.0,14.1,6.8
2015,9,21.1,58.0,4.6,5.0
2015,10,4.9,56.0,-0.9,3.2
2015,11,4.5,69.0,-11.8,1.9
2015,12,1.0,72.0,-14.9,1.5
2016,1,1.2,73.0,-25.8,0.6
2016,2,5.7,66.0,-16.7,1.4
2016,3,6.9,58.0,-6.2,2.4
2016,4,10.0,56.0,1.6,3.8
2016,5,4.1,49.0,4.8,4.1
2016,6,36.0,52.0,13.3,7.6
2016,7,82.0,58.0,15.7,10.0
2016,8,125.6,66.0,11.1,8.5
2016,9,45.2,63.0,8.4,6.6
2016,10,4.5,61.0,-4.6,2.8
2016,11,8.1,67.0,-12.7,1.9
2016,12,5.6,71.0,-15.6,1.4
2017,1,0.2,68.0,-18.0,1.1
2017,2,0.0,60.0,-15.1,1.2
2017,3,0.6,57.0,-6.6,2.1
2017,4,5.1,53.0,2.5,3.8
2017,5,2.7,40.0,8.9,4.4
2017,6,22.9,45.0,15.3,7.3
2017,7,24.6,50.0,15.1,8.1
2017,8,37.9,57.0,12.3,7.8
2017,9,24.4,55.0,5.7,5.0
2017,10,1.7,56.0,-3.4,2.7
2017,11,0.7,61.0,-9.0,2.1
2017,12,1.7,68.0,-17.6,1.1
2018,1,0.7,65.0,-23.5,0.7
2018,2,0.9,59.0,-15.9,1.1
2018,3,7.8,58.0,-4.0,2.8
2018,4,3.2,49.0,0.3,3.1
2018,5,5.0,46.0,5.6,4.0
2018,6,6.3,44.0,15.1,7.1
2018,7,42.5,60.0,13.1,8.7
2018,8,26.0,56.0,13.3,8.3
2018,9,8.5,55.0,5.5,4.8
2018,10,1.5,56.0,0.3,3.4
2018,11,2.8,60.0,-11.6,1.6
2018,12,0.8,64.0,-21.9,0.8
2019,1,1.0,69.0,-21.5,0.8
2019,2,2.1,67.0,-21.4,0.8
2019,3,0.0,48.0,-5.9,1.8
2019,4,3.6,46.0,1.8,3.1
2019,5,4.2,42.0,5.5,3.5
2019,6,16.8,50.0,12.7,6.9
2019,7,83.9,63.0,13.4,9.3
2019,8,43.3,60.0,13.3,8.7
2019,9,10.0,55.0,8.0,5.6
2019,10,11.4,58.0,-0.7,3.2
2019,11,10.5,68.0,-10.7,2.2
2019,12,11.2,73.0,-16.9,1.4
2020,1,7.5,73.0,-19.8,1.0
2020,2,3.8,67.0,-14.2,1.5
2020,3,1.0,55.0,-7.9,1.9
2020,4,0.0,43.0,4.4,3.2
2020,5,14.6,43.0,9.7,5.0
2020,6,44.4,54.0,11.4,6.8
2020,7,84.8,63.0,14.4,9.8
2020,8,76.9,66.0,11.5,8.6
2020,9,10.7,58.0,5.5,5.0
2020,10,4.4,56.0,-2.1,2.9
2020,11,5.2,66.0,-10.0,2.0
2020,12,1.8,65.0,-18.6,1.0
