Year,Month,Precipitation,Relative Humidity,Sunshine Duration,Temperature,VPD,Adjusted Precipitation
1928,1,,,,,,
1928,2,,,,,,
1928,3,,,,,,
1928,4,,,,,,
1928,5,,,,,,
1928,6,,,,,,
1928,7,,,,,,
1928,8,,,,,,
1928,9,,,,,,
1928,10,,,,-5.6,,
1928,11,,,,-30.0,,
1928,12,,,,-29.2,,
1929,1,,,,-41.1,,
1929,2,,,,-34.7,,
1929,3,,,,-14.9,,
1929,4,,,,-6.0,,
1929,5,,,,2.0,,
1929,6,,,,10.0,,
1929,7,,,,14.3,,
1929,8,,,,12.4,,
1929,9,,,,3.7,,
1929,10,,,,-4.5,,
1929,11,,,,-19.9,,
1929,12,,,,-38.3,,
1930,1,,,,-32.1,,
1930,2,,,,-36.3,,
1930,3,,,,-17.3,,
1930,4,,,,-11.2,,
1930,5,,,,2.1,,
1930,6,,,,12.6,,
1930,7,,,,15.4,,
1930,8,,,,10.4,,
1930,9,,,,5.2,,
1930,10,,,,-5.1,,
1930,11,,,,-17.2,,
1930,12,,,,-34.5,,
1931,1,,,,-42.7,,
1931,2,,,,-31.5,,
1931,3,,,,-19.3,,
1931,4,,,,-10.4,,
1931,5,,,,4.5,,
1931,6,,,,12.8,,
1931,7,,,,12.8,,
1931,8,,,,12.5,,
1931,9,,,,6.5,,
1931,10,,,,-2.0,,
1931,11,,,,,,
1931,12,,,,,,
1932,1,,,,,,
1932,2,,,,,,
1932,3,,,,-20.6,,
1932,4,,,,-4.7,,
1932,5,,,,4.6,,
1932,6,,,,12.1,,
1932,7,,,,17.7,,
1932,8,,,,11.6,,
1932,9,,,,7.3,,
1932,10,,,,-5.2,,
1932,11,,,,-33.6,,
1932,12,,,,-31.0,,
1933,1,,,,,,
1933,2,,,,-31.5,,
1933,3,,,,-21.3,,
1933,4,,,,-7.2,,
1933,5,,,,-0.6,,
1933,6,,,,9.5,,
1933,7,,,,13.6,,
1933,8,,,,14.0,,
1933,9,,,,2.3,,
1933,10,,,,-7.2,,
1933,11,,,,-25.8,,
1933,12,,,,-34.4,,
1934,1,,,,-36.2,,
1934,2,,,,-18.4,,
1934,3,,,,-17.9,,
1934,4,,,,-6.6,,
1934,5,,,,2.4,,
1934,6,,,,13.8,,
1934,7,,,,16.9,,
1934,8,,,,12.3,,
1934,9,,,,3.6,,
1934,10,,,,-4.4,,
1934,11,,,,-21.7,,
1934,12,,,,-33.5,,
1935,1,,,,,,
1935,2,,,,-21.5,,
1935,3,,,,-17.8,,
1935,4,,,,-9.4,,
1935,5,,,,5.4,,
1935,6,,,,13.7,,
1935,7,,,,16.1,,
1935,8,,,,12.3,,
1935,9,,,,4.1,,
1935,10,,,,-11.8,,
1935,11,,,,-28.5,,
1935,12,,,,-33.6,,
1936,1,,,,-41.3,,4.0
1936,2,,,,-32.0,,6.6
1936,3,,,,-18.5,,3.2
1936,4,,,,-4.7,,2.8
1936,5,,,,4.5,,11.8
1936,6,,,,9.7,8.2,65.2
1936,7,,,,18.3,16.2,44.0
1936,8,,,,11.7,12.7,49.4
1936,9,,,,6.5,7.9,22.9
1936,10,,,,-7.5,,28.7
1936,11,,,,-33.3,,9.8
1936,12,,,,-30.0,,8.7
1937,1,,,,-30.5,,6.5
1937,2,,,,-31.1,,3.3
1937,3,,,,-23.8,,8.1
1937,4,,,,-9.9,,2.9
1937,5,,,,5.4,,
1937,6,,,,12.4,8.7,
1937,7,,,,15.0,13.2,107.3
1937,8,,,,9.3,9.7,35.1
1937,9,,,,4.8,7.3,28.1
1937,10,,,,-8.6,,3.9
1937,11,,,,-23.4,,
1937,12,,,,-38.7,,
1938,1,,,,-33.7,,
1938,2,,,,-32.1,,
1938,3,,,,-16.4,,
1938,4,,,,-2.1,,
1938,5,,,,4.4,4.8,
1938,6,,,,11.9,8.2,
1938,7,,,,15.4,11.2,
1938,8,,,,12.9,11.4,
1938,9,,,,5.2,7.0,
1938,10,,,,-8.2,2.9,
1938,11,,,,-23.1,1.1,
1938,12,,,,-36.0,0.3,
1939,1,,,,-38.0,0.3,17.7
1939,2,,,,-22.3,1.1,16.3
1939,3,,,,-17.4,1.3,11.5
1939,4,,,,-4.1,3.0,19.3
1939,5,,,,2.4,4.2,28.4
1939,6,,,,15.9,10.4,19.5
1939,7,,,,14.7,10.4,
1939,8,,,,12.0,10.2,53.3
1939,9,,,,4.6,6.4,37.2
1939,10,,,,-7.2,,13.9
1939,11,,,,-24.2,,16.4
1939,12,,,,-24.1,,28.0
1940,1,,,,-42.3,,3.9
1940,2,,,,-29.3,,9.8
1940,3,,,,-16.6,,11.8
1940,4,,,,-5.8,,10.2
1940,5,,,,3.5,,10.1
1940,6,,,,13.4,9.6,68.3
1940,7,,,,14.3,12.3,103.4
1940,8,,,,12.5,11.0,58.7
1940,9,,,,4.1,,25.1
1940,10,,,,-11.8,,14.9
1940,11,,,,-25.2,,11.4
1940,12,,,,-38.0,,17.9
1941,1,,,,-41.8,0.1,20.5
1941,2,,,,-38.1,0.2,11.3
1941,3,,,,-26.5,0.8,12.8
1941,4,,,,-10.1,2.0,16.6
1941,5,,,,4.5,5.4,17.3
1941,6,,,,14.5,11.0,52.6
1941,7,,,,16.5,13.8,95.7
1941,8,,,,13.3,11.3,74.3
1941,9,,,,6.6,7.5,29.2
1941,10,,,,-4.9,3.7,24.8
1941,11,,,,-24.2,1.1,30.8
1941,12,,,,-35.5,0.4,16.4
1942,1,,,,-33.5,0.4,14.5
1942,2,,,,-36.5,0.3,5.0
1942,3,,,,-23.5,0.9,12.2
1942,4,,,,-7.5,2.4,19.5
1942,5,,,,4.2,4.0,32.6
1942,6,,,,12.2,8.8,128.6
1942,7,,,,17.5,12.6,57.1
1942,8,,,,11.5,10.0,63.8
1942,9,,,,5.5,7.0,36.8
1942,10,,,,-9.7,2.6,37.8
1942,11,,,,-27.2,0.8,26.0
1942,12,,,,-26.1,1.0,23.4
1943,1,,,,-33.0,0.4,20.6
1943,2,,,,-25.6,0.8,14.3
1943,3,,,,-14.3,1.6,10.2
1943,4,,,,-1.0,3.8,42.4
1943,5,,,,5.0,5.2,42.8
1943,6,,,,13.2,9.6,47.9
1943,7,,,,15.7,13.2,87.0
1943,8,,,,13.0,10.6,32.7
1943,9,,,,7.6,8.4,56.9
1943,10,,,,-3.6,,34.7
1943,11,,,,-28.9,,8.6
1943,12,,,,-34.7,,13.8
1944,1,,,,-27.3,,5.4
1944,2,,,,-25.5,,7.0
1944,3,,,,-17.0,,4.1
1944,4,,,,-5.8,2.6,14.8
1944,5,,,,2.7,4.3,30.4
1944,6,,,,11.6,8.6,85.5
1944,7,,,,15.6,12.4,102.2
1944,8,,,,12.4,11.1,97.5
1944,9,,,,6.3,7.8,34.9
1944,10,,,,-6.9,,18.8
1944,11,,,,-25.6,,8.1
1944,12,,,,-31.3,,7.5
1945,1,,,,-34.1,,4.0
1945,2,,,,-28.0,,2.1
1945,3,,,,-20.7,,3.6
1945,4,,,,-2.3,,27.7
1945,5,,,,7.9,,15.7
1945,6,,,,15.4,11.3,60.2
1945,7,,,,16.5,13.0,113.7
1945,8,,,,12.1,11.0,57.6
1945,9,,,,7.9,7.8,37.1
1945,10,,,,-4.0,,18.5
1945,11,,,,-26.0,,33.1
1945,12,,,,-38.1,,6.8
1946,1,,,,-39.5,,9.1
1946,2,,,,-32.2,,21.4
1946,3,,,,-21.1,,7.3
1946,4,,,,-6.8,2.4,31.6
1946,5,,,,2.6,3.8,45.9
1946,6,,,,11.2,7.9,50.1
1946,7,,,,17.4,14.0,110.4
1946,8,,,,13.4,10.8,33.3
1946,9,,,,1.4,4.6,15.9
1946,10,,,,-6.1,3.3,33.8
1946,11,,,,-26.3,,20.0
1946,12,,,,-40.7,,14.5
1947,1,,,,-41.6,0.3,8.4
1947,2,,,,-33.9,0.4,10.3
1947,3,,,,-19.4,1.2,7.4
1947,4,,,,-3.7,3.2,19.3
1947,5,,,,6.0,5.5,38.9
1947,6,,,,14.7,10.5,37.9
1947,7,,,,18.1,12.3,39.9
1947,8,,,,11.5,9.5,44.8
1947,9,,,,4.7,6.8,25.2
1947,10,,,,0.0,,4.1
1947,11,,,,-29.0,,9.7
1947,12,,,,-35.1,,9.1
1948,1,,,,-33.0,,8.8
1948,2,,,,-28.3,,8.2
1948,3,,,,-15.3,,10.0
1948,4,,,,-3.1,,18.5
1948,5,,,,3.2,5.5,20.3
1948,6,,,,11.7,8.3,69.0
1948,7,,,,17.7,14.8,91.3
1948,8,,,,11.9,12.3,129.3
1948,9,,,,6.4,7.4,14.4
1948,10,,,,-4.5,4.2,30.4
1948,11,,,,-18.6,1.5,32.2
1948,12,,,,-35.5,0.4,19.3
1949,1,,,,-31.7,0.5,23.6
1949,2,,,,-30.2,0.5,16.3
1949,3,,,,-19.4,1.2,14.6
1949,4,,,,-4.4,3.2,20.6
1949,5,,,,4.8,5.4,32.5
1949,6,,,,10.2,8.4,79.9
1949,7,,,,15.4,11.4,70.0
1949,8,,,,12.7,11.5,32.2
1949,9,,,,5.6,7.1,26.2
1949,10,,,,-3.7,4.0,59.2
1949,11,,,,-29.5,0.6,44.7
1949,12,,,,-33.7,0.5,18.6
1950,1,,,,-43.1,0.1,17.7
1950,2,,,,-33.6,0.5,21.3
1950,3,,,,-20.5,1.1,16.1
1950,4,,,,-8.2,2.3,18.6
1950,5,,,,3.9,5.0,30.4
1950,6,,,,14.2,8.8,44.2
1950,7,,,,14.9,12.1,54.1
1950,8,,,,14.0,11.2,60.4
1950,9,,,,4.2,6.4,26.8
1950,10,,,,-6.1,3.8,31.6
1950,11,,,,-29.6,0.6,27.5
1950,12,,,,-37.4,0.4,19.2
1951,1,,,,-39.6,0.3,9.0
1951,2,,,,-41.9,0.2,12.2
1951,3,,,,-20.9,1.2,23.4
1951,4,,,,-7.8,3.0,13.5
1951,5,,,,4.0,5.8,36.9
1951,6,,,,10.1,8.0,121.0
1951,7,,,,14.9,10.3,19.9
1951,8,,,,10.2,9.0,30.5
1951,9,,,,5.2,6.3,36.4
1951,10,,,,-3.7,3.9,17.6
1951,11,,,,-22.2,1.3,20.0
1951,12,,,,-26.5,1.1,22.4
1952,1,,,3.0,-37.6,0.3,19.5
1952,2,,,76.0,-33.1,0.4,7.5
1952,3,,,,-25.0,0.8,8.9
1952,4,,,292.0,-10.8,2.4,9.0
1952,5,,,202.0,2.2,5.2,36.5
1952,6,,,248.0,13.2,10.1,33.2
1952,7,,,259.0,15.7,12.2,66.7
1952,8,,,168.0,12.7,11.2,64.3
1952,9,,,,6.3,7.4,14.1
1952,10,,,82.0,-13.2,2.2,29.8
1952,11,,,17.0,-35.1,0.4,17.0
1952,12,,,0.0,-41.0,0.2,19.6
1953,1,,,0.0,-37.7,0.3,19.5
1953,2,,,61.0,-29.8,0.6,14.6
1953,3,,,,-17.9,1.6,15.7
1953,4,,,254.0,-2.9,3.5,14.4
1953,5,,,237.0,3.8,5.9,33.1
1953,6,,,297.0,14.6,10.8,40.5
1953,7,,,275.0,19.3,15.8,122.5
1953,8,,,211.0,10.5,8.7,50.0
1953,9,,,108.0,5.1,7.0,61.9
1953,10,,,44.0,-6.7,3.8,29.8
1953,11,,,,-25.5,0.7,27.2
1953,12,,,,-26.3,0.7,35.1
1954,1,,,,-39.3,0.2,15.4
1954,2,,,,-38.1,0.2,25.4
1954,3,,,,-17.9,,6.6
1954,4,,,,-7.3,,6.0
1954,5,,,,2.2,,16.9
1954,6,,,,15.8,,22.5
1954,7,,,,16.2,12.6,63.3
1954,8,,,,15.6,12.3,29.6
1954,9,,,,3.7,6.1,87.3
1954,10,,,,-4.3,3.6,48.8
1954,11,,,,-22.5,0.9,18.2
1954,12,,,,-30.1,0.5,18.2
1955,1,,,,-26.3,0.6,9.0
1955,2,,,,-36.8,0.2,15.9
1955,3,,,213.0,-24.8,0.7,10.4
1955,4,,,220.0,-7.4,2.4,11.5
1955,5,,,217.0,3.9,4.9,50.7
1955,6,,,227.0,12.4,8.6,55.6
1955,7,,,298.0,17.3,11.5,17.6
1955,8,,,216.0,12.4,9.6,51.4
1955,9,,,113.0,2.6,5.8,63.6
1955,10,,,39.0,-5.9,3.6,48.9
1955,11,,,10.0,-24.1,1.0,54.8
1955,12,,,0.0,-40.7,0.2,19.6
1956,1,,,0.0,-38.5,0.4,22.7
1956,2,,,98.0,-27.4,0.6,9.5
1956,3,,,208.0,-20.7,0.9,12.6
1956,4,,,257.0,-8.8,2.1,6.8
1956,5,,,290.0,1.8,4.2,6.1
1956,6,,,304.0,13.0,9.6,39.9
1956,7,,,244.0,18.3,8.5,74.2
1956,8,,,169.0,10.9,10.2,86.2
1956,9,,,124.0,5.3,6.4,35.1
1956,10,,,47.0,-7.4,3.4,51.1
1956,11,,,,-20.7,1.2,14.6
1956,12,,,0.0,-33.8,0.3,9.2
1957,1,,,0.0,-29.0,0.6,29.1
1957,2,,,87.0,-38.6,0.2,9.2
1957,3,,,138.0,-21.2,1.2,17.9
1957,4,,,220.0,-8.4,2.1,9.3
1957,5,,,152.0,2.6,4.8,27.4
1957,6,,,264.0,14.3,9.2,58.4
1957,7,,,234.0,16.6,12.2,95.9
1957,8,,,214.0,12.6,9.7,14.6
1957,9,,,72.0,2.9,6.2,76.1
1957,10,,,45.0,-8.4,2.9,39.2
1957,11,,,16.0,-32.2,0.5,33.5
1957,12,,,0.0,-34.9,0.4,34.2
1958,1,,,3.0,-36.3,0.4,30.4
1958,2,,,66.0,-30.5,0.7,14.8
1958,3,,,205.0,-24.0,0.8,14.8
1958,4,,,230.0,-11.5,1.6,20.3
1958,5,,,216.0,3.0,4.5,29.4
1958,6,,,252.0,12.2,7.4,22.4
1958,7,,,317.0,17.3,12.7,48.6
1958,8,,,181.0,11.3,9.8,64.0
1958,9,,,71.0,3.8,5.8,34.2
1958,10,,,53.0,-7.9,3.0,51.3
1958,11,,,10.0,-26.9,0.7,52.1
1958,12,,,0.0,-38.1,0.3,36.5
1959,1,,,1.0,-40.3,0.2,24.1
1959,2,,,55.0,-29.9,0.5,10.8
1959,3,,,90.0,-13.9,1.8,19.5
1959,4,,,240.0,-8.5,2.3,16.3
1959,5,,,231.0,0.3,4.0,21.7
1959,6,,,297.0,15.6,9.3,16.4
1959,7,,,132.0,15.8,11.4,27.2
1959,8,,,146.0,13.0,11.4,69.3
1959,9,,,97.0,7.0,8.0,55.6
1959,10,,,47.0,-8.1,3.2,29.2
1959,11,,,17.0,-23.8,1.0,21.0
1959,12,,,0.0,-35.5,0.4,19.8
1960,1,,,0.0,-41.2,0.2,16.1
1960,2,,,48.0,-34.7,0.4,26.3
1960,3,,,134.0,-24.7,0.8,12.5
1960,4,,,188.0,-6.5,3.0,24.1
1960,5,,,347.0,3.0,4.7,28.5
1960,6,,,219.0,12.9,9.9,48.1
1960,7,,,278.0,15.9,12.7,67.4
1960,8,,,161.0,11.4,10.0,32.4
1960,9,,,89.0,4.8,7.0,41.7
1960,10,,,47.0,-8.5,2.9,55.2
1960,11,,,16.0,-30.9,0.6,45.0
1960,12,,,0.0,-27.6,0.7,33.1
1961,1,,,2.0,-39.4,0.2,26.2
1961,2,,,46.0,-31.3,0.5,25.2
1961,3,,,161.0,-13.5,2.0,11.6
1961,4,,,205.0,-5.4,2.8,36.7
1961,5,,,280.0,3.0,4.4,32.5
1961,6,,,214.0,10.1,7.3,39.6
1961,7,,,197.0,14.1,11.1,61.5
1961,8,,,111.0,10.5,10.5,76.1
1961,9,,,98.0,6.3,8.1,48.0
1961,10,,,69.0,-8.9,2.7,18.9
1961,11,,,25.0,-25.3,1.0,27.8
1961,12,,,0.0,-39.2,0.3,15.3
1962,1,,,1.0,-25.8,0.9,28.7
1962,2,,,59.0,-24.9,0.9,22.0
1962,3,,,194.0,-18.8,1.3,9.8
1962,4,,,220.0,-7.4,2.8,23.8
1962,5,,,198.0,1.2,4.4,21.6
1962,6,,,230.0,12.0,10.4,85.0
1962,7,,,265.0,16.1,13.1,67.4
1962,8,,,166.0,13.0,12.6,46.9
1962,9,,,136.0,5.9,7.2,33.5
1962,10,,,100.0,-8.3,2.7,30.9
1962,11,,,43.0,-29.8,0.7,38.1
1962,12,,,0.0,-34.2,0.4,32.8
1963,1,,,20.0,-32.5,0.4,16.5
1963,2,,,53.0,-23.5,0.9,15.5
1963,3,,,169.0,-16.5,1.4,14.6
1963,4,,,217.0,-9.7,2.4,10.1
1963,5,,,192.0,1.9,4.5,25.5
1963,6,,,190.0,10.6,8.9,92.6
1963,7,,,285.0,17.1,12.7,73.4
1963,8,,,200.0,13.7,12.2,84.2
1963,9,,,63.0,5.2,7.5,46.4
1963,10,,,44.0,-1.9,4.8,52.1
1963,11,,,41.0,-22.9,1.2,32.5
1963,12,,,1.0,-32.5,0.5,21.8
1964,1,,,13.0,-32.5,0.4,16.3
1964,2,,,127.0,-29.5,0.6,3.0
1964,3,,,180.0,-24.4,0.8,11.6
1964,4,,,245.0,-12.0,2.1,20.9
1964,5,,,291.0,1.4,4.1,26.0
1964,6,,,156.0,10.7,8.8,80.2
1964,7,,,281.0,17.8,12.6,56.2
1964,8,,,201.0,13.4,11.1,43.0
1964,9,,,145.0,6.2,7.4,43.2
1964,10,,,91.0,-9.5,2.9,19.3
1964,11,,,22.0,-25.7,1.0,27.8
1964,12,,,0.0,-34.3,0.4,14.9
1965,1,,,15.0,-34.8,0.4,25.8
1965,2,,,89.0,-39.1,0.2,9.2
1965,3,,,184.0,-17.3,1.4,13.5
1965,4,,,259.0,-6.9,2.4,10.7
1965,5,,,224.0,2.8,4.8,39.1
1965,6,,,208.0,8.6,6.5,50.2
1965,7,,,291.0,16.6,11.7,94.1
1965,8,,,191.0,14.1,12.8,45.9
1965,9,,,100.0,4.1,6.9,49.6
1965,10,,,53.0,-4.4,4.2,37.2
1965,11,,,31.0,-32.5,0.4,16.6
1965,12,,,0.0,-33.0,0.5,21.8
1966,1,16.0,,,-38.6,0.4,15.3
1966,2,17.0,,62.0,-41.9,0.2,17.0
1966,3,15.0,,188.0,-24.7,1.0,15.3
1966,4,13.0,,244.0,-12.0,1.7,13.2
1966,5,24.0,,266.0,4.7,4.3,27.1
1966,6,51.0,,258.0,11.9,7.6,53.4
1966,7,77.0,,286.0,15.1,10.5,79.5
1966,8,63.0,,248.0,12.6,10.1,65.3
1966,9,42.0,,100.0,7.1,7.6,44.1
1966,10,36.0,,94.0,-8.7,2.8,41.7
1966,11,36.0,,31.0,-32.5,0.4,38.4
1966,12,29.0,,0.0,-30.8,0.5,26.2
1967,1,12.0,,11.0,-30.2,0.5,14.3
1967,2,7.0,,74.0,-31.6,0.6,8.8
1967,3,10.0,,146.0,-16.4,1.5,13.6
1967,4,2.0,,247.0,-6.3,3.0,3.7
1967,5,48.0,,202.0,3.0,4.9,56.4
1967,6,63.0,,278.0,13.6,9.1,66.0
1967,7,6.0,,318.0,19.4,12.5,6.2
1967,8,54.0,,,10.6,9.6,55.2
1967,9,17.0,,53.0,5.1,6.1,19.4
1967,10,11.0,,48.0,0.1,4.9,13.3
1967,11,17.0,,64.0,-21.5,1.2,19.3
1967,12,16.0,,1.0,-25.2,0.8,17.6
1968,1,11.0,,13.0,-36.5,0.3,13.4
1968,2,8.0,,98.0,-31.4,0.5,10.3
1968,3,4.0,,126.0,-9.0,2.4,8.1
1968,4,18.0,,179.0,-2.1,3.7,23.0
1968,5,48.0,,199.0,1.7,5.4,53.2
1968,6,64.0,,221.0,10.2,7.2,70.1
1968,7,68.0,,358.0,18.6,13.1,70.2
1968,8,36.0,,181.0,10.9,9.2,39.2
1968,9,31.0,,112.0,1.5,5.2,33.2
1968,10,19.0,,76.0,-6.0,3.2,25.2
1968,11,20.0,,,-35.5,0.3,26.3
1968,12,11.0,,,-40.2,0.3,13.6
1969,1,11.0,,2.0,-43.2,0.1,15.7
1969,2,4.0,,56.0,-46.2,0.1,5.9
1969,3,11.0,,174.0,-21.9,0.9,17.1
1969,4,7.0,,195.0,-9.9,1.8,13.2
1969,5,11.0,,301.0,2.6,3.7,14.2
1969,6,90.0,,211.0,10.7,8.3,92.7
1969,7,25.0,,340.0,19.4,12.4,27.4
1969,8,80.0,,148.0,13.0,11.1,83.0
1969,9,37.0,,99.0,2.6,5.6,39.1
1969,10,31.0,,,-11.6,2.6,41.9
1969,11,23.0,,31.0,-21.4,1.3,29.6
1969,12,9.0,,0.0,-30.9,0.7,13.4
1970,1,28.0,,0.0,-35.0,0.4,44.7
1970,2,16.0,,65.0,-34.3,0.3,24.4
1970,3,1.0,,238.0,-20.8,1.0,2.4
1970,4,30.0,,146.0,-6.7,2.5,16.0
1970,5,25.0,,236.0,0.4,3.6,31.3
1970,6,43.0,,242.0,10.6,7.6,46.6
1970,7,61.0,,362.0,18.2,12.4,62.8
1970,8,84.0,,142.0,10.9,9.6,86.5
1970,9,30.0,,115.0,5.2,6.4,31.8
1970,10,36.0,,78.0,-8.2,2.8,45.3
1970,11,22.0,,23.0,-21.4,1.3,28.0
1970,12,19.0,,0.0,-32.2,0.5,24.6
1971,1,26.0,,5.0,-34.5,0.4,30.8
1971,2,7.0,,70.0,-36.3,0.3,12.2
1971,3,5.0,,197.0,-21.3,0.9,9.2
1971,4,22.0,,188.0,-7.5,2.4,30.3
1971,5,48.0,,278.0,3.2,4.3,53.5
1971,6,49.0,,289.0,12.7,8.2,51.9
1971,7,81.0,,267.0,16.1,11.8,73.2
1971,8,14.0,,281.0,14.6,10.2,15.5
1971,9,47.0,,103.0,5.0,6.7,49.8
1971,10,48.0,,67.0,-5.8,3.4,62.3
1971,11,22.0,,21.0,-17.0,1.7,29.0
1971,12,14.0,,0.0,-31.4,0.4,17.8
1972,1,13.0,,4.0,-39.6,0.2,16.1
1972,2,15.0,,32.0,-34.0,0.5,19.5
1972,3,14.0,,,-21.3,0.9,17.8
1972,4,17.0,,277.0,-6.2,2.4,24.2
1972,5,60.0,,174.0,1.6,4.4,66.3
1972,6,14.0,,344.0,14.4,7.5,14.6
1972,7,37.0,,284.0,15.6,10.1,40.0
1972,8,100.0,,145.0,12.2,10.7,102.4
1972,9,44.0,,81.0,2.3,5.5,46.6
1972,10,24.0,,46.0,-7.8,2.8,31.6
1972,11,28.0,,39.0,-31.4,0.4,32.7
1972,12,16.0,,0.0,-36.7,0.3,21.8
1973,1,17.0,,4.0,-32.6,0.5,21.5
1973,2,13.0,,80.0,-29.7,0.5,16.0
1973,3,14.0,,188.0,-17.7,1.3,16.4
1973,4,20.0,,237.0,-9.6,2.0,25.9
1973,5,23.0,,232.0,3.5,4.6,27.3
1973,6,23.0,,247.0,11.4,7.3,28.1
1973,7,21.0,,258.0,16.2,11.3,23.0
1973,8,16.0,,259.0,13.4,10.0,18.8
1973,9,48.0,,126.0,6.4,7.1,51.0
1973,10,18.0,,95.0,-5.8,3.2,25.9
1973,11,37.0,,22.0,-23.1,1.0,40.2
1973,12,25.0,,0.0,-32.5,0.5,29.5
1974,1,13.0,,2.0,-43.1,0.1,20.6
1974,2,9.0,,43.0,-39.8,0.3,13.0
1974,3,15.0,,172.0,-18.7,1.1,16.6
1974,4,8.0,,,-7.1,2.4,12.9
1974,5,43.0,,187.0,0.3,4.0,48.4
1974,6,43.0,,289.0,9.7,6.9,46.2
1974,7,69.0,,178.0,13.1,10.7,71.9
1974,8,99.0,,138.0,12.5,11.4,100.5
1974,9,34.0,,138.0,5.5,6.9,35.1
1974,10,42.0,,84.0,-13.7,2.0,52.8
1974,11,23.0,,32.0,-32.7,0.4,27.9
1974,12,20.0,,0.0,-34.0,0.4,24.0
1975,1,32.0,,1.0,-30.7,0.6,37.1
1975,2,13.0,,54.0,-34.4,0.3,15.4
1975,3,22.0,,94.0,-15.5,1.5,27.5
1975,4,12.0,,245.0,-5.4,2.6,15.7
1975,5,42.0,,219.0,4.3,4.9,43.9
1975,6,92.0,,232.0,13.3,9.5,96.5
1975,7,95.0,,258.0,17.0,13.2,97.1
1975,8,50.0,,198.0,12.1,10.7,51.3
1975,9,76.0,,107.0,5.0,6.8,77.9
1975,10,46.0,,68.0,-5.0,3.6,55.8
1975,11,18.0,,24.0,-23.8,1.1,23.2
1975,12,21.0,,0.0,-26.4,0.8,27.4
1976,1,9.0,,0.0,-32.9,0.4,12.1
1976,2,10.0,,30.0,-34.4,0.4,13.5
1976,3,5.0,,207.0,-22.5,0.8,9.7
1976,4,17.0,,,-5.5,2.7,20.5
1976,5,16.0,,220.0,2.4,4.3,20.0
1976,6,57.0,,295.0,13.0,8.5,59.4
1976,7,50.0,,344.0,16.2,10.7,51.5
1976,8,72.0,,158.0,10.8,9.9,73.7
1976,9,47.0,,153.0,5.1,6.4,49.3
1976,10,28.0,,75.0,-9.2,2.9,35.0
1976,11,24.0,,25.0,-23.5,1.1,28.6
1976,12,18.0,,0.0,-36.0,0.3,24.3
1977,1,16.0,76.0,,-40.3,0.2,19.8
1977,2,5.4,75.0,64.0,-37.3,0.3,8.8
1977,3,19.0,73.0,141.0,-21.5,1.1,25.8
1977,4,19.0,61.0,212.0,-6.4,2.6,35.8
1977,5,30.0,58.0,251.0,4.3,4.7,35.8
1977,6,64.2,59.0,251.0,12.1,8.2,68.3
1977,7,20.8,63.0,279.0,14.4,9.9,24.8
1977,8,116.2,76.0,185.0,10.8,9.5,119.4
1977,9,37.9,73.0,109.0,4.4,6.1,40.6
1977,10,41.9,75.0,90.0,-12.0,2.2,51.1
1977,11,32.5,,37.0,-20.3,1.2,
1977,12,17.9,76.0,,-33.3,0.4,23.6
1978,1,20.4,76.0,16.0,-38.8,0.2,26.3
1978,2,17.7,75.0,57.0,-26.3,0.8,23.4
1978,3,8.0,66.0,160.0,-19.7,1.3,13.1
1978,4,20.3,67.0,193.0,-5.0,3.0,25.6
1978,5,24.4,59.0,234.0,3.1,4.4,29.1
1978,6,60.9,64.0,227.0,11.3,8.3,64.8
1978,7,7.4,55.0,341.0,17.2,10.4,9.1
1978,8,30.2,74.0,159.0,12.1,10.2,32.7
1978,9,56.5,79.0,53.0,4.2,6.5,58.4
1978,10,16.3,78.0,83.0,-3.5,3.9,20.6
1978,11,18.7,81.0,28.0,-13.4,2.2,26.2
1978,12,14.5,79.0,,-33.1,0.4,30.6
1979,1,10.8,71.0,16.0,-45.7,0.1,19.1
1979,2,19.4,73.0,49.0,-40.8,0.2,25.0
1979,3,16.1,74.0,137.0,-21.5,1.0,21.7
1979,4,1.1,60.0,284.0,-8.4,2.0,3.1
1979,5,32.0,64.0,209.0,1.0,4.4,41.3
1979,6,37.5,60.0,299.0,16.3,10.8,41.2
1979,7,41.4,61.0,360.0,17.9,12.0,42.7
1979,8,24.2,71.0,151.0,11.8,9.8,28.8
1979,9,19.6,73.0,127.0,4.7,6.3,22.5
1979,10,23.5,75.0,93.0,-10.6,2.5,28.8
1979,11,22.8,76.0,53.0,-25.6,0.7,27.7
1979,12,33.1,75.0,,-28.3,1.0,38.5
1980,1,13.0,73.0,17.0,-40.2,0.2,19.9
1980,2,12.0,75.0,64.0,-31.8,0.5,15.7
1980,3,14.0,69.0,212.0,-22.4,0.8,19.7
1980,4,12.0,65.0,257.0,-7.4,2.6,18.4
1980,5,35.0,57.0,313.0,0.9,3.7,41.3
1980,6,40.0,52.0,346.0,12.5,7.3,43.9
1980,7,133.0,74.0,233.0,16.6,13.7,136.4
1980,8,49.0,77.0,201.0,15.2,13.0,49.7
1980,9,30.0,81.0,97.0,6.0,7.6,33.3
1980,10,17.0,80.0,74.0,-5.3,3.5,22.0
1980,11,36.0,76.0,30.0,-27.4,0.8,41.2
1980,12,22.0,77.0,,-36.4,0.3,27.5
1981,1,10.0,81.0,17.0,-27.3,0.8,13.5
1981,2,12.0,77.0,73.0,-30.6,0.4,16.8
1981,3,6.0,68.0,173.0,-17.6,1.6,10.1
1981,4,19.0,67.0,217.0,-3.6,3.5,22.0
1981,5,41.0,61.0,241.0,3.8,4.9,43.6
1981,6,87.0,60.0,283.0,13.6,8.9,93.1
1981,7,78.0,68.0,316.0,15.8,11.7,80.5
1981,8,26.0,64.0,276.0,11.9,8.7,27.3
1981,9,25.0,73.0,136.0,4.3,6.3,29.7
1981,10,29.0,80.0,78.0,-10.2,2.5,34.8
1981,11,13.0,79.0,36.0,-23.9,1.0,17.1
1981,12,22.0,75.0,16.0,-24.2,1.2,28.1
1982,1,13.0,74.0,22.0,-37.8,0.3,17.9
1982,2,10.0,80.0,63.0,-27.0,0.6,14.0
1982,3,8.0,72.0,189.0,-24.2,0.8,13.1
1982,4,36.0,67.0,178.0,-2.1,3.7,39.5
1982,5,24.0,57.0,234.0,4.0,4.6,28.9
1982,6,28.0,58.0,303.0,13.7,8.7,31.5
1982,7,42.0,66.0,278.0,16.5,12.3,45.9
1982,8,73.0,73.0,166.0,13.9,11.3,75.4
1982,9,48.0,72.0,113.0,3.3,5.6,52.4
1982,10,15.0,77.0,108.0,-13.7,1.9,21.9
1982,11,30.0,77.0,23.0,-28.5,0.7,34.4
1982,12,31.0,81.0,16.0,-30.0,0.5,36.5
1983,1,19.0,82.0,16.0,-31.9,0.4,22.1
1983,2,9.0,81.0,46.0,-31.4,0.6,11.5
1983,3,18.0,76.0,140.0,-15.3,1.7,22.4
1983,4,21.0,67.0,178.0,-9.8,2.2,27.7
1983,5,14.0,62.0,200.0,2.1,4.4,17.6
1983,6,33.0,57.0,313.0,13.1,8.7,36.0
1983,7,52.0,64.0,327.0,15.0,10.4,55.0
1983,8,30.0,70.0,238.0,12.0,9.5,34.2
1983,9,23.0,76.0,123.0,5.8,7.1,26.0
1983,10,31.0,80.0,59.0,-5.6,3.6,35.0
1983,11,23.0,81.0,22.0,-15.8,1.8,28.4
1983,12,20.0,83.0,16.0,-27.1,0.8,25.2
1984,1,16.0,83.0,16.0,-33.7,0.4,20.0
1984,2,15.0,81.0,38.0,-31.7,0.5,19.4
1984,3,7.0,76.0,208.0,-20.6,1.0,10.6
1984,4,10.0,65.0,238.0,-14.1,1.6,14.8
1984,5,24.0,62.0,251.0,5.3,5.5,28.5
1984,6,25.0,55.0,322.0,15.3,,27.1
1984,7,46.0,58.0,248.0,18.4,11.7,47.0
1984,8,15.0,68.0,205.0,13.5,10.1,17.5
1984,9,20.0,69.0,143.0,6.0,6.7,22.4
1984,10,28.0,77.0,58.0,-11.2,2.2,34.3
1984,11,19.0,75.0,29.0,-31.1,0.4,24.4
1984,12,13.0,72.0,16.0,-32.3,0.4,19.3
1985,1,22.1,73.0,3.0,-39.7,0.2,28.0
1985,2,2.7,72.0,62.0,-40.9,0.2,5.4
1985,3,15.7,67.0,115.0,-20.4,1.0,25.0
1985,4,10.2,60.0,190.0,-5.7,2.9,15.5
1985,5,18.9,56.0,253.0,3.6,4.3,24.2
1985,6,16.4,54.0,342.0,16.9,9.8,21.8
1985,7,67.8,64.0,269.0,15.2,10.6,70.9
1985,8,69.5,75.0,120.0,11.1,9.7,72.9
1985,9,53.0,75.0,130.0,4.3,6.2,54.7
1985,10,23.0,83.0,51.0,-4.6,3.8,25.2
1985,11,20.2,80.0,19.0,-22.7,1.1,24.7
1985,12,9.5,75.0,0.0,-36.6,0.3,14.8
1986,1,18.3,75.0,7.0,-37.0,0.3,22.5
1986,2,13.9,71.0,57.0,-24.0,0.8,18.7
1986,3,16.4,69.0,152.0,-19.1,1.1,21.3
1986,4,10.4,60.0,184.0,-8.1,2.3,17.4
1986,5,25.0,54.0,339.0,2.7,4.4,29.5
1986,6,16.3,52.0,344.0,12.3,7.1,19.9
1986,7,83.2,73.0,194.0,19.4,16.0,85.6
1986,8,22.7,76.0,175.0,13.3,11.6,24.7
1986,9,55.6,78.0,86.0,5.6,7.5,60.0
1986,10,21.7,77.0,59.0,-3.9,3.8,26.5
1986,11,15.0,83.0,21.0,-19.0,1.4,18.1
1986,12,18.1,79.0,0.0,-33.6,0.7,22.9
1987,1,13.6,74.0,4.0,-39.3,0.3,18.9
1987,2,16.7,78.0,23.0,-29.7,0.6,21.0
1987,3,5.3,68.0,175.0,-21.8,0.9,10.6
1987,4,3.8,61.0,273.0,-9.7,2.1,7.9
1987,5,11.0,55.0,264.0,2.2,3.9,14.8
1987,6,44.7,60.0,239.0,7.6,6.1,51.2
1987,7,78.4,67.0,281.0,16.2,11.9,80.3
1987,8,44.8,71.0,249.0,12.8,10.0,46.1
1987,9,18.8,66.0,221.0,4.5,5.3,19.1
1987,10,18.5,79.0,74.0,-7.4,3.1,24.5
1987,11,13.1,76.0,19.0,-35.0,0.4,18.9
1987,12,30.9,77.0,0.0,-33.0,0.5,39.2
1988,1,13.3,79.0,0.0,-33.5,0.5,17.2
1988,2,15.1,77.0,70.0,-35.4,0.3,19.3
1988,3,9.1,72.0,190.0,-20.0,1.1,14.3
1988,4,51.1,65.0,213.0,-9.3,2.4,60.0
1988,5,7.0,56.0,286.0,3.3,4.3,11.3
1988,6,70.1,62.0,204.0,10.9,7.9,75.3
1988,7,74.1,66.0,258.0,14.7,10.8,76.8
1988,8,92.7,73.0,176.0,12.4,10.2,97.0
1988,9,65.3,73.0,99.0,7.5,7.7,68.0
1988,10,12.8,75.0,75.0,-5.0,3.6,19.3
1988,11,46.3,81.0,14.0,-19.3,1.4,54.1
1988,12,19.3,82.0,0.0,-25.3,0.9,24.3
1989,1,17.1,79.0,2.0,-36.0,0.3,21.0
1989,2,13.8,80.0,36.0,-21.1,1.2,17.2
1989,3,28.0,75.0,137.0,-14.2,2.0,35.8
1989,4,18.8,59.0,234.0,-9.1,2.0,24.1
1989,5,32.9,62.0,211.0,4.0,5.1,36.9
1989,6,73.8,60.0,227.0,8.8,6.7,77.6
1989,7,47.5,62.0,317.0,14.7,10.3,50.8
1989,8,44.3,77.0,155.0,11.3,10.2,47.8
1989,9,34.1,77.0,90.0,2.6,5.9,35.8
1989,10,32.3,79.0,77.0,-5.9,3.5,38.5
1989,11,27.1,80.0,26.0,-23.0,1.1,32.5
1989,12,31.2,78.0,0.0,-30.2,0.5,37.0
1990,1,13.0,75.0,1.0,-42.2,0.1,17.9
1990,2,12.3,77.0,58.0,-32.0,0.6,16.8
1990,3,18.5,74.0,101.0,-7.2,2.9,24.1
1990,4,5.2,61.0,264.0,-6.0,2.5,10.4
1990,5,56.7,64.0,210.0,5.3,5.7,64.8
1990,6,21.4,55.0,304.0,14.2,8.4,24.1
1990,7,27.0,58.0,360.0,17.6,11.1,28.2
1990,8,75.4,72.0,232.0,12.9,10.5,76.1
1990,9,48.1,79.0,57.0,4.5,6.6,51.1
1990,10,58.3,76.0,55.0,-5.6,3.6,65.1
1990,11,46.1,75.0,44.0,-25.2,0.7,52.5
1990,12,24.2,71.0,0.0,-29.4,0.6,30.9
1991,1,15.9,73.0,15.0,-35.3,0.4,21.3
1991,2,13.5,74.0,36.0,-35.4,0.3,18.8
1991,3,12.6,70.0,187.0,-21.4,1.0,18.9
1991,4,22.0,61.0,173.0,-6.4,2.6,30.1
1991,5,34.5,59.0,212.0,2.8,4.6,40.9
1991,6,92.3,64.0,207.0,11.7,8.7,97.3
1991,7,50.8,66.0,333.0,19.0,14.1,54.1
1991,8,94.6,80.0,171.0,13.0,12.0,96.0
1991,9,5.4,78.0,197.0,7.0,7.6,6.0
1991,10,28.4,75.0,66.0,-6.7,3.3,36.5
1991,11,32.6,81.0,29.0,-20.4,1.3,37.4
1991,12,19.2,75.0,0.0,-34.6,0.4,23.2
1992,1,18.9,77.0,0.0,-28.3,0.6,23.5
1992,2,13.8,74.0,61.0,-26.4,0.7,17.8
1992,3,10.3,69.0,138.0,-16.3,1.5,14.8
1992,4,26.1,61.0,231.0,-10.6,1.9,39.4
1992,5,,57.0,250.0,4.4,4.9,30.5
1992,6,59.3,61.0,207.0,10.5,8.0,64.0
1992,7,42.7,61.0,343.0,16.9,11.3,44.9
1992,8,29.1,67.0,233.0,15.2,10.9,29.5
1992,9,38.6,80.0,59.0,3.7,6.7,40.2
1992,10,59.1,76.0,64.0,-4.6,3.7,70.6
1992,11,38.2,74.0,18.0,-28.3,0.6,47.2
1992,12,19.7,75.0,0.0,-30.1,0.6,24.4
1993,1,17.4,78.0,0.0,-26.4,0.6,20.8
1993,2,13.9,75.0,54.0,-24.6,0.9,18.6
1993,3,10.5,72.0,90.0,-9.9,2.3,14.9
1993,4,10.4,55.0,223.0,-7.6,2.2,15.8
1993,5,22.0,59.0,220.0,1.6,4.1,27.9
1993,6,30.5,52.0,305.0,13.0,7.7,33.2
1993,7,66.6,64.0,280.0,17.7,12.6,69.1
1993,8,95.4,74.0,178.0,12.6,10.9,97.5
1993,9,32.1,77.0,96.0,3.5,5.9,33.1
1993,10,33.1,75.0,60.0,-5.7,3.2,41.8
1993,11,16.4,80.0,22.0,-24.5,0.8,20.2
1993,12,17.9,79.0,0.0,-33.6,0.4,22.2
1994,1,13.2,75.0,1.0,-42.1,0.2,16.4
1994,2,15.3,75.0,28.0,-35.3,0.3,19.4
1994,3,9.3,72.0,147.0,-15.6,1.7,15.2
1994,4,6.2,58.0,186.0,-7.0,2.2,11.5
1994,5,33.1,57.0,193.0,3.4,4.6,49.0
1994,6,50.1,56.0,214.0,13.4,8.4,52.5
1994,7,22.3,56.0,296.0,19.9,12.6,24.2
1994,8,9.2,64.0,199.0,13.2,9.3,11.6
1994,9,50.6,72.0,56.0,5.0,6.3,51.8
1994,10,13.0,72.0,89.0,-4.1,3.7,16.3
1994,11,18.8,78.0,32.0,-24.9,0.9,23.3
1994,12,11.3,73.0,0.0,-35.4,0.3,15.6
1995,1,23.2,76.0,5.0,-26.8,0.8,30.9
1995,2,10.1,78.0,84.0,-24.2,0.8,14.7
1995,3,24.0,71.0,153.0,-17.9,1.5,30.1
1995,4,15.2,60.0,262.0,-4.3,2.7,19.7
1995,5,17.8,55.0,245.0,1.7,3.9,22.1
1995,6,64.0,62.0,190.0,10.4,7.8,67.8
1995,7,41.6,60.0,332.0,16.7,10.9,44.1
1995,8,78.7,69.0,233.0,14.6,10.9,82.0
1995,9,58.4,77.0,85.0,5.5,7.1,62.8
1995,10,56.1,78.0,57.0,-4.2,3.8,64.3
1995,11,48.1,81.0,21.0,-21.3,1.1,57.8
1995,12,37.6,79.0,0.0,-28.8,0.6,43.4
1996,1,17.3,76.0,3.0,-35.5,0.4,22.2
1996,2,2.1,72.0,81.0,-26.9,0.7,4.3
1996,3,5.0,70.0,203.0,-14.6,1.6,7.3
1996,4,5.6,67.0,219.0,-6.7,2.6,10.0
1996,5,36.4,57.0,253.0,1.9,4.0,40.6
1996,6,22.8,56.0,247.0,12.5,8.0,24.3
1996,7,68.9,66.0,326.0,18.1,13.1,70.2
1996,8,97.5,81.0,111.0,10.6,10.4,101.4
1996,9,15.9,75.0,79.0,2.1,5.3,20.6
1996,10,13.6,80.0,76.0,-7.5,3.3,16.4
1996,11,16.2,78.0,51.0,-21.2,1.2,20.5
1996,12,33.3,76.0,0.0,-34.5,0.5,40.6
1997,1,21.9,78.0,5.0,-37.2,0.3,25.2
1997,2,16.3,79.0,55.0,-29.4,0.5,19.1
1997,3,11.8,71.0,187.0,-17.9,1.4,14.4
1997,4,16.5,59.0,254.0,3.0,4.2,20.4
1997,5,69.3,64.0,173.0,5.3,5.7,74.4
1997,6,50.2,59.0,271.0,11.6,7.9,53.7
1997,7,47.3,69.0,,15.7,12.0,50.8
1997,8,105.6,83.0,117.0,12.4,12.0,107.4
1997,9,34.9,77.0,100.0,6.1,7.3,36.5
1997,10,29.4,81.0,67.0,-3.9,3.9,35.7
1997,11,27.8,77.0,28.0,-24.5,1.3,35.0
1997,12,18.0,77.0,,-34.1,0.5,22.7
1998,1,8.6,77.0,,-39.0,0.3,13.0
1998,2,14.3,78.0,49.0,-27.1,0.8,18.5
1998,3,8.9,73.0,170.0,-13.9,1.8,12.4
1998,4,23.0,68.0,204.0,-6.4,2.7,28.7
1998,5,58.1,66.0,246.0,1.0,4.4,63.8
1998,6,65.3,66.0,204.0,11.5,8.9,68.8
1998,7,10.2,65.0,320.0,17.3,12.5,12.5
1998,8,139.2,76.0,235.0,16.2,13.4,140.7
1998,9,67.7,80.0,49.0,1.6,5.8,72.4
1998,10,39.8,84.0,77.0,-11.0,2.6,45.5
1998,11,11.4,78.0,29.0,-34.9,0.3,16.5
1998,12,46.0,80.0,,-35.1,0.5,52.7
1999,1,17.4,82.0,4.0,-39.8,0.2,22.0
1999,2,14.9,84.0,79.0,-26.1,0.8,15.9
1999,3,3.8,73.0,,-25.6,0.6,7.2
1999,4,23.1,70.0,215.0,-6.3,2.9,29.9
1999,5,24.6,59.0,252.0,7.7,6.1,28.3
1999,6,32.9,62.0,211.0,10.4,7.7,37.7
1999,7,59.9,64.0,366.0,19.0,13.7,62.2
1999,8,32.6,72.0,175.0,11.2,9.4,37.2
1999,9,22.5,70.0,126.0,4.7,6.1,25.1
1999,10,27.9,80.0,72.0,-7.9,3.1,32.2
1999,11,22.0,74.0,25.0,-20.7,1.3,30.4
1999,12,22.2,77.0,,-28.9,0.6,28.5
2000,1,11.4,72.0,10.0,-39.3,0.2,14.5
2000,2,10.9,75.0,114.0,-32.8,0.4,13.3
2000,3,6.1,70.0,228.0,-18.2,1.3,10.9
2000,4,17.3,63.0,202.0,-6.1,2.7,25.5
2000,5,21.0,54.0,292.0,3.9,4.3,25.4
2000,6,46.8,61.0,270.0,14.5,9.6,49.6
2000,7,119.4,75.0,191.0,14.5,12.3,122.1
2000,8,48.1,76.0,206.0,14.1,12.0,49.7
2000,9,60.4,75.0,80.0,4.5,6.4,62.8
2000,10,30.1,75.0,73.0,-8.7,2.8,37.6
2000,11,14.7,80.0,27.0,-28.9,0.7,18.3
2000,12,5.9,78.0,,-43.6,0.1,9.1
2001,1,8.7,78.0,4.0,-39.8,0.3,11.8
2001,2,11.4,78.0,74.0,-34.1,0.4,14.5
2001,3,23.2,73.0,180.0,-20.6,1.1,29.1
2001,4,27.4,62.0,191.0,-10.2,2.1,36.0
2001,5,37.3,61.0,222.0,4.8,5.5,41.6
2001,6,104.2,62.0,286.0,17.3,11.8,106.7
2001,7,121.6,70.0,292.0,17.6,13.5,125.7
2001,8,88.7,80.0,189.0,15.3,13.8,91.0
2001,9,57.5,78.0,91.0,5.0,7.0,57.8
2001,10,38.6,76.0,64.0,-6.1,3.2,46.0
2001,11,25.9,76.0,25.0,-14.8,1.8,31.4
2001,12,5.6,76.0,,-30.8,0.6,7.3
2002,1,27.1,77.0,12.0,-34.8,0.3,32.0
2002,2,19.9,71.0,69.0,-27.0,1.0,25.1
2002,3,23.1,69.0,159.0,-12.2,1.9,27.9
2002,4,10.2,63.0,230.0,-7.4,2.5,13.6
2002,5,63.9,57.0,259.0,6.1,5.5,68.5
2002,6,72.0,58.0,319.0,15.6,10.0,74.4
2002,7,56.6,69.0,246.0,18.2,14.0,59.1
2002,8,60.4,74.0,158.0,12.7,10.8,63.0
2002,9,80.9,74.0,77.0,3.0,5.9,84.3
2002,10,22.4,78.0,48.0,-6.5,3.1,27.0
2002,11,13.4,78.0,41.0,-26.4,0.9,16.4
2002,12,8.2,73.0,,-39.4,0.2,9.8
2003,1,22.2,74.0,9.0,-35.1,0.3,25.8
2003,2,19.1,74.0,80.0,-27.7,0.6,23.5
2003,3,5.4,65.0,146.0,-15.1,1.7,10.9
2003,4,14.2,63.0,218.0,-5.6,2.6,19.1
2003,5,24.0,56.0,295.0,2.9,4.3,27.9
2003,6,50.3,54.0,349.0,15.3,9.1,52.7
2003,7,66.5,62.0,262.0,17.0,11.5,70.0
2003,8,58.7,76.0,184.0,13.7,11.5,60.8
2003,9,14.6,74.0,119.0,7.1,7.6,17.2
2003,10,43.6,72.0,69.0,-6.4,3.1,51.7
2003,11,28.4,78.0,30.0,-28.0,0.7,32.4
2003,12,14.8,76.0,,-24.2,1.0,19.7
2004,1,13.4,78.0,4.0,-32.9,0.4,17.2
2004,2,19.3,79.0,105.0,-29.3,0.5,22.2
2004,3,10.7,71.0,170.0,-19.6,1.2,16.3
2004,4,13.0,68.0,259.0,-7.3,2.4,16.1
2004,5,19.2,57.0,281.0,2.2,4.1,21.9
2004,6,42.8,55.0,290.0,13.7,8.5,46.2
2004,7,69.3,72.0,237.0,14.4,11.7,72.1
2004,8,58.6,74.0,136.0,10.5,9.3,62.4
2004,9,30.7,75.0,,4.7,6.4,33.0
2004,10,34.9,80.0,,-6.0,3.4,41.8
2004,11,9.4,78.0,,-16.0,1.9,13.3
2004,12,10.3,77.0,,-39.3,0.2,12.9
2005,1,18.8,81.0,,-30.2,0.5,25.1
2005,2,2.5,75.0,,-33.2,0.3,5.9
2005,3,11.3,63.0,,-15.0,1.5,15.8
2005,4,17.7,60.0,,-4.9,2.7,24.4
2005,5,5.5,52.0,302.0,7.4,5.1,8.5
2005,6,52.2,60.0,,15.4,9.9,55.8
2005,7,35.5,64.0,,18.2,12.6,38.3
2005,8,36.3,76.0,,12.2,10.6,38.3
2005,9,24.0,80.0,,7.4,8.1,24.8
2005,10,41.3,81.0,,-6.0,3.5,46.4
2005,11,18.1,81.0,,-20.2,1.4,23.4
2005,12,13.8,78.0,,-34.1,0.4,18.0
2006,1,6.4,76.0,,-42.7,0.2,10.9
2006,2,12.5,76.0,,-32.4,0.5,15.3
2006,3,12.2,73.0,,-19.7,1.1,15.5
2006,4,30.1,68.0,,-10.2,2.1,38.8
2006,5,34.7,61.0,,3.0,4.5,38.8
2006,6,23.7,54.0,,14.9,8.7,25.6
2006,7,7.9,53.0,,19.3,11.3,9.7
2006,8,35.7,64.0,,12.1,8.7,38.3
2006,9,26.1,69.0,,6.9,7.0,30.2
2006,10,37.4,78.0,,-10.5,2.4,47.8
2006,11,25.7,78.0,,-24.5,0.9,31.8
2006,12,17.3,80.0,,-31.1,0.5,21.0
2007,1,16.0,79.0,,-24.7,0.9,20.2
2007,2,8.7,72.0,,-35.2,0.3,11.7
2007,3,6.2,70.0,,-20.4,1.0,10.0
2007,4,9.6,62.0,,0.3,3.9,13.9
2007,5,81.4,61.0,,3.3,4.8,87.9
2007,6,49.8,58.0,,12.8,8.4,52.7
2007,7,53.5,65.0,,16.2,11.7,56.2
2007,8,121.1,75.0,,12.8,11.0,125.3
2007,9,29.7,71.0,,5.5,6.5,32.0
2007,10,29.6,77.0,,-4.0,3.7,37.0
2007,11,19.6,77.0,,-20.4,1.6,23.1
2007,12,23.3,80.0,,-28.8,0.7,27.0
2008,1,10.8,78.0,,-32.7,0.5,12.7
2008,2,12.5,71.0,,-23.8,0.9,15.6
2008,3,20.0,67.0,,-13.1,1.8,26.5
2008,4,18.1,59.0,,-9.8,1.9,25.5
2008,5,10.0,51.0,,5.7,4.4,12.7
2008,6,36.1,58.0,,14.5,9.4,40.1
2008,7,107.7,75.0,167.0,14.6,12.2,111.6
2008,8,81.3,78.0,143.0,11.9,10.9,83.0
2008,9,3.5,71.0,122.0,5.6,6.3,6.7
2008,10,48.1,80.0,35.0,-3.5,4.0,52.6
2008,11,31.9,79.0,50.0,-24.7,0.8,36.8
2008,12,13.6,76.0,,-32.2,0.5,17.9
2009,1,14.1,78.0,,-29.3,0.5,18.7
2009,2,3.9,72.0,76.0,-36.2,0.3,7.7
2009,3,3.3,64.0,206.0,-22.2,1.0,6.5
2009,4,17.1,59.0,236.0,-1.5,3.4,21.4
2009,5,43.0,57.0,201.0,2.5,4.1,49.9
2009,6,33.2,61.0,236.0,13.1,8.8,37.5
2009,7,17.9,62.0,319.0,16.8,11.3,20.3
2009,8,35.0,67.0,246.0,13.8,10.0,37.8
2009,9,48.5,78.0,96.0,5.7,7.2,50.3
2009,10,14.8,82.0,79.0,-6.5,4.0,17.2
2009,11,12.4,78.0,34.0,-28.5,0.7,15.7
2009,12,11.2,78.0,,-39.7,0.2,14.8
2010,1,10.1,77.0,3.0,-35.9,0.4,13.7
2010,2,7.5,77.0,66.0,-34.4,0.3,10.2
2010,3,6.6,72.0,218.0,-19.4,1.2,9.8
2010,4,5.3,64.0,303.0,-6.7,2.6,7.0
2010,5,22.8,51.0,239.0,4.9,4.3,27.5
2010,6,63.8,65.0,249.0,12.1,8.8,67.7
2010,7,31.3,64.0,262.0,16.6,11.5,35.0
2010,8,79.6,76.0,138.0,11.5,10.2,81.8
2010,9,36.5,73.0,83.0,3.0,5.6,41.0
2010,10,18.7,75.0,73.0,-6.6,3.0,23.2
2010,11,22.2,77.0,18.0,-21.3,1.7,26.4
2010,12,7.0,70.0,,-39.8,0.2,10.0
2011,1,12.7,72.0,8.0,-34.3,0.3,16.5
2011,2,11.0,71.0,91.0,-30.8,0.4,14.8
2011,3,9.2,67.0,174.0,-11.4,2.0,13.9
2011,4,9.0,69.0,160.0,-1.1,4.3,11.7
2011,5,48.5,56.0,314.0,8.4,5.7,51.3
2011,6,34.0,61.0,284.0,15.5,10.1,35.9
2011,7,81.2,71.0,223.0,15.9,12.5,84.3
2011,8,138.3,78.0,169.0,13.0,11.4,141.4
2011,9,13.6,71.0,195.0,6.0,6.4,15.8
2011,10,15.0,77.0,89.0,-2.6,4.5,21.0
2011,11,17.4,81.0,41.0,-25.5,0.8,20.8
2011,12,6.7,81.0,,-27.8,0.7,10.4
2012,1,9.5,77.0,13.0,-35.7,0.3,12.0
2012,2,6.5,76.0,129.0,-24.9,0.7,9.5
2012,3,6.3,72.0,223.0,-17.0,1.4,8.6
2012,4,25.3,64.0,210.0,-4.8,2.8,33.6
2012,5,41.4,60.0,211.0,4.7,5.2,50.2
2012,6,41.8,61.0,239.0,14.0,9.4,45.4
2012,7,9.1,62.0,372.0,19.5,13.1,10.8
2012,8,33.5,68.0,175.0,11.7,9.1,35.2
2012,9,54.0,79.0,82.0,7.7,8.4,56.3
2012,10,29.8,82.0,85.0,-8.9,3.1,33.5
2012,11,14.7,80.0,31.0,-28.3,0.6,19.1
2012,12,2.8,76.0,,-39.0,0.2,5.0
2013,1,19.0,78.0,3.0,-36.5,0.3,23.4
2013,2,8.2,77.0,57.0,-32.2,0.5,11.3
2013,3,8.8,69.0,234.0,-22.0,0.9,12.6
2013,4,10.8,63.0,234.0,-4.7,3.0,13.8
2013,5,49.9,59.0,252.0,6.8,5.5,53.5
2013,6,50.6,65.0,238.0,15.0,10.6,54.2
2013,7,29.2,61.0,297.0,17.1,11.0,31.4
2013,8,50.6,76.0,108.0,13.8,11.5,51.7
2013,9,37.6,79.0,84.0,3.1,6.2,40.7
2013,10,24.5,78.0,54.0,-5.3,3.4,30.5
2013,11,43.4,79.0,35.0,-18.3,1.6,49.5
2013,12,28.3,81.0,0.0,-24.8,1.0,32.2
2014,1,19.1,72.0,1.0,-44.4,0.1,22.5
2014,2,23.5,73.0,64.0,-33.4,0.4,29.2
2014,3,4.5,70.0,192.0,-14.1,2.1,6.9
2014,4,29.4,64.0,155.0,-0.1,4.0,36.4
2014,5,31.7,60.0,235.0,5.1,5.1,36.3
2014,6,49.3,63.0,254.0,14.6,10.2,52.3
2014,7,115.4,66.0,298.0,18.8,13.8,118.3
2014,8,39.4,74.0,187.0,12.1,10.3,43.7
2014,9,25.6,73.0,102.0,3.6,5.9,27.6
2014,10,30.8,81.0,66.0,-9.2,2.9,37.5
2014,11,28.8,77.0,40.0,-25.8,0.9,35.8
2014,12,20.7,80.0,,-26.8,0.9,25.8
2015,1,20.1,74.0,2.0,-35.1,0.4,25.5
2015,2,18.5,76.0,62.0,-24.2,0.9,22.9
2015,3,18.9,72.0,146.0,-14.2,1.7,26.4
2015,4,17.0,67.0,203.0,-3.4,3.6,21.0
2015,5,32.9,57.0,249.0,5.7,5.1,37.2
2015,6,24.4,59.0,313.0,14.8,9.4,27.8
2015,7,39.9,62.0,314.0,19.2,13.1,43.6
2015,8,103.4,77.0,186.0,13.2,11.7,107.7
2015,9,36.0,71.0,146.0,5.1,6.4,39.8
2015,10,57.7,81.0,28.0,-6.2,3.5,66.5
2015,11,20.5,74.0,34.0,-22.6,1.0,26.3
2015,12,31.1,75.0,1.0,-27.7,0.7,36.1
2016,1,6.3,73.0,26.0,-26.2,0.7,
2016,2,7.0,73.0,111.0,-23.2,0.9,
2016,3,8.1,66.0,171.0,-12.6,1.7,
2016,4,7.5,59.0,287.0,-4.1,2.7,
2016,5,20.9,53.0,292.0,1.4,3.5,
2016,6,10.1,46.0,426.0,16.8,8.0,
2016,7,37.3,61.0,217.0,17.1,11.3,
2016,8,105.5,73.0,185.0,12.2,10.2,
2016,9,39.4,70.0,189.0,6.6,6.8,
2016,10,5.1,81.0,89.0,-9.2,2.7,
2016,11,15.3,79.0,35.0,-25.8,0.7,
2016,12,26.4,78.0,,-33.7,0.4,
2017,1,15.5,77.0,13.0,-33.6,0.4,
2017,2,13.7,77.0,78.0,-26.0,0.7,
2017,3,16.7,73.0,124.0,-7.9,2.7,
2017,4,30.2,64.0,199.0,-3.4,3.2,
2017,5,43.1,59.0,239.0,2.5,4.3,
2017,6,23.0,55.0,327.0,17.0,10.3,
2017,7,64.1,64.0,261.0,16.9,11.6,
2017,8,64.3,76.0,153.0,13.5,11.8,
2017,9,35.9,77.0,68.0,3.6,6.2,
2017,10,21.1,77.0,50.0,-5.1,3.4,
2017,11,40.0,78.0,28.0,-26.2,1.0,
2017,12,22.5,75.0,,-31.4,0.5,
2018,1,9.4,73.0,6.0,-32.4,0.5,
2018,2,11.8,75.0,125.0,-30.8,0.4,
2018,3,24.5,71.0,169.0,-17.7,1.4,
2018,4,42.0,63.0,202.0,-5.0,2.9,
2018,5,20.1,54.0,267.0,2.9,4.1,
2018,6,16.3,56.0,374.0,19.0,11.4,
2018,7,38.5,65.0,266.0,14.9,10.6,
2018,8,82.4,77.0,143.0,13.5,11.7,
2018,9,17.7,70.0,136.0,6.2,6.5,
2018,10,43.7,80.0,59.0,0.7,5.1,
2018,11,26.0,76.0,31.0,-24.2,1.0,
2018,12,21.0,77.0,,-32.3,0.4,
2019,1,12.7,80.0,16.0,-30.4,0.5,
2019,2,9.4,79.0,73.0,-23.5,1.1,
2019,3,10.3,73.0,166.0,-11.5,2.1,
2019,4,10.3,63.0,189.0,-4.5,2.9,
2019,5,43.1,62.0,186.0,4.0,5.0,
2019,6,23.6,57.0,353.0,16.9,10.3,
2019,7,52.3,66.0,297.0,18.6,13.5,
2019,8,11.9,68.0,180.0,14.8,10.9,
2019,9,47.5,74.0,107.0,5.6,6.9,
2019,10,46.6,79.0,47.0,-4.0,3.9,
2019,11,21.6,70.0,38.0,-26.2,0.8,
2019,12,20.5,74.0,,-32.3,0.4,
2020,1,28.2,77.0,10.0,-24.9,0.8,
2020,2,19.5,77.0,70.0,-21.5,1.2,
2020,3,31.0,68.0,137.0,-13.1,1.9,
2020,4,2.5,54.0,276.0,1.5,3.7,
2020,5,40.0,55.0,252.0,7.7,5.6,
2020,6,86.5,65.0,277.0,15.4,10.8,
2020,7,104.2,71.0,188.0,15.2,11.7,
2020,8,24.5,66.0,297.0,15.4,10.8,
2020,9,81.3,78.0,106.0,8.3,8.5,
2020,10,33.2,79.0,61.0,-5.6,3.6,
2020,11,27.6,80.0,30.0,-15.7,1.8,
2020,12,17.7,75.0,,-30.2,0.7,
