WMO Index,Year,Month,Index,Precipitation,Adjusted Precipitation,Adjusted Liquid Precipitation,Adjusted Mixed Precipitation,Adjusted Solid Precipitation
29263,1936,1,0,19.2,38.8,0.0,8.5,30.3
29263,1936,2,0,9.1,21.4,0.7,6.5,14.2
29263,1936,3,0,9.6,21.2,0.0,6.2,15.0
29263,1936,4,0,6.1,12.4,0.0,5.1,7.3
29263,1936,5,0,51.9,74.5,22.6,21.7,30.2
29263,1936,6,0,58.2,64.7,13.4,51.4,0.0
29263,1936,7,0,104.1,109.8,31.9,77.9,0.0
29263,1936,8,0,57.3,62.9,3.3,59.7,0.0
29263,1936,9,0,44.0,51.4,10.6,40.8,0.0
29263,1936,10,0,21.2,33.6,3.7,18.8,11.2
29263,1936,11,0,41.0,75.9,0.0,8.8,67.1
29263,1936,12,0,37.3,61.1,0.0,6.9,54.1
29263,1937,1,0,25.7,49.5,0.0,4.3,45.2
29263,1937,2,0,21.5,38.6,0.0,13.2,25.4
29263,1937,3,0,10.9,21.0,0.0,5.5,15.5
29263,1937,4,0,15.5,29.8,7.4,10.1,12.2
29263,1937,5,0,24.1,30.8,6.6,24.2,0.0
29263,1937,6,0,56.0,61.7,45.0,16.7,0.0
29263,1937,7,0,35.5,41.7,14.7,26.9,0.0
29263,1937,8,0,101.3,111.8,60.2,51.6,0.0
29263,1937,9,0,94.4,107.5,79.1,22.8,5.6
29263,1937,10,0,48.8,76.9,12.6,22.0,42.3
29263,1937,11,0,30.5,59.0,0.0,4.1,54.9
29263,1937,12,0,29.8,55.6,0.0,4.2,51.3
29263,1938,1,0,7.9,7.9,0.0,2.0,5.9
29263,1938,2,0,18.6,18.6,0.0,2.5,16.1
29263,1938,3,0,13.9,13.9,0.0,1.3,12.6
29263,1938,4,0,6.6,6.6,1.9,2.4,2.3
29263,1938,5,0,49.0,51.5,27.2,24.4,0.0
29263,1938,6,0,54.8,62.2,35.0,26.9,0.2
29263,1938,7,0,44.0,49.1,43.5,5.6,0.0
29263,1938,8,0,26.3,31.5,18.9,12.6,0.0
29263,1938,9,0,64.7,70.6,35.6,34.3,0.7
29263,1938,10,0,67.7,98.1,9.7,34.7,53.8
29263,1938,11,0,41.2,70.1,0.0,3.0,67.1
29263,1938,12,0,25.3,45.4,0.0,5.2,40.3
29263,1939,1,0,18.5,36.0,0.0,2.2,33.8
29263,1939,2,0,10.0,18.4,0.0,6.2,12.3
29263,1939,3,0,11.0,21.7,0.0,3.6,18.1
29263,1939,4,0,7.2,10.2,5.9,2.5,1.8
29263,1939,5,0,47.4,55.3,21.1,34.2,0.0
29263,1939,6,0,14.0,18.5,9.1,9.4,0.0
29263,1939,7,0,76.5,83.2,33.1,50.1,0.0
29263,1939,8,0,85.8,93.7,38.3,55.4,0.0
29263,1939,9,0,33.1,40.0,26.8,13.3,0.0
29263,1939,10,0,31.8,48.2,0.9,3.4,44.0
29263,1939,11,0,20.7,29.1,0.0,7.3,21.8
29263,1939,12,0,23.8,44.6,0.0,3.0,41.6
29263,1940,1,0,4.3,9.9,0.0,2.2,7.7
29263,1940,2,0,9.3,20.0,0.0,5.4,14.6
29263,1940,3,0,3.2,9.1,0.0,3.3,5.8
29263,1940,4,0,16.2,36.5,2.4,15.1,19.0
29263,1940,5,0,29.8,39.0,14.3,23.4,1.3
29263,1940,6,0,68.4,77.5,50.8,26.8,0.0
29263,1940,7,0,50.4,55.8,14.2,41.5,0.0
29263,1940,8,0,41.9,41.9,29.4,12.5,0.0
29263,1940,9,0,37.2,43.5,26.1,16.7,0.8
29263,1940,10,0,54.2,82.1,21.3,12.1,48.7
29263,1940,11,0,25.4,44.4,0.0,2.8,41.5
29263,1940,12,0,12.5,27.7,0.0,4.5,23.2
29263,1941,1,0,18.6,37.1,0.0,2.2,34.9
29263,1941,2,0,11.9,28.0,0.0,4.1,23.9
29263,1941,3,0,31.2,52.8,0.0,3.4,49.4
29263,1941,4,0,21.9,40.8,7.5,5.1,28.2
29263,1941,5,0,22.2,27.5,12.4,10.2,4.9
29263,1941,6,0,55.7,64.7,40.6,24.1,0.0
29263,1941,7,0,63.0,70.1,8.4,61.7,0.0
29263,1941,8,0,86.2,93.1,39.8,52.2,1.1
29263,1941,9,0,29.1,33.1,23.5,9.6,0.0
29263,1941,10,0,25.2,36.2,16.5,5.1,14.6
29263,1941,11,0,23.3,41.7,7.0,2.9,31.8
29263,1941,12,0,18.1,30.9,0.0,3.3,27.6
29263,1942,1,0,10.0,20.3,0.0,3.2,17.1
29263,1942,2,0,14.2,28.2,0.0,2.7,25.5
29263,1942,3,0,12.6,27.4,0.0,7.3,20.1
29263,1942,4,0,25.1,43.7,10.9,9.1,23.8
29263,1942,5,0,44.5,59.4,29.6,24.5,5.2
29263,1942,6,0,72.4,81.6,33.9,47.7,0.0
29263,1942,7,0,45.1,49.1,12.5,36.7,0.0
29263,1942,8,0,80.8,88.9,33.3,55.7,0.0
29263,1942,9,0,30.9,34.8,14.1,20.7,0.0
29263,1942,10,0,35.5,50.3,18.1,11.7,20.5
29263,1942,11,0,33.7,60.2,0.0,5.1,55.1
29263,1942,12,0,27.5,48.3,0.0,3.7,44.5
29263,1943,1,0,10.6,21.6,0.0,1.6,20.0
29263,1943,2,0,12.6,24.0,0.0,1.8,22.3
29263,1943,3,0,11.0,25.8,0.0,5.8,20.0
29263,1943,4,0,4.8,9.2,1.0,7.0,1.2
29263,1943,5,0,38.6,48.7,38.1,10.5,0.0
29263,1943,6,0,71.5,81.3,35.5,45.8,0.0
29263,1943,7,0,48.7,56.5,29.7,26.8,0.0
29263,1943,8,0,26.9,31.5,4.3,27.2,0.0
29263,1943,9,0,36.1,42.3,22.8,19.5,0.0
29263,1943,10,0,42.6,77.7,14.3,23.7,39.7
29263,1943,11,0,27.3,41.9,0.0,2.3,39.5
29263,1943,12,0,31.7,62.3,0.0,1.7,60.5
29263,1944,1,0,5.0,10.1,0.0,1.2,8.9
29263,1944,2,0,16.6,26.6,0.0,4.8,21.8
29263,1944,3,0,17.8,30.5,4.6,8.3,17.6
29263,1944,4,0,16.6,20.9,9.9,10.8,0.2
29263,1944,5,0,67.2,85.5,29.8,44.2,11.5
29263,1944,6,0,44.4,51.4,16.4,35.0,0.0
29263,1944,7,0,58.9,63.4,21.2,42.2,0.0
29263,1944,8,0,62.0,67.8,40.1,27.7,0.0
29263,1944,9,0,56.9,63.6,26.3,37.3,0.0
29263,1944,10,0,46.2,62.4,32.1,11.5,18.8
29263,1944,11,0,35.3,58.3,0.0,7.2,51.1
29263,1944,12,0,39.5,61.3,0.0,1.8,59.5
29263,1945,1,0,20.0,31.4,0.0,0.2,31.2
29263,1945,2,0,3.8,7.5,0.0,1.4,6.1
29263,1945,3,0,8.7,26.9,0.0,3.9,23.0
29263,1945,4,0,32.5,67.1,8.2,26.8,32.1
29263,1945,5,0,33.4,42.0,16.5,25.4,0.0
29263,1945,6,0,141.7,154.3,77.0,77.3,0.0
29263,1945,7,0,85.3,92.5,39.9,52.6,0.0
29263,1945,8,0,25.6,31.1,10.0,21.1,0.0
29263,1945,9,0,41.2,48.2,33.9,14.3,0.0
29263,1945,10,0,32.6,46.3,19.2,12.1,15.0
29263,1945,11,0,29.7,58.1,0.6,4.4,53.1
29263,1945,12,0,25.5,39.2,0.0,1.3,37.9
29263,1946,1,0,33.4,65.1,0.0,0.0,65.1
29263,1946,2,0,18.4,33.7,2.4,3.3,28.1
29263,1946,3,0,22.3,38.8,0.0,4.7,34.1
29263,1946,4,0,14.5,26.4,10.9,5.4,10.0
29263,1946,5,0,36.1,49.0,34.1,11.6,3.4
29263,1946,6,0,66.0,76.9,43.7,33.2,0.0
29263,1946,7,0,22.8,27.4,14.8,12.7,0.0
29263,1946,8,0,92.0,98.1,61.5,36.7,0.0
29263,1946,9,0,18.3,21.4,17.5,3.8,0.0
29263,1946,10,0,28.7,59.1,6.6,24.7,27.8
29263,1946,11,0,25.9,53.2,0.0,6.4,46.9
29263,1946,12,0,31.6,51.0,0.0,3.6,47.4
29263,1947,1,0,14.2,25.3,0.0,2.7,22.6
29263,1947,2,0,19.1,33.7,0.0,1.8,31.8
29263,1947,3,0,16.3,36.2,1.8,6.4,28.0
29263,1947,4,0,31.6,46.0,18.6,12.0,15.4
29263,1947,5,0,51.0,61.2,22.4,32.1,6.6
29263,1947,6,0,61.9,69.0,17.9,51.2,0.0
29263,1947,7,0,79.8,88.8,49.2,39.6,0.0
29263,1947,8,0,24.3,29.8,17.9,12.0,0.0
29263,1947,9,0,39.4,45.2,36.2,9.1,0.0
29263,1947,10,0,15.6,19.4,12.6,5.9,0.9
29263,1947,11,0,44.2,65.7,6.9,3.2,55.6
29263,1947,12,0,18.8,30.9,0.0,5.5,25.4
29263,1948,1,0,28.5,58.5,0.5,6.8,51.1
29263,1948,2,0,22.3,45.0,0.0,3.6,41.5
29263,1948,3,0,21.9,34.2,0.6,13.2,20.4
29263,1948,4,0,18.0,25.8,11.3,13.2,1.2
29263,1948,5,0,36.3,46.9,30.7,15.4,0.8
29263,1948,6,0,59.5,67.4,26.0,41.4,0.0
29263,1948,7,0,105.4,112.8,43.4,69.4,0.0
29263,1948,8,0,91.6,101.7,66.4,35.3,0.0
29263,1948,9,0,43.8,49.5,31.2,18.3,0.0
29263,1948,10,0,53.8,74.3,27.1,20.4,26.8
29263,1948,11,0,16.1,34.4,0.0,8.2,26.2
29263,1948,12,0,22.4,44.4,0.0,3.4,41.0
29263,1949,1,0,36.4,81.6,1.5,6.2,73.9
29263,1949,2,0,15.8,29.1,0.0,8.8,20.2
29263,1949,3,0,10.3,20.5,1.4,3.2,16.0
29263,1949,4,0,27.5,34.2,16.4,13.6,4.2
29263,1949,5,0,80.1,99.3,69.2,29.4,0.8
29263,1949,6,0,66.7,79.2,62.7,16.5,0.0
29263,1949,7,0,91.5,101.6,66.0,35.5,0.0
29263,1949,8,0,90.8,97.2,74.5,22.7,0.0
29263,1949,9,0,84.0,93.4,64.4,21.3,7.8
29263,1949,10,0,32.3,45.9,14.1,10.5,21.3
29263,1949,11,0,51.7,88.2,0.0,6.5,81.7
29263,1949,12,0,24.7,38.9,0.0,2.9,36.0
29263,1950,1,0,38.3,60.1,0.0,5.2,55.0
29263,1950,2,0,14.7,30.2,0.0,6.2,24.0
29263,1950,3,0,12.4,27.2,0.0,3.9,23.3
29263,1950,4,0,21.7,31.1,6.6,12.8,11.8
29263,1950,5,0,52.8,66.1,33.2,25.4,7.5
29263,1950,6,0,31.2,35.5,13.7,21.7,0.0
29263,1950,7,0,42.3,47.1,14.8,32.3,0.0
29263,1950,8,0,35.2,38.6,23.3,15.2,0.0
29263,1950,9,0,84.1,92.9,53.4,39.5,0.0
29263,1950,10,0,57.2,79.4,15.0,21.2,43.3
29263,1950,11,0,35.9,64.2,0.0,4.5,59.7
29263,1950,12,0,47.1,78.9,0.0,5.3,73.6
29263,1951,1,0,18.2,32.8,0.0,0.0,32.8
29263,1951,2,0,17.3,31.0,0.0,1.4,29.6
29263,1951,3,0,23.2,51.3,2.9,0.2,48.2
29263,1951,4,0,7.2,13.3,1.6,2.5,9.2
29263,1951,5,0,26.7,35.8,15.5,12.8,7.6
29263,1951,6,0,73.8,79.3,78.8,0.6,0.0
29263,1951,7,0,58.1,60.2,58.8,1.4,0.0
29263,1951,8,0,79.0,83.7,83.7,0.0,0.0
29263,1951,9,0,43.0,45.9,45.0,0.9,0.0
29263,1951,10,0,30.0,34.5,18.6,6.4,9.5
29263,1951,11,0,24.2,48.7,0.6,3.4,44.7
29263,1951,12,0,32.1,47.6,0.2,2.8,44.5
29263,1952,1,0,25.6,38.6,0.2,0.3,38.1
29263,1952,2,0,9.1,14.2,0.0,0.4,13.8
29263,1952,3,0,11.0,17.1,0.0,0.0,17.1
29263,1952,4,0,20.0,21.8,1.9,16.1,3.9
29263,1952,5,0,46.5,52.0,40.1,3.3,8.6
29263,1952,6,0,21.9,25.4,25.4,0.0,0.0
29263,1952,7,0,58.1,60.4,60.4,0.0,0.0
29263,1952,8,0,38.1,39.6,39.6,0.0,0.0
29263,1952,9,0,32.9,37.3,35.7,0.0,1.6
29263,1952,10,0,42.4,67.3,21.9,5.6,39.7
29263,1952,11,0,23.0,36.1,0.0,0.0,36.1
29263,1952,12,0,24.5,47.2,0.0,0.0,47.2
29263,1953,1,0,21.2,36.2,0.0,0.0,36.2
29263,1953,2,0,10.0,15.8,0.0,2.7,13.1
29263,1953,3,0,28.7,53.7,2.2,14.3,37.1
29263,1953,4,0,7.1,11.5,3.8,0.0,7.7
29263,1953,5,0,32.0,36.3,33.1,3.2,0.0
29263,1953,6,0,65.7,71.9,71.9,0.0,0.0
29263,1953,7,0,18.3,20.0,20.0,0.0,0.0
29263,1953,8,0,50.3,70.6,62.8,7.8,0.0
29263,1953,9,0,47.1,51.8,38.8,8.7,4.3
29263,1953,10,0,42.0,65.7,20.6,4.1,40.9
29263,1953,11,0,19.7,32.6,0.0,0.3,32.3
29263,1953,12,0,29.9,55.1,0.5,0.4,54.3
29263,1954,1,0,20.2,37.6,0.0,0.7,36.9
29263,1954,2,0,14.2,23.2,0.0,0.3,22.9
29263,1954,3,0,15.4,27.5,0.0,0.5,27.0
29263,1954,4,0,10.6,17.1,3.6,1.4,12.1
29263,1954,5,0,29.5,31.8,31.2,0.1,0.5
29263,1954,6,0,52.8,55.3,52.8,2.5,0.0
29263,1954,7,0,102.2,109.2,109.2,0.0,0.0
29263,1954,8,0,59.1,61.0,57.2,3.8,0.0
29263,1954,9,0,47.3,51.3,51.0,0.3,0.0
29263,1954,10,0,40.5,59.3,27.0,6.4,25.8
29263,1954,11,0,20.9,40.3,2.4,5.0,32.9
29263,1954,12,0,28.7,45.3,0.0,0.0,45.3
29263,1955,1,0,10.1,15.9,0.0,0.0,15.9
29263,1955,2,0,18.2,34.9,0.0,0.4,34.5
29263,1955,3,0,17.0,27.8,0.0,0.1,27.7
29263,1955,4,0,9.1,15.3,5.2,1.5,8.6
29263,1955,5,0,54.9,66.1,38.8,18.3,9.0
29263,1955,6,0,42.4,44.9,44.9,0.0,0.0
29263,1955,7,0,55.8,56.9,56.9,0.0,0.0
29263,1955,8,0,34.3,37.0,35.0,2.0,0.0
29263,1955,9,0,63.8,69.1,65.2,3.3,0.6
29263,1955,10,0,25.6,31.9,15.0,7.4,9.5
29263,1955,11,0,31.8,51.7,1.1,5.2,45.3
29263,1955,12,0,37.9,61.8,1.2,0.0,60.7
29263,1956,1,0,20.9,37.2,0.0,0.6,36.6
29263,1956,2,0,7.7,11.4,0.0,0.0,11.4
29263,1956,3,0,15.1,24.3,0.0,0.0,24.3
29263,1956,4,0,15.7,24.3,10.8,1.5,12.0
29263,1956,5,0,28.0,30.3,25.7,4.6,0.0
29263,1956,6,0,48.1,50.7,50.7,0.0,0.0
29263,1956,7,0,52.5,54.4,54.4,0.0,0.0
29263,1956,8,0,67.6,71.9,71.6,0.3,0.0
29263,1956,9,0,37.8,43.3,35.2,7.5,0.6
29263,1956,10,0,89.5,103.1,66.1,9.2,27.8
29263,1956,11,0,18.9,25.2,1.8,0.4,22.9
29263,1956,12,0,22.9,29.8,0.0,0.2,29.6
29263,1957,1,0,29.8,41.2,0.0,0.9,40.3
29263,1957,2,0,13.1,17.4,0.0,0.0,17.4
29263,1957,3,0,5.1,8.9,0.5,0.1,8.3
29263,1957,4,0,25.3,25.8,11.8,5.2,8.8
29263,1957,5,0,101.8,113.2,93.3,3.7,16.1
29263,1957,6,0,28.7,30.4,30.4,0.0,0.0
29263,1957,7,0,39.0,40.7,40.7,0.0,0.0
29263,1957,8,0,27.3,28.8,28.8,0.0,0.0
29263,1957,9,0,71.3,78.1,69.3,0.7,8.2
29263,1957,10,0,30.5,43.5,9.6,8.6,25.4
29263,1957,11,0,62.6,83.4,7.6,0.5,75.3
29263,1957,12,0,47.6,65.8,0.0,1.9,63.9
29263,1958,1,0,25.9,35.4,0.0,0.0,35.4
29263,1958,2,0,12.3,16.8,0.0,0.0,16.8
29263,1958,3,0,10.3,16.4,0.0,0.9,15.5
29263,1958,4,0,14.6,18.8,4.3,3.3,11.2
29263,1958,5,0,27.9,34.1,26.3,0.4,7.4
29263,1958,6,0,38.2,41.4,40.8,0.7,0.0
29263,1958,7,0,50.9,53.8,52.0,1.8,0.0
29263,1958,8,0,31.1,33.4,33.4,0.0,0.0
29263,1958,9,0,65.6,71.1,65.0,5.7,0.3
29263,1958,10,0,30.1,41.3,20.9,3.5,16.9
29263,1958,11,0,46.7,70.5,1.9,0.5,68.1
29263,1958,12,0,57.5,80.0,6.0,0.4,73.7
29263,1959,1,0,41.8,59.4,0.0,0.0,59.4
29263,1959,2,0,15.6,23.2,0.0,0.0,23.2
29263,1959,3,0,11.4,18.3,0.0,0.3,18.0
29263,1959,4,0,52.0,64.7,23.5,21.7,19.4
29263,1959,5,0,53.9,60.1,50.4,7.9,1.7
29263,1959,6,0,52.6,55.8,55.8,0.0,0.0
29263,1959,7,0,87.1,90.3,90.3,0.0,0.0
29263,1959,8,0,65.8,69.0,60.7,8.3,0.0
29263,1959,9,0,56.1,59.2,59.1,0.1,0.0
29263,1959,10,0,49.3,65.2,11.8,7.2,46.2
29263,1959,11,0,41.2,53.4,0.0,0.0,53.4
29263,1959,12,0,30.5,41.4,0.0,0.5,40.9
29263,1960,1,0,27.3,42.0,0.0,0.0,42.0
29263,1960,2,0,29.7,48.2,6.1,8.3,33.8
29263,1960,3,0,16.8,27.4,4.9,3.1,19.5
29263,1960,4,0,30.9,37.9,20.4,4.3,13.2
29263,1960,5,0,11.3,15.6,14.6,0.5,0.5
29263,1960,6,0,132.9,139.6,139.6,0.0,0.0
29263,1960,7,0,94.8,101.1,91.6,9.4,0.0
29263,1960,8,0,97.5,101.8,98.0,3.8,0.0
29263,1960,9,0,81.6,87.0,86.0,1.0,0.0
29263,1960,10,0,34.0,48.7,14.1,4.5,30.2
29263,1960,11,0,44.1,65.1,3.3,2.1,59.7
29263,1960,12,0,18.6,25.2,0.0,1.6,23.6
29263,1961,1,0,28.6,44.2,0.0,0.0,44.2
29263,1961,2,0,32.6,46.3,1.3,0.2,44.8
29263,1961,3,0,9.8,13.3,0.5,0.0,12.9
29263,1961,4,0,13.4,25.6,18.4,4.8,2.4
29263,1961,5,0,18.0,21.1,20.2,0.5,0.4
29263,1961,6,0,58.8,63.8,62.0,0.2,1.6
29263,1961,7,0,75.0,79.6,79.6,0.0,0.0
29263,1961,8,0,56.4,60.4,60.1,0.3,0.0
29263,1961,9,0,56.2,60.5,60.1,0.4,0.0
29263,1961,10,0,30.1,46.6,7.1,17.6,22.0
29263,1961,11,0,50.4,70.4,7.6,7.1,55.6
29263,1961,12,0,38.9,61.9,0.0,15.0,46.9
29263,1962,1,0,16.0,23.9,0.0,0.0,23.9
29263,1962,2,0,17.6,26.6,0.0,0.0,26.6
29263,1962,3,0,30.4,42.3,0.5,0.0,41.8
29263,1962,4,0,8.2,11.0,7.5,0.9,2.6
29263,1962,5,0,36.1,39.2,39.2,0.0,0.0
29263,1962,6,0,29.6,32.0,32.0,0.0,0.0
29263,1962,7,0,54.2,55.5,55.5,0.0,0.0
29263,1962,8,0,56.8,59.4,59.4,0.0,0.0
29263,1962,9,0,69.9,73.9,73.9,0.0,0.0
29263,1962,10,0,54.0,48.7,14.4,7.8,26.5
29263,1962,11,0,44.6,70.7,4.1,0.8,65.8
29263,1962,12,0,41.1,58.3,0.0,0.0,58.3
29263,1963,1,0,24.3,33.7,0.0,0.6,33.1
29263,1963,2,0,11.5,17.7,0.0,1.6,16.1
29263,1963,3,0,16.9,27.7,4.9,0.0,22.7
29263,1963,4,0,10.1,16.5,3.4,0.9,12.2
29263,1963,5,0,43.2,52.1,38.3,5.2,8.6
29263,1963,6,0,23.3,26.3,26.3,0.0,0.0
29263,1963,7,0,111.9,115.8,115.8,0.0,0.0
29263,1963,8,0,95.0,98.8,98.8,0.0,0.0
29263,1963,9,0,47.7,55.2,55.2,0.0,0.0
29263,1963,10,0,41.1,52.4,25.3,6.1,21.0
29263,1963,11,0,41.6,58.5,2.9,2.3,53.4
29263,1963,12,0,52.5,69.5,0.0,0.0,69.5
29263,1964,1,0,27.3,38.2,0.0,0.0,38.2
29263,1964,2,0,4.6,8.6,0.0,0.0,8.6
29263,1964,3,0,19.6,29.2,0.0,0.1,29.1
29263,1964,4,0,17.4,19.8,8.7,0.3,10.9
29263,1964,5,0,43.5,49.2,38.4,0.2,10.6
29263,1964,6,0,67.4,69.3,69.3,0.0,0.0
29263,1964,7,0,19.5,20.7,20.7,0.0,0.0
29263,1964,8,0,15.1,16.5,16.5,0.0,0.0
29263,1964,9,0,24.6,26.9,23.8,3.1,0.0
29263,1964,10,0,33.9,44.2,1.0,7.0,36.2
29263,1964,11,0,45.4,65.7,12.6,14.9,38.2
29263,1964,12,0,51.5,66.7,0.0,0.0,66.7
29263,1965,1,0,27.4,38.7,0.0,0.2,38.5
29263,1965,2,0,16.0,25.4,0.0,0.3,25.1
29263,1965,3,0,17.7,25.8,0.0,2.7,23.1
29263,1965,4,0,11.3,13.1,7.5,3.1,2.5
29263,1965,5,0,48.8,55.6,54.7,0.9,0.0
29263,1965,6,0,42.3,44.2,44.2,0.0,0.0
29263,1965,7,0,31.1,32.2,32.2,0.0,0.0
29263,1965,8,0,80.5,83.8,83.8,0.0,0.0
29263,1965,9,0,70.2,76.0,74.2,1.5,0.3
29263,1965,10,0,31.0,39.1,12.3,5.2,21.5
29263,1965,11,0,44.2,58.6,5.1,1.6,51.9
29263,1965,12,0,30.5,45.3,0.0,0.0,45.3
29263,1966,1,0,35.6,43.4,0.0,0.0,43.4
29263,1966,2,0,29.8,36.7,0.0,0.0,36.7
29263,1966,3,0,13.9,14.6,0.0,0.0,14.6
29263,1966,4,0,20.0,23.4,6.4,3.8,13.2
29263,1966,5,0,52.3,52.9,48.6,4.2,0.0
29263,1966,6,0,67.8,69.8,69.0,0.7,0.0
29263,1966,7,0,98.3,99.7,99.7,0.0,0.0
29263,1966,8,0,58.6,59.9,59.9,0.0,0.0
29263,1966,9,0,56.7,57.6,57.6,0.0,0.0
29263,1966,10,0,78.8,86.2,54.2,8.9,23.2
29263,1966,11,0,55.2,66.3,2.5,0.8,63.0
29263,1966,12,0,34.1,35.4,0.0,0.0,35.4
29263,1967,1,0,23.4,32.5,0.0,0.0,32.5
29263,1967,2,0,13.1,16.7,0.0,0.0,16.7
29263,1967,3,0,11.8,15.2,0.2,0.0,15.0
29263,1967,4,0,14.9,18.0,7.7,4.3,6.0
29263,1967,5,0,79.1,84.1,84.1,0.0,0.0
29263,1967,6,0,73.6,75.6,75.6,0.0,0.0
29263,1967,7,0,59.7,60.4,60.4,0.0,0.0
29263,1967,8,0,82.8,84.1,84.1,0.0,0.0
29263,1967,9,0,21.4,22.9,22.6,0.2,0.0
29263,1967,10,0,23.0,24.5,18.6,3.4,2.5
29263,1967,11,0,33.7,41.0,5.5,1.1,34.4
29263,1967,12,0,13.6,17.7,0.0,0.0,17.7
29263,1968,1,0,29.0,31.9,0.0,0.0,31.9
29263,1968,2,0,13.3,16.8,0.0,0.0,16.8
29263,1968,3,0,17.0,21.5,11.6,0.5,9.4
29263,1968,4,0,36.0,42.0,34.2,3.5,4.3
29263,1968,5,0,13.7,15.8,14.7,0.0,1.1
29263,1968,6,0,87.5,92.9,89.6,2.6,0.8
29263,1968,7,0,33.8,35.0,35.0,0.0,0.0
29263,1968,8,0,69.2,70.1,70.1,0.0,0.0
29263,1968,9,0,57.5,59.5,58.2,0.9,0.3
29263,1968,10,0,22.1,25.0,10.5,9.1,5.4
29263,1968,11,0,59.4,79.7,0.0,2.4,77.4
29263,1968,12,0,25.9,40.7,0.0,0.0,40.7
29263,1969,1,0,17.2,22.9,0.0,0.0,22.9
29263,1969,2,0,21.7,27.9,0.0,0.0,27.9
29263,1969,3,0,11.1,18.6,0.0,0.8,17.8
29263,1969,4,0,45.1,49.2,32.8,11.0,5.4
29263,1969,5,0,54.3,59.3,44.7,12.4,2.2
29263,1969,6,0,35.9,37.2,37.2,0.0,0.0
29263,1969,7,0,13.5,13.7,13.7,0.0,0.0
29263,1969,8,0,158.5,165.3,165.3,0.0,0.0
29263,1969,9,0,55.3,55.9,46.6,6.2,3.1
29263,1969,10,0,52.0,57.4,35.7,3.8,17.9
29263,1969,11,0,40.5,51.3,0.0,0.5,50.8
29263,1969,12,0,34.9,43.4,0.0,0.0,43.4
29263,1970,1,0,44.2,56.5,0.0,0.0,56.5
29263,1970,2,0,16.5,22.7,0.0,0.0,22.7
29263,1970,3,0,8.3,12.1,0.0,0.3,11.9
29263,1970,4,0,21.8,29.9,16.5,2.0,11.4
29263,1970,5,0,33.7,36.2,34.7,1.3,0.2
29263,1970,6,0,107.8,115.1,115.1,0.0,0.0
29263,1970,7,0,25.1,26.2,26.2,0.0,0.0
29263,1970,8,0,61.5,63.7,63.7,0.0,0.0
29263,1970,9,0,21.1,21.7,21.7,0.0,0.0
29263,1970,10,0,61.2,73.3,35.6,5.4,32.2
29263,1970,11,0,40.4,56.2,5.8,5.2,45.2
29263,1970,12,0,27.9,35.9,0.0,0.0,35.9
29263,1971,1,0,39.8,46.1,0.0,0.0,46.1
29263,1971,2,0,3.6,4.8,0.0,0.0,4.8
29263,1971,3,0,17.1,20.1,11.6,0.5,8.1
29263,1971,4,0,14.7,27.5,2.6,2.7,22.2
29263,1971,5,0,41.4,45.7,44.9,0.8,0.0
29263,1971,6,0,37.7,40.1,40.1,0.0,0.0
29263,1971,7,0,62.8,64.7,64.7,0.0,0.0
29263,1971,8,0,50.5,52.3,52.3,0.0,0.0
29263,1971,9,0,47.0,48.8,48.6,0.2,0.0
29263,1971,10,0,60.7,68.5,30.2,33.2,5.0
29263,1971,11,0,49.4,63.9,7.4,7.5,49.0
29263,1971,12,0,31.0,35.7,0.0,0.0,35.7
29263,1972,1,0,26.5,38.1,0.0,0.0,38.1
29263,1972,2,0,26.3,37.1,0.0,0.0,37.1
29263,1972,3,0,11.9,17.2,0.0,0.0,17.2
29263,1972,4,0,10.6,12.2,12.0,0.0,0.2
29263,1972,5,0,41.8,43.0,38.0,0.8,4.2
29263,1972,6,0,40.0,41.4,41.4,0.0,0.0
29263,1972,7,0,63.0,64.7,64.7,0.0,0.0
29263,1972,8,0,110.7,111.7,111.7,0.0,0.0
29263,1972,9,0,61.4,63.2,61.0,2.2,0.0
29263,1972,10,0,49.0,59.9,25.6,5.5,28.8
29263,1972,11,0,46.7,61.0,0.0,0.7,60.3
29263,1972,12,0,55.7,73.9,0.0,0.0,73.9
29263,1973,1,0,27.1,38.9,0.0,0.0,38.9
29263,1973,2,0,12.8,18.6,0.0,0.0,18.6
29263,1973,3,0,26.1,32.9,5.3,0.0,27.7
29263,1973,4,0,45.8,54.7,26.1,4.3,24.3
29263,1973,5,0,24.7,27.6,26.5,0.3,0.8
29263,1973,6,0,58.9,61.4,61.4,0.0,0.0
29263,1973,7,0,47.3,49.0,49.0,0.0,0.0
29263,1973,8,0,30.1,31.7,31.7,0.0,0.0
29263,1973,9,0,27.3,28.6,23.7,4.3,0.7
29263,1973,10,0,15.8,20.7,9.5,7.7,3.5
29263,1973,11,0,51.4,60.4,9.2,4.7,46.5
29263,1973,12,0,23.6,30.8,0.0,0.0,30.8
29263,1974,1,0,28.0,38.9,0.0,0.0,38.9
29263,1974,2,0,30.9,42.5,0.0,1.3,41.2
29263,1974,3,0,23.2,31.2,0.0,3.9,27.3
29263,1974,4,0,24.5,31.0,18.7,3.3,9.0
29263,1974,5,0,60.6,62.0,47.9,10.8,3.4
29263,1974,6,0,15.7,17.3,17.3,0.0,0.0
29263,1974,7,0,76.9,78.6,78.6,0.0,0.0
29263,1974,8,0,104.4,105.1,105.1,0.0,0.0
29263,1974,9,0,56.9,57.5,57.5,0.0,0.0
29263,1974,10,0,53.1,70.7,30.1,6.4,34.2
29263,1974,11,0,40.6,60.0,0.0,0.0,60.0
29263,1974,12,0,31.6,41.9,0.0,0.0,41.9
29263,1975,1,0,34.9,42.2,0.0,0.2,42.0
29263,1975,2,0,16.3,21.2,0.0,0.0,21.2
29263,1975,3,0,16.2,22.7,3.9,0.0,18.8
29263,1975,4,0,22.1,25.3,7.9,6.4,11.0
29263,1975,5,0,59.8,62.6,59.1,3.5,0.0
29263,1975,6,0,34.4,36.9,36.9,0.0,0.0
29263,1975,7,0,56.5,57.6,57.6,0.0,0.0
29263,1975,8,0,46.4,48.4,48.4,0.0,0.0
29263,1975,9,0,70.8,72.0,72.0,0.0,0.0
29263,1975,10,0,51.0,53.0,33.9,2.5,16.6
29263,1975,11,0,47.1,65.3,0.0,5.0,60.3
29263,1975,12,0,14.6,21.2,0.0,4.9,16.3
29263,1976,1,0,14.4,19.8,0.0,0.0,19.8
29263,1976,2,0,27.7,38.3,0.0,0.0,38.3
29263,1976,3,0,10.5,17.9,0.0,0.0,17.9
29263,1976,4,0,8.1,11.0,8.8,0.6,1.6
29263,1976,5,0,36.1,39.1,38.6,0.3,0.2
29263,1976,6,0,29.3,30.4,30.4,0.0,0.0
29263,1976,7,0,54.3,55.6,55.6,0.0,0.0
29263,1976,8,0,71.3,72.7,72.7,0.0,0.0
29263,1976,9,0,31.2,33.9,30.3,3.6,0.0
29263,1976,10,0,38.3,49.4,10.8,10.4,28.2
29263,1976,11,0,27.6,36.6,0.0,0.0,36.6
29263,1976,12,0,33.1,44.2,0.0,0.0,44.2
29263,1977,1,0,13.2,17.7,0.0,0.0,17.7
29263,1977,2,0,20.6,29.2,0.0,0.0,29.2
29263,1977,3,0,22.9,33.9,1.2,2.2,30.6
29263,1977,4,0,16.9,20.3,9.5,10.5,0.3
29263,1977,5,0,64.8,71.7,65.2,6.5,0.0
29263,1977,6,0,67.0,71.1,71.1,0.0,0.0
29263,1977,7,0,14.2,15.8,15.8,0.0,0.0
29263,1977,8,0,107.8,109.7,109.7,0.0,0.0
29263,1977,9,0,63.7,66.7,66.0,0.5,0.2
29263,1977,10,0,52.6,65.4,18.7,12.8,34.0
29263,1977,11,9,,,,,
29263,1977,12,0,25.5,33.3,0.0,1.1,32.2
29263,1978,1,0,33.7,43.6,0.0,0.0,43.6
29263,1978,2,0,7.0,12.3,0.0,0.0,12.3
29263,1978,3,0,10.7,14.9,0.0,2.4,12.5
29263,1978,4,0,29.8,39.0,11.5,10.5,17.0
29263,1978,5,0,45.3,50.8,37.4,11.5,1.9
29263,1978,6,0,40.0,41.7,41.7,0.0,0.0
29263,1978,7,0,87.0,88.4,88.4,0.0,0.0
29263,1978,8,0,116.4,119.2,119.2,0.0,0.0
29263,1978,9,0,40.3,42.1,41.6,0.4,0.0
29263,1978,10,0,28.9,32.3,14.1,14.2,4.1
29263,1978,11,0,44.5,54.3,5.7,13.3,35.3
29263,1978,12,0,29.3,37.2,0.0,0.2,37.1
29263,1979,1,0,53.4,67.1,0.0,6.9,60.3
29263,1979,2,0,33.7,48.8,0.0,0.0,48.8
29263,1979,3,0,22.5,29.6,0.0,0.5,29.1
29263,1979,4,0,23.4,29.1,18.8,0.9,9.5
29263,1979,5,0,28.0,32.9,31.7,1.2,0.0
29263,1979,6,0,38.4,42.5,42.5,0.0,0.0
29263,1979,7,0,52.6,54.4,54.4,0.0,0.0
29263,1979,8,0,95.0,96.8,96.8,0.0,0.0
29263,1979,9,0,38.8,40.7,40.7,0.0,0.0
29263,1979,10,0,66.4,72.5,23.0,23.8,25.7
29263,1979,11,0,36.8,48.8,0.0,2.1,46.7
29263,1979,12,0,24.7,35.7,0.3,11.6,23.7
29263,1980,1,0,23.8,28.2,0.0,0.0,28.2
29263,1980,2,0,7.7,11.7,0.0,0.0,11.7
29263,1980,3,0,3.8,6.7,0.0,0.0,6.7
29263,1980,4,0,8.6,11.6,4.8,0.6,6.2
29263,1980,5,0,48.0,50.2,40.7,9.6,0.0
29263,1980,6,0,16.9,19.0,19.0,0.0,0.0
29263,1980,7,0,43.8,45.1,45.1,0.0,0.0
29263,1980,8,0,51.1,52.0,52.0,0.0,0.0
29263,1980,9,0,59.0,60.6,60.6,0.0,0.0
29263,1980,10,0,30.6,34.2,9.2,10.2,14.7
29263,1980,11,0,85.5,104.6,12.5,18.1,73.9
29263,1980,12,0,61.0,71.4,0.0,0.0,71.4
29263,1981,1,0,19.9,25.8,0.0,0.0,25.8
29263,1981,2,0,27.8,34.3,0.0,1.6,32.7
29263,1981,3,0,18.5,25.0,0.0,0.0,25.0
29263,1981,4,0,15.1,17.9,10.1,0.8,7.0
29263,1981,5,0,39.3,41.7,40.8,0.9,0.0
29263,1981,6,0,19.3,20.6,20.6,0.0,0.0
29263,1981,7,0,148.2,150.5,150.5,0.0,0.0
29263,1981,8,0,27.2,27.6,27.6,0.0,0.0
29263,1981,9,0,51.6,53.6,49.9,0.3,3.4
29263,1981,10,0,17.8,21.2,7.1,0.9,13.2
29263,1981,11,0,11.1,14.1,0.0,0.0,14.1
29263,1981,12,0,32.3,43.9,0.0,0.0,43.9
29263,1982,1,0,31.4,40.8,0.0,0.0,40.8
29263,1982,2,0,14.0,18.8,0.0,0.0,18.8
29263,1982,3,0,24.2,31.6,0.0,2.0,29.6
29263,1982,4,0,41.7,46.5,36.8,5.5,4.2
29263,1982,5,0,33.7,36.9,33.2,3.7,0.0
29263,1982,6,0,30.6,31.7,31.7,0.0,0.0
29263,1982,7,0,70.0,72.1,72.1,0.0,0.0
29263,1982,8,0,41.7,42.8,42.8,0.0,0.0
29263,1982,9,0,38.9,41.8,35.4,3.6,2.8
29263,1982,10,0,83.4,94.5,41.6,30.5,22.3
29263,1982,11,0,65.8,76.2,0.6,2.9,72.7
29263,1982,12,0,48.8,60.6,0.0,0.0,60.6
29263,1983,1,0,44.9,53.3,2.9,2.6,47.8
29263,1983,2,0,21.6,25.8,0.0,0.0,25.8
29263,1983,3,0,22.4,29.0,0.0,6.7,22.3
29263,1983,4,0,32.2,38.9,9.7,18.7,10.5
29263,1983,5,0,48.7,52.2,32.1,13.7,6.3
29263,1983,6,0,24.6,26.3,26.3,0.0,0.0
29263,1983,7,0,48.3,50.3,50.3,0.0,0.0
29263,1983,8,0,61.2,62.8,62.8,0.0,0.0
29263,1983,9,0,61.7,63.0,63.0,0.0,0.0
29263,1983,10,0,46.7,49.9,44.9,2.2,2.7
29263,1983,11,0,33.6,42.5,7.0,11.4,24.1
29263,1983,12,0,44.8,55.2,0.3,3.2,51.7
29263,1984,1,0,22.2,27.2,0.0,0.0,27.2
29263,1984,2,0,23.1,32.3,0.0,0.0,32.3
29263,1984,3,0,9.8,13.6,0.0,1.0,12.6
29263,1984,4,0,43.4,57.6,7.2,6.1,44.3
29263,1984,5,0,56.6,60.2,53.9,6.3,0.0
29263,1984,6,0,17.3,19.9,19.9,0.0,0.0
29263,1984,7,0,22.0,23.4,23.4,0.0,0.0
29263,1984,8,0,36.0,37.2,37.2,0.0,0.0
29263,1984,9,0,7.4,8.7,8.7,0.0,0.0
29263,1984,10,0,52.7,59.2,22.8,0.6,35.9
29263,1984,11,0,55.9,64.7,0.0,17.4,47.3
29263,1984,12,0,36.7,49.9,0.0,0.0,49.9
29263,1985,1,0,46.5,54.7,0.0,0.0,54.7
29263,1985,2,0,12.2,15.4,0.0,0.0,15.4
29263,1985,3,0,17.4,24.2,0.0,0.0,24.2
29263,1985,4,0,27.0,30.9,20.1,6.1,4.7
29263,1985,5,0,38.9,43.5,41.9,1.5,0.0
29263,1985,6,0,53.7,55.7,55.7,0.0,0.0
29263,1985,7,0,103.4,104.9,104.9,0.0,0.0
29263,1985,8,0,108.5,109.8,109.8,0.0,0.0
29263,1985,9,0,30.4,31.6,31.6,0.0,0.0
29263,1985,10,0,53.8,56.4,28.6,14.8,12.9
29263,1985,11,0,35.8,41.8,0.0,10.4,31.3
29263,1985,12,0,30.7,36.8,0.0,0.0,36.8
29263,1986,1,0,26.6,32.5,0.0,0.0,32.5
29263,1986,2,0,12.8,17.5,0.0,0.0,17.5
29263,1986,3,0,29.9,36.2,0.3,4.2,31.7
29263,1986,4,0,14.4,18.1,5.9,5.5,6.8
29263,1986,5,0,62.0,64.6,57.8,6.7,0.0
29263,1986,6,0,60.2,63.0,63.0,0.0,0.0
29263,1986,7,0,37.7,39.1,39.1,0.0,0.0
29263,1986,8,0,88.3,89.6,89.6,0.0,0.0
29263,1986,9,0,41.2,42.3,42.3,0.0,0.0
29263,1986,10,0,27.3,30.5,5.3,3.0,22.2
29263,1986,11,0,31.9,38.5,0.0,0.6,37.9
29263,1986,12,0,31.1,39.1,0.0,4.8,34.3
29263,1987,1,0,25.7,34.2,0.0,0.0,34.2
29263,1987,2,0,11.6,13.8,0.0,0.7,13.2
29263,1987,3,0,7.4,10.6,0.0,0.0,10.6
29263,1987,4,0,33.3,37.5,7.7,27.3,2.5
29263,1987,5,0,24.8,25.6,25.6,0.0,0.0
29263,1987,6,0,111.3,113.9,113.0,0.8,0.0
29263,1987,7,0,59.4,60.8,60.8,0.0,0.0
29263,1987,8,0,42.7,43.1,43.1,0.0,0.0
29263,1987,9,0,53.4,53.6,53.3,0.3,0.0
29263,1987,10,0,47.6,51.2,5.4,13.9,31.9
29263,1987,11,0,52.7,68.7,0.0,0.0,68.7
29263,1987,12,0,30.9,34.3,0.0,0.2,34.1
29263,1988,1,0,24.8,28.5,0.0,0.0,28.5
29263,1988,2,0,15.0,18.3,0.0,0.0,18.3
29263,1988,3,0,12.8,14.5,0.0,1.5,13.0
29263,1988,4,0,36.6,46.6,11.6,13.0,21.9
29263,1988,5,0,47.3,47.4,40.2,7.2,0.0
29263,1988,6,0,97.5,99.9,99.9,0.0,0.0
29263,1988,7,0,53.2,55.8,55.8,0.0,0.0
29263,1988,8,0,67.7,69.1,69.1,0.0,0.0
29263,1988,9,0,27.7,28.8,28.8,0.0,0.0
29263,1988,10,0,51.8,59.8,34.7,13.6,11.5
29263,1988,11,0,40.8,54.2,0.5,5.3,48.4
29263,1988,12,0,20.6,28.2,0.0,0.6,27.6
29263,1989,1,0,37.2,46.9,0.0,0.0,46.9
29263,1989,2,0,16.4,23.5,0.0,0.0,23.5
29263,1989,3,0,19.9,28.4,0.8,1.3,26.4
29263,1989,4,0,18.6,24.8,11.5,5.3,8.0
29263,1989,5,0,40.0,42.9,41.0,1.9,0.0
29263,1989,6,0,33.9,37.0,32.6,4.4,0.0
29263,1989,7,0,32.9,34.4,34.4,0.0,0.0
29263,1989,8,0,31.3,32.9,32.9,0.0,0.0
29263,1989,9,0,27.9,30.0,29.2,0.8,0.0
29263,1989,10,0,42.6,51.7,18.5,14.2,19.1
29263,1989,11,0,28.9,34.8,0.0,0.6,34.2
29263,1989,12,0,24.1,34.1,0.0,2.6,31.5
29263,1990,1,0,22.5,28.4,0.0,0.0,28.4
29263,1990,2,0,20.9,25.4,0.0,0.3,25.2
29263,1990,3,0,11.6,15.7,8.5,3.6,3.7
29263,1990,4,0,23.8,27.4,13.1,6.8,7.5
29263,1990,5,0,53.2,58.9,51.7,7.2,0.0
29263,1990,6,0,102.0,103.8,103.8,0.0,0.0
29263,1990,7,0,73.6,75.7,75.7,0.0,0.0
29263,1990,8,0,89.3,89.4,89.4,0.0,0.0
29263,1990,9,0,68.9,71.1,70.1,1.0,0.0
29263,1990,10,0,50.7,58.0,32.2,3.5,22.3
29263,1990,11,0,41.1,55.6,6.8,6.3,42.5
29263,1990,12,0,41.9,55.2,0.0,8.0,47.2
29263,1991,1,0,21.4,31.5,0.0,0.0,31.5
29263,1991,2,0,21.8,28.3,0.0,0.0,28.3
29263,1991,3,0,20.8,25.0,0.4,0.0,24.6
29263,1991,4,0,17.3,19.4,6.9,11.3,1.2
29263,1991,5,0,8.6,12.2,11.0,0.8,0.4
29263,1991,6,0,40.2,43.0,43.0,0.0,0.0
29263,1991,7,0,50.8,51.3,51.3,0.0,0.0
29263,1991,8,0,41.8,43.8,43.8,0.0,0.0
29263,1991,9,0,38.5,40.0,40.0,0.0,0.0
29263,1991,10,0,49.1,58.0,32.2,14.8,11.1
29263,1991,11,0,37.3,39.1,1.2,2.3,35.6
29263,1991,12,0,30.6,39.0,0.0,0.0,39.0
29263,1992,1,0,31.7,35.0,0.0,2.7,32.3
29263,1992,2,0,11.3,14.9,0.0,0.0,14.9
29263,1992,3,0,17.7,23.1,0.2,4.0,19.0
29263,1992,4,0,23.1,29.1,9.2,11.3,8.7
29263,1992,5,0,8.6,10.4,10.4,0.0,0.0
29263,1992,6,0,102.3,106.3,104.5,1.7,0.0
29263,1992,7,0,20.9,21.7,21.7,0.0,0.0
29263,1992,8,0,20.7,21.8,21.8,0.0,0.0
29263,1992,9,0,74.6,76.3,74.8,0.0,1.5
29263,1992,10,0,17.7,24.3,12.5,9.4,2.3
29263,1992,11,0,47.0,59.3,7.5,2.9,48.9
29263,1992,12,0,47.3,58.0,0.0,0.0,58.0
29263,1993,1,0,20.0,28.0,0.0,3.9,24.1
29263,1993,2,0,18.4,24.3,0.0,1.7,22.6
29263,1993,3,0,11.4,15.2,0.1,7.6,7.5
29263,1993,4,0,5.7,9.5,1.9,1.1,6.5
29263,1993,5,0,62.9,70.4,50.9,17.4,2.1
29263,1993,6,0,71.8,74.7,74.7,0.0,0.0
29263,1993,7,0,48.3,50.0,50.0,0.0,0.0
29263,1993,8,0,106.7,107.4,107.4,0.0,0.0
29263,1993,9,0,41.7,43.8,42.8,1.0,0.0
29263,1993,10,0,60.7,70.5,46.7,10.4,13.3
29263,1993,11,0,38.4,48.2,0.0,0.0,48.2
29263,1993,12,0,41.1,46.5,0.0,0.0,46.5
29263,1994,1,0,29.2,32.2,0.0,0.0,32.2
29263,1994,2,0,14.9,20.3,0.0,0.0,20.3
29263,1994,3,0,17.6,21.9,8.4,0.2,13.3
29263,1994,4,0,32.2,35.2,24.1,4.9,6.2
29263,1994,5,0,32.4,38.3,27.3,10.4,0.6
29263,1994,6,0,61.0,63.3,63.3,0.0,0.0
29263,1994,7,0,22.8,23.8,23.8,0.0,0.0
29263,1994,8,0,21.6,22.3,22.3,0.0,0.0
29263,1994,9,0,55.5,59.7,57.1,2.5,0.0
29263,1994,10,0,33.3,37.5,23.3,7.2,7.0
29263,1994,11,0,35.9,44.7,1.6,4.9,38.2
29263,1994,12,0,28.9,33.6,0.0,0.0,33.6
29263,1995,1,0,32.0,40.8,0.0,1.1,39.6
29263,1995,2,0,23.4,26.5,0.0,1.8,24.7
29263,1995,3,0,25.9,34.7,0.0,1.1,33.6
29263,1995,4,0,27.9,30.7,27.0,2.2,1.5
29263,1995,5,0,20.1,22.3,22.3,0.0,0.0
29263,1995,6,0,74.6,78.8,78.8,0.0,0.0
29263,1995,7,0,20.3,21.9,21.9,0.0,0.0
29263,1995,8,0,51.9,53.4,53.4,0.0,0.0
29263,1995,9,0,43.0,46.7,42.3,4.4,0.0
29263,1995,10,0,53.5,60.4,38.3,11.7,10.4
29263,1995,11,0,63.3,75.8,9.6,9.4,56.8
29263,1995,12,0,32.6,41.8,0.0,0.0,41.8
29263,1996,1,0,20.1,27.3,0.0,0.0,27.3
29263,1996,2,0,9.2,12.7,0.0,0.0,12.7
29263,1996,3,0,5.4,7.9,0.0,0.0,7.9
29263,1996,4,0,30.0,33.6,22.7,7.4,3.5
29263,1996,5,0,41.1,44.4,35.2,9.0,0.2
29263,1996,6,0,10.9,13.4,13.4,0.0,0.0
29263,1996,7,0,8.3,10.6,10.6,0.0,0.0
29263,1996,8,0,68.8,71.7,71.7,0.0,0.0
29263,1996,9,0,41.3,43.4,43.4,0.0,0.0
29263,1996,10,0,46.5,49.9,30.9,3.2,15.8
29263,1996,11,0,26.0,33.0,0.0,2.8,30.3
29263,1996,12,0,48.7,64.5,0.0,3.3,61.2
29263,1997,1,0,31.2,39.8,0.3,0.5,39.0
29263,1997,2,0,26.0,31.2,0.0,0.0,31.2
29263,1997,3,0,23.2,26.9,2.9,1.2,22.8
29263,1997,4,0,24.3,26.2,26.2,0.0,0.0
29263,1997,5,0,19.3,22.1,21.7,0.4,0.0
29263,1997,6,0,54.2,57.7,57.7,0.0,0.0
29263,1997,7,0,28.0,31.2,31.2,0.0,0.0
29263,1997,8,0,98.7,101.4,101.4,0.0,0.0
29263,1997,9,0,11.2,12.4,12.4,0.0,0.0
29263,1997,10,0,28.9,32.1,23.5,0.3,8.2
29263,1997,11,0,47.3,60.7,4.5,13.6,42.5
29263,1997,12,0,26.7,35.2,0.0,0.0,35.2
29263,1998,1,0,22.1,26.1,0.0,0.0,26.1
29263,1998,2,0,18.4,24.0,0.0,0.8,23.2
29263,1998,3,0,1.0,3.9,0.0,0.0,3.9
29263,1998,4,0,32.9,41.7,15.1,9.5,17.1
29263,1998,5,0,28.3,31.5,30.1,0.2,1.1
29263,1998,6,0,65.9,69.7,69.7,0.0,0.0
29263,1998,7,0,46.6,47.6,47.6,0.0,0.0
29263,1998,8,0,65.4,66.2,66.2,0.0,0.0
29263,1998,9,0,60.1,62.5,59.1,3.1,0.3
29263,1998,10,0,79.6,86.4,46.1,32.1,8.3
29263,1998,11,0,47.6,57.6,0.0,5.0,52.5
29263,1998,12,0,53.6,64.6,0.0,0.0,64.6
29263,1999,1,0,39.3,46.1,0.0,0.0,46.1
29263,1999,2,0,17.9,20.7,0.0,0.0,20.7
29263,1999,3,0,8.2,13.2,0.0,0.0,13.2
29263,1999,4,0,35.1,40.2,19.5,15.8,4.9
29263,1999,5,0,24.0,25.1,17.8,7.3,0.0
29263,1999,6,0,52.0,54.6,54.6,0.0,0.0
29263,1999,7,0,24.3,26.5,26.5,0.0,0.0
29263,1999,8,0,53.8,55.1,55.1,0.0,0.0
29263,1999,9,0,30.0,31.0,26.5,3.9,0.6
29263,1999,10,0,33.4,37.7,16.5,5.3,15.9
29263,1999,11,0,36.1,39.3,9.0,0.0,30.3
29263,1999,12,0,37.0,42.9,0.0,5.4,37.5
29263,2000,1,0,18.4,21.2,0.0,0.0,21.2
29263,2000,2,0,33.9,39.9,0.0,5.4,34.6
29263,2000,3,0,32.4,40.4,4.5,11.5,24.4
29263,2000,4,0,27.2,31.1,15.3,10.2,5.6
29263,2000,5,0,68.9,72.9,72.7,0.3,0.0
29263,2000,6,0,51.8,53.5,53.5,0.0,0.0
29263,2000,7,0,66.9,68.6,68.6,0.0,0.0
29263,2000,8,0,50.9,53.4,53.4,0.0,0.0
29263,2000,9,0,53.5,57.0,56.6,0.5,0.0
29263,2000,10,0,47.8,52.9,16.0,6.6,30.4
29263,2000,11,0,29.3,38.7,0.0,1.7,37.0
29263,2000,12,0,36.5,46.4,0.0,0.0,46.4
29263,2001,1,0,15.1,21.3,0.0,0.0,21.3
29263,2001,2,0,20.1,26.4,0.0,0.0,26.4
29263,2001,3,0,17.7,24.3,0.7,7.2,16.4
29263,2001,4,0,21.1,24.7,10.5,7.7,6.5
29263,2001,5,0,45.8,51.8,49.3,0.0,2.5
29263,2001,6,0,109.6,111.5,111.5,0.0,0.0
29263,2001,7,0,98.1,101.0,101.0,0.0,0.0
29263,2001,8,0,49.6,51.0,51.0,0.0,0.0
29263,2001,9,0,98.7,99.4,99.4,0.0,0.0
29263,2001,10,0,43.9,47.9,32.1,3.4,12.4
29263,2001,11,0,48.0,51.2,21.5,12.4,17.4
29263,2001,12,0,39.5,49.4,0.0,0.0,49.4
29263,2002,1,0,51.1,59.7,0.0,0.6,59.0
29263,2002,2,0,33.2,40.1,0.2,5.3,34.6
29263,2002,3,0,44.3,52.1,14.5,15.0,22.6
29263,2002,4,0,18.4,20.7,5.0,4.0,11.7
29263,2002,5,0,75.7,80.6,80.6,0.0,0.0
29263,2002,6,0,76.7,79.0,79.0,0.0,0.0
29263,2002,7,0,41.0,43.4,43.4,0.0,0.0
29263,2002,8,0,42.0,43.5,43.5,0.0,0.0
29263,2002,9,0,53.7,58.3,57.8,0.1,0.5
29263,2002,10,0,48.9,55.6,30.6,13.6,11.5
29263,2002,11,0,37.7,44.4,0.0,4.4,40.0
29263,2002,12,0,19.6,25.9,0.0,0.0,25.9
29263,2003,1,0,28.6,35.5,0.0,1.5,34.0
29263,2003,2,0,9.5,14.6,0.0,0.0,14.6
29263,2003,3,0,12.8,17.8,2.2,4.7,10.8
29263,2003,4,0,33.4,40.0,14.0,19.9,6.1
29263,2003,5,0,15.7,18.2,17.7,0.2,0.3
29263,2003,6,0,15.4,17.2,17.2,0.0,0.0
29263,2003,7,0,35.5,36.3,36.3,0.0,0.0
29263,2003,8,0,25.5,27.4,27.4,0.0,0.0
29263,2003,9,0,69.8,73.1,73.1,0.0,0.0
29263,2003,10,0,43.8,48.4,19.2,22.0,7.2
29263,2003,11,0,47.6,56.2,0.0,0.0,56.2
29263,2003,12,0,28.1,35.9,2.2,0.0,33.7
29263,2004,1,0,16.4,22.3,0.0,0.0,22.3
29263,2004,2,0,37.0,47.4,0.7,1.0,45.6
29263,2004,3,0,27.2,34.3,0.0,12.4,21.9
29263,2004,4,0,45.9,54.5,7.1,23.2,24.2
29263,2004,5,0,46.6,48.5,46.4,1.3,0.9
29263,2004,6,0,76.0,79.8,79.8,0.0,0.0
29263,2004,7,0,76.8,80.4,80.4,0.0,0.0
29263,2004,8,0,19.5,21.6,21.6,0.0,0.0
29263,2004,9,0,65.8,67.5,66.9,0.6,0.0
29263,2004,10,0,46.9,51.5,44.4,2.7,4.4
29263,2004,11,0,28.0,37.2,1.3,6.2,29.7
29263,2004,12,0,19.7,26.6,0.0,0.0,26.6
29263,2005,1,0,26.3,30.2,0.0,0.0,30.2
29263,2005,2,0,12.5,16.2,0.0,0.0,16.2
29263,2005,3,0,10.0,14.4,0.0,5.5,8.9
29263,2005,4,0,49.4,56.4,25.6,22.5,8.4
29263,2005,5,0,29.4,34.1,26.6,1.9,5.7
29263,2005,6,0,106.2,108.3,108.3,0.0,0.0
29263,2005,7,0,49.2,51.2,51.2,0.0,0.0
29263,2005,8,0,31.9,33.0,33.0,0.0,0.0
29263,2005,9,0,68.9,70.1,70.1,0.0,0.0
29263,2005,10,0,55.8,61.9,34.2,21.5,6.2
29263,2005,11,0,41.9,46.7,0.0,4.1,42.7
29263,2005,12,0,10.1,13.1,0.0,0.0,13.1
29263,2006,1,0,21.5,26.6,0.0,0.0,26.6
29263,2006,2,0,17.7,21.8,0.0,0.0,21.8
29263,2006,3,0,27.1,34.1,0.5,0.5,33.2
29263,2006,4,0,30.8,36.2,12.5,8.3,15.3
29263,2006,5,0,35.9,40.6,34.8,4.7,1.1
29263,2006,6,0,26.2,28.5,28.5,0.0,0.0
29263,2006,7,0,72.8,75.6,75.6,0.0,0.0
29263,2006,8,0,65.9,68.6,68.6,0.0,0.0
29263,2006,9,0,34.1,36.6,36.6,0.0,0.0
29263,2006,10,0,58.3,66.1,15.2,17.4,33.5
29263,2006,11,0,28.9,35.8,14.7,2.9,18.2
29263,2006,12,0,54.9,66.0,0.0,6.4,59.7
29263,2007,1,0,37.5,44.0,0.0,0.0,44.0
29263,2007,2,0,35.4,42.1,0.2,0.5,41.5
29263,2007,3,0,30.3,37.0,4.1,3.4,29.5
29263,2007,4,0,17.8,20.2,19.9,0.0,0.2
29263,2007,5,0,88.8,94.2,92.9,1.1,0.2
29263,2007,6,0,69.7,72.1,70.4,1.7,0.0
29263,2007,7,0,65.0,66.8,66.8,0.0,0.0
29263,2007,8,0,51.2,54.3,54.3,0.0,0.0
29263,2007,9,0,45.9,48.3,48.3,0.0,0.0
29263,2007,10,0,46.2,51.7,20.8,18.4,12.6
29263,2007,11,0,31.7,37.4,5.3,2.0,30.1
29263,2007,12,0,41.4,49.3,0.0,0.0,49.3
29263,2008,1,0,20.3,26.1,0.0,0.0,26.1
29263,2008,2,0,18.7,25.8,0.2,0.0,25.6
29263,2008,3,0,20.0,27.1,0.7,10.9,15.5
29263,2008,4,0,17.3,25.0,6.2,1.8,17.0
29263,2008,5,0,22.8,26.6,26.4,0.2,0.0
29263,2008,6,0,59.7,62.5,62.5,0.0,0.0
29263,2008,7,0,76.0,79.1,79.1,0.0,0.0
29263,2008,8,0,85.3,87.6,87.6,0.0,0.0
29263,2008,9,0,60.4,62.0,62.0,0.0,0.0
29263,2008,10,0,53.9,55.2,49.6,3.6,2.0
29263,2008,11,0,72.5,81.6,6.3,21.5,53.9
29263,2008,12,0,47.3,53.9,0.0,0.0,53.9
29263,2009,1,0,20.3,25.9,0.0,0.0,25.9
29263,2009,2,0,16.2,19.7,0.0,0.0,19.7
29263,2009,3,0,11.0,12.9,0.0,0.2,12.7
29263,2009,4,0,29.5,34.5,23.2,0.8,10.4
29263,2009,5,0,83.2,87.2,72.0,14.8,0.5
29263,2009,6,0,51.4,54.3,54.3,0.0,0.0
29263,2009,7,0,41.8,42.4,42.4,0.0,0.0
29263,2009,8,0,65.6,66.7,66.7,0.0,0.0
29263,2009,9,0,56.9,57.6,57.6,0.0,0.0
29263,2009,10,0,32.1,35.1,14.2,4.8,16.1
29263,2009,11,0,38.8,47.4,0.0,0.0,47.4
29263,2009,12,0,38.1,47.1,0.0,0.0,47.1
29263,2010,1,0,25.7,32.9,0.0,0.0,32.9
29263,2010,2,0,13.5,18.8,0.0,0.0,18.8
29263,2010,3,0,17.5,22.4,0.4,0.9,21.1
29263,2010,4,0,21.9,25.7,10.1,0.7,14.9
29263,2010,5,0,30.4,34.7,31.9,2.2,0.6
29263,2010,6,0,43.3,47.7,47.7,0.0,0.0
29263,2010,7,0,178.2,181.1,181.1,0.0,0.0
29263,2010,8,0,41.1,44.1,44.1,0.0,0.0
29263,2010,9,0,54.4,58.7,56.2,2.5,0.0
29263,2010,10,0,41.2,43.2,37.8,0.2,5.2
29263,2010,11,0,40.2,46.5,22.3,1.6,22.5
29263,2010,12,0,34.2,40.4,0.0,0.0,40.4
29263,2011,1,0,8.8,12.0,0.0,0.0,12.0
29263,2011,2,0,21.5,26.5,0.0,0.0,26.5
29263,2011,3,0,6.6,11.0,0.9,4.7,5.3
29263,2011,4,0,37.9,42.3,27.9,14.1,0.3
29263,2011,5,0,17.6,21.2,19.5,0.4,1.2
29263,2011,6,0,60.3,61.8,61.8,0.0,0.0
29263,2011,7,0,83.2,86.8,86.8,0.0,0.0
29263,2011,8,0,83.9,86.4,86.4,0.0,0.0
29263,2011,9,0,22.9,23.9,23.9,0.0,0.0
29263,2011,10,0,40.3,43.7,28.3,0.0,15.4
29263,2011,11,0,35.5,44.2,2.7,7.7,33.8
29263,2011,12,0,29.7,35.4,0.0,0.0,35.4
29263,2012,1,0,17.5,22.3,0.0,0.0,22.3
29263,2012,2,0,12.6,17.0,0.0,0.0,17.0
29263,2012,3,0,23.8,29.0,0.7,5.3,23.0
29263,2012,4,0,43.5,46.8,44.9,1.7,0.3
29263,2012,5,0,33.4,36.0,36.0,0.0,0.0
29263,2012,6,0,0.7,2.2,2.2,0.0,0.0
29263,2012,7,0,12.1,12.6,12.6,0.0,0.0
29263,2012,8,0,65.0,66.4,66.4,0.0,0.0
29263,2012,9,0,60.7,62.7,62.7,0.0,0.0
29263,2012,10,0,66.7,73.5,32.7,9.9,30.9
29263,2012,11,0,31.8,38.6,0.0,0.0,38.6
29263,2012,12,0,19.8,24.4,0.0,0.0,24.4
29263,2013,1,0,31.7,38.6,0.0,0.0,38.6
29263,2013,2,0,24.1,29.2,0.0,0.0,29.2
29263,2013,3,0,38.2,51.0,0.0,0.3,50.7
29263,2013,4,0,33.9,39.8,20.1,6.4,13.4
29263,2013,5,0,94.5,99.1,87.4,9.1,2.6
29263,2013,6,0,34.2,36.9,36.3,0.6,0.0
29263,2013,7,0,68.7,69.7,69.7,0.0,0.0
29263,2013,8,0,47.6,48.8,48.8,0.0,0.0
29263,2013,9,0,47.7,48.7,45.1,3.5,0.1
29263,2013,10,0,36.3,39.1,29.1,2.2,7.9
29263,2013,11,0,47.3,52.7,14.2,0.3,38.3
29263,2013,12,0,64.1,73.2,0.0,0.0,73.2
29263,2014,1,0,33.6,39.4,0.0,0.0,39.4
29263,2014,2,0,24.8,31.2,0.0,0.0,31.2
29263,2014,3,0,37.3,42.0,22.5,8.0,11.5
29263,2014,4,0,22.7,26.8,24.7,0.9,1.2
29263,2014,5,0,73.4,78.0,74.5,0.9,2.5
29263,2014,6,0,29.7,32.4,32.4,0.0,0.0
29263,2014,7,0,195.7,201.5,201.5,0.0,0.0
29263,2014,8,0,120.7,122.8,122.8,0.0,0.0
29263,2014,9,0,36.1,38.5,38.5,0.0,0.0
29263,2014,10,0,57.3,65.6,29.0,5.9,30.6
29263,2014,11,0,49.4,56.0,14.9,1.8,39.3
29263,2014,12,0,29.7,32.8,0.0,0.0,32.8
29263,2015,1,0,49.9,57.8,0.2,0.0,57.6
29263,2015,2,0,16.9,22.2,0.0,0.0,22.2
29263,2015,3,0,19.4,24.6,6.0,2.6,16.1
29263,2015,4,0,39.6,41.9,40.3,1.4,0.2
29263,2015,5,0,38.2,39.9,39.9,0.0,0.0
29263,2015,6,0,35.8,37.4,37.4,0.0,0.0
29263,2015,7,0,71.0,73.0,73.0,0.0,0.0
29263,2015,8,0,110.0,112.2,112.2,0.0,0.0
29263,2015,9,0,112.0,115.1,113.8,1.1,0.2
29263,2015,10,0,65.5,67.8,40.6,12.1,15.1
29263,2015,11,0,16.2,19.0,0.6,0.9,17.4
29263,2015,12,0,46.5,51.0,0.3,3.0,47.6
