Year,Month,Day,CAN,YAK,TAY,LAN,TOR,NOR,ALT,LOT,PAK
1901,1,16,15.8,5.6,15.8,17.9,80.700005,25.300001,10.0,43.5,12.5
1901,2,15,11.8,6.0,13.8,18.9,30.5,26.5,13.0,52.5,8.7
1901,3,16,11.7,9.2,16.4,13.0,40.8,17.300001,13.2,184.8,13.1
1901,4,16,12.900001,24.2,18.300001,25.300001,24.7,12.5,27.1,208.40001,22.4
1901,5,16,17.2,44.4,25.5,30.0,37.9,13.8,36.8,69.0,47.8
1901,6,16,20.5,84.1,42.100002,42.0,48.5,78.6,47.8,168.3,29.5
1901,7,16,32.0,105.5,42.5,60.100002,51.100002,25.6,29.800001,228.40001,15.0
1901,8,16,41.8,95.9,48.2,37.7,84.1,71.9,58.600002,111.200005,5.9
1901,9,16,24.6,52.3,39.5,30.800001,24.800001,28.1,36.5,248.40001,10.1
1901,10,16,31.5,29.4,32.2,33.3,64.200005,73.700005,27.800001,169.0,3.1000001
1901,11,16,19.1,11.8,26.300001,34.600002,74.1,33.5,19.300001,46.7,1.3000001
1901,12,16,17.6,7.8,22.0,11.6,22.300001,36.8,24.1,179.7,2.8
1902,1,16,15.8,5.4,15.8,21.2,65.1,56.5,16.9,68.200005,10.8
1902,2,15,11.8,6.0,13.8,21.800001,54.3,22.7,8.7,148.2,12.8
1902,3,16,11.7,9.1,16.4,20.800001,29.5,41.7,14.5,140.1,29.2
1902,4,16,12.900001,23.0,18.300001,7.3,16.300001,8.0,32.4,99.3,32.7
1902,5,16,17.2,43.8,25.5,22.5,26.9,32.600002,56.7,151.6,34.9
1902,6,16,20.5,82.3,42.100002,39.100002,38.600002,19.0,45.0,114.4,23.4
1902,7,16,32.0,110.3,42.5,82.3,67.9,82.1,57.2,141.8,13.5
1902,8,16,41.8,95.0,48.2,63.5,72.3,132.8,48.5,174.1,13.0
1902,9,16,24.6,51.4,39.5,76.0,95.700005,55.8,34.2,131.7,6.2000003
1902,10,16,31.5,28.4,32.2,22.0,68.5,28.800001,24.5,124.700005,11.1
1902,11,16,19.1,11.3,26.300001,26.6,45.5,15.8,27.0,68.200005,31.7
1902,12,16,17.6,7.5,22.0,19.800001,49.5,25.300001,21.7,99.1,17.6
1903,1,16,15.8,5.5,15.8,14.400001,37.3,25.9,10.8,74.1,27.1
1903,2,15,11.8,6.0,13.8,37.4,58.8,39.9,10.6,48.7,20.800001
1903,3,16,11.7,8.900001,16.4,21.6,34.8,43.100002,9.2,75.5,27.2
1903,4,16,12.900001,23.6,18.300001,37.0,26.800001,38.4,23.0,122.1,24.6
1903,5,16,17.2,46.3,25.5,18.9,18.2,45.100002,46.100002,154.6,44.600002
1903,6,16,20.5,85.200005,42.100002,54.4,54.5,54.5,71.1,174.90001,34.5
1903,7,16,32.0,105.200005,42.5,81.3,75.8,74.3,69.4,162.7,26.300001
1903,8,16,41.8,93.3,48.2,64.8,93.700005,108.6,63.5,130.2,20.4
1903,9,16,24.6,51.100002,39.5,41.3,60.3,43.8,47.2,71.5,17.9
1903,10,16,31.5,28.7,32.2,36.600002,40.3,58.3,35.9,229.6,2.2
1903,11,16,19.1,11.3,26.300001,31.4,56.100002,28.300001,27.6,97.700005,0.90000004
1903,12,16,17.6,7.5,22.0,17.1,47.4,25.7,27.5,151.8,6.2000003
1904,1,16,15.8,5.4,15.8,16.800001,58.5,21.300001,10.400001,47.4,32.3
1904,2,15,11.8,6.0,13.8,13.6,16.4,28.300001,18.1,193.40001,7.2000003
1904,3,16,11.7,9.6,16.4,15.2,28.5,11.1,9.2,128.0,29.300001
1904,4,16,12.900001,23.5,18.300001,29.800001,24.9,43.600002,25.800001,114.0,32.2
1904,5,16,17.2,44.5,25.5,37.3,42.5,42.9,33.0,140.3,43.100002
1904,6,16,20.5,82.5,42.100002,39.8,55.2,77.6,49.100002,162.7,16.7
1904,7,16,32.0,104.700005,42.5,45.600002,78.0,47.7,54.600002,60.9,17.0
1904,8,16,41.8,94.8,48.2,42.2,59.0,89.1,77.1,139.0,14.900001
1904,9,16,24.6,50.0,39.5,33.100002,55.3,25.7,27.9,143.5,25.800001
1904,10,16,31.5,28.300001,32.2,32.7,38.600002,35.3,23.4,57.7,16.6
1904,11,16,19.1,11.3,26.300001,28.300001,56.7,20.1,23.300001,41.8,22.300001
1904,12,16,17.6,7.5,22.0,33.8,46.0,51.3,21.7,98.9,17.4
1905,1,16,15.8,5.4,15.8,17.0,55.2,47.3,9.8,66.5,38.100002
1905,2,15,11.8,5.9,13.8,25.300001,51.3,25.4,8.5,53.4,6.1
1905,3,16,11.7,8.900001,16.4,15.3,10.7,25.9,10.900001,118.6,23.9
1905,4,16,12.900001,23.2,18.300001,31.800001,33.2,27.9,23.0,147.0,16.5
1905,5,16,17.2,44.4,25.5,33.100002,55.5,35.3,31.800001,242.40001,31.1
1905,6,16,20.5,84.200005,42.100002,30.800001,21.7,48.9,50.100002,138.2,31.5
1905,7,16,32.0,106.3,42.5,83.3,122.8,87.0,65.0,154.2,7.8
1905,8,16,41.8,95.1,48.2,40.0,44.5,84.9,69.1,310.30002,16.1
1905,9,16,24.6,52.7,39.5,53.100002,57.0,50.100002,29.300001,187.2,16.5
1905,10,16,31.5,28.4,32.2,43.8,59.7,42.2,25.0,89.8,2.8
1905,11,16,19.1,11.400001,26.300001,33.5,47.5,28.9,20.800001,185.6,0.4
1905,12,16,17.6,7.8,22.0,24.1,54.2,40.9,16.0,36.600002,37.5
1906,1,16,15.8,5.5,15.7,26.1,48.9,35.5,10.5,54.5,8.3
1906,2,15,11.8,6.0,13.900001,18.2,27.2,34.5,8.400001,98.8,39.100002
1906,3,16,11.7,9.2,16.4,23.7,41.9,53.0,12.1,100.1,15.3
1906,4,16,12.900001,24.300001,19.1,30.9,51.0,22.5,25.9,105.3,24.800001
1906,5,16,17.2,44.100002,26.2,44.4,61.4,63.5,37.600002,106.700005,124.0
1906,6,16,20.5,83.200005,41.2,44.100002,49.7,47.4,50.3,77.1,14.1
1906,7,16,32.0,107.4,43.5,69.3,76.8,69.3,84.6,163.8,4.0
1906,8,16,41.8,95.9,49.0,74.8,63.7,82.6,66.200005,66.8,32.7
1906,9,16,24.6,51.5,39.7,19.1,52.3,34.100002,35.0,43.600002,8.900001
1906,10,16,31.5,28.300001,32.2,14.0,37.9,31.0,28.300001,84.200005,1.9
1906,11,16,19.1,11.8,26.4,26.6,38.100002,50.8,21.300001,188.2,1.3000001
1906,12,16,17.6,7.8,22.0,18.7,47.9,32.3,17.6,84.5,10.900001
1907,1,16,15.8,5.5,15.8,18.4,73.200005,51.3,11.7,81.0,17.300001
1907,2,15,11.8,6.1,13.8,26.1,45.5,41.2,7.0,49.2,21.1
1907,3,16,11.7,9.3,16.4,14.5,51.600002,23.300001,10.8,63.7,15.900001
1907,4,16,12.900001,24.6,18.300001,14.8,27.4,25.9,26.0,118.0,38.8
1907,5,16,17.2,44.4,25.5,16.800001,15.6,53.600002,39.5,97.4,9.2
1907,6,16,20.5,83.8,42.100002,49.2,58.600002,64.0,53.0,149.8,49.3
1907,7,16,32.0,107.5,42.5,83.3,90.5,62.100002,57.7,115.0,8.2
1907,8,16,41.8,95.6,48.2,67.200005,68.1,109.0,103.0,104.0,22.300001
1907,9,16,24.6,52.100002,39.5,39.600002,99.700005,36.600002,17.6,140.0,12.1
1907,10,16,31.5,28.7,32.2,37.0,35.9,65.700005,43.3,256.9,6.5
1907,11,16,19.1,11.400001,26.300001,21.7,32.0,19.1,26.300001,50.2,0.7
1907,12,16,17.6,7.5,22.0,17.5,27.800001,37.5,34.4,180.5,1.5
1908,1,16,15.8,5.4,15.6,23.7,78.4,34.4,11.3,27.2,25.6
1908,2,15,11.8,6.0,13.8,24.2,47.8,54.2,6.8,85.0,51.4
1908,3,16,11.7,9.0,16.0,7.3,14.8,30.7,11.7,77.5,9.7
1908,4,16,12.900001,23.800001,18.1,23.1,25.0,16.7,31.2,97.3,64.700005
1908,5,16,17.2,46.8,25.9,21.300001,56.2,24.800001,26.1,165.5,69.8
1908,6,16,20.5,82.8,42.2,62.3,66.8,53.7,55.5,163.40001,33.2
1908,7,16,32.0,103.700005,42.2,51.8,74.1,79.700005,59.600002,203.3,8.5
1908,8,16,41.8,93.3,47.3,29.9,45.5,61.0,59.2,165.7,20.800001
1908,9,16,24.6,50.0,39.2,65.200005,42.8,45.7,47.100002,151.3,44.4
1908,10,16,31.5,28.300001,32.3,21.0,103.3,20.9,28.800001,52.3,3.1000001
1908,11,16,19.1,11.400001,25.800001,24.800001,51.600002,30.300001,24.800001,58.9,0.1
1908,12,16,17.6,7.5,21.7,25.300001,44.100002,24.9,23.9,55.4,23.7
1909,1,16,15.8,5.4,15.8,27.5,81.5,31.7,13.0,30.1,44.3
1909,2,15,11.8,6.0,13.6,14.6,37.0,19.1,6.7000003,65.700005,9.0
1909,3,16,11.7,9.0,16.2,23.9,24.6,44.9,9.0,132.6,17.800001
1909,4,16,12.900001,23.300001,18.1,12.6,26.1,33.2,17.800001,57.7,38.600002
1909,5,16,17.2,44.5,25.6,19.1,34.9,40.2,33.2,72.9,29.4
1909,6,16,20.5,86.200005,41.8,31.2,38.8,25.9,51.0,216.1,21.5
1909,7,16,32.0,108.3,43.3,67.0,90.5,84.700005,61.4,122.0,36.3
1909,8,16,41.8,94.6,50.100002,64.3,101.200005,115.4,41.600002,168.7,15.2
1909,9,16,24.6,50.600002,39.3,51.2,80.5,54.0,33.9,135.8,18.5
1909,10,16,31.5,28.4,32.100002,62.4,91.1,77.4,20.6,151.2,7.4
1909,11,16,19.1,11.400001,26.0,22.6,32.7,35.5,24.7,52.600002,9.6
1909,12,16,17.6,7.6,22.4,23.300001,91.6,52.600002,18.5,181.3,6.4
1910,1,16,15.8,5.4,15.8,31.0,65.700005,48.100002,10.8,172.6,34.4
1910,2,15,11.8,6.1,13.8,12.6,32.4,21.300001,7.5,103.8,14.7
1910,3,16,11.7,8.900001,16.4,13.1,34.2,32.5,12.5,71.4,37.8
1910,4,16,12.900001,24.0,18.300001,44.5,61.3,39.600002,18.9,140.5,68.5
1910,5,16,17.2,43.9,25.5,15.2,37.600002,49.0,35.5,116.9,18.6
1910,6,16,20.5,83.200005,42.100002,62.4,61.4,41.100002,64.1,209.2,23.4
1910,7,16,32.0,104.4,42.5,90.9,30.300001,45.8,82.3,158.0,32.4
1910,8,16,41.8,92.700005,48.2,32.8,26.0,32.600002,56.2,174.5,39.9
1910,9,16,24.6,51.3,39.5,36.3,65.700005,39.100002,23.800001,143.5,2.3
1910,10,16,31.5,28.800001,32.2,17.6,75.700005,44.100002,25.6,94.700005,2.6000001
1910,11,16,19.1,11.400001,26.300001,39.5,42.5,61.2,21.800001,195.8,0.5
1910,12,16,17.6,7.6,22.0,15.2,26.300001,33.2,14.900001,119.6,13.8
1911,1,16,15.8,5.4,15.8,16.300001,69.3,32.3,9.2,63.2,29.6
1911,2,15,11.8,6.1,13.8,14.6,45.0,44.8,7.7000003,61.9,27.9
1911,3,16,11.7,8.900001,16.4,27.4,30.9,17.6,10.3,102.9,18.0
1911,4,16,12.900001,23.2,18.300001,27.7,59.8,32.9,26.300001,66.700005,18.6
1911,5,16,17.2,44.2,25.5,10.900001,23.4,10.5,42.5,128.7,14.1
1911,6,16,20.5,84.700005,42.100002,69.4,64.0,54.7,49.0,230.1,5.8
1911,7,16,32.0,106.1,42.5,86.0,80.9,57.600002,76.3,34.5,9.3
1911,8,16,41.8,93.3,48.2,64.9,83.3,32.600002,69.3,137.40001,8.1
1911,9,16,24.6,50.8,39.5,35.7,71.700005,72.5,41.5,148.90001,8.5
1911,10,16,31.5,28.300001,32.2,42.4,72.1,50.7,24.9,173.1,3.5
1911,11,16,19.1,11.3,26.300001,32.7,45.600002,29.800001,25.5,163.2,19.9
1911,12,16,17.6,7.5,22.0,19.300001,22.6,30.4,16.6,150.8,16.2
1912,1,16,15.8,5.5,15.8,14.900001,34.0,25.7,8.1,129.0,42.5
1912,2,15,11.8,6.0,13.8,20.0,23.300001,33.7,14.3,82.200005,30.5
1912,3,16,11.7,8.900001,16.4,23.7,26.7,39.9,13.400001,153.0,16.2
1912,4,16,12.900001,23.5,18.300001,16.0,55.2,8.1,16.800001,90.4,15.2
1912,5,16,17.2,44.2,25.5,32.600002,35.5,58.0,33.100002,105.0,35.3
1912,6,16,20.5,84.1,42.100002,73.4,45.5,60.2,66.4,199.8,12.1
1912,7,16,32.0,108.3,42.5,33.3,46.0,22.9,81.1,183.8,7.8
1912,8,16,41.8,95.200005,48.2,73.0,64.8,132.1,57.4,217.6,8.1
1912,9,16,24.6,50.5,39.5,77.700005,106.5,43.0,35.100002,62.8,21.300001
1912,10,16,31.5,28.6,32.2,14.400001,42.3,48.3,25.5,184.3,2.8
1912,11,16,19.1,11.7,26.300001,49.8,67.3,63.2,29.1,74.700005,1.1
1912,12,16,17.6,7.5,22.0,22.9,48.600002,77.1,13.400001,60.0,20.6
1913,1,16,15.8,5.4,15.8,15.400001,29.0,15.7,13.2,76.1,28.2
1913,2,15,11.8,6.0,13.8,19.6,43.4,32.5,10.2,21.4,20.300001
1913,3,16,11.7,9.400001,16.4,17.4,32.600002,31.5,10.6,136.40001,23.6
1913,4,16,12.900001,23.800001,18.300001,18.7,34.2,27.0,19.300001,139.8,70.5
1913,5,16,17.2,44.7,25.5,19.1,43.0,38.100002,44.7,125.700005,29.9
1913,6,16,20.5,82.200005,42.100002,36.100002,62.100002,47.9,69.8,119.4,12.0
1913,7,16,32.0,105.200005,42.5,34.3,75.0,104.3,80.3,157.0,5.6
1913,8,16,41.8,94.0,48.2,66.3,58.600002,84.1,57.5,116.700005,21.4
1913,9,16,24.6,50.8,39.5,32.4,35.2,30.7,43.2,149.7,8.400001
1913,10,16,31.5,28.6,32.2,44.4,70.8,24.7,22.4,108.4,5.5
1913,11,16,19.1,11.5,26.300001,22.6,44.600002,38.4,24.0,109.200005,9.5
1913,12,16,17.6,7.6,22.0,23.1,50.9,71.3,23.0,52.7,11.1
1914,1,16,15.8,5.4,15.8,31.6,76.700005,49.7,18.4,74.700005,23.1
1914,2,15,11.8,6.0,13.8,19.5,28.0,27.4,12.400001,115.9,24.9
1914,3,16,11.7,9.3,16.4,16.0,34.3,32.8,12.3,190.1,16.7
1914,4,16,12.900001,24.300001,18.300001,25.0,49.7,41.7,29.7,80.1,20.4
1914,5,16,17.2,44.600002,25.5,41.2,51.5,47.3,39.7,217.1,19.1
1914,6,16,20.5,82.8,42.100002,61.5,69.700005,30.6,65.1,112.700005,9.8
1914,7,16,32.0,108.1,42.5,49.9,41.5,61.3,49.8,217.8,8.7
1914,8,16,41.8,93.3,48.2,44.100002,63.0,33.4,70.8,231.40001,19.1
1914,9,16,24.6,51.2,39.5,49.8,86.200005,63.8,37.8,102.8,10.3
1914,10,16,31.5,28.9,32.2,22.6,21.6,25.300001,27.4,171.5,29.7
1914,11,16,19.1,11.5,26.300001,27.0,36.8,27.2,23.0,81.9,28.5
1914,12,16,17.6,7.5,22.0,30.800001,47.100002,45.4,26.1,130.2,14.2
1915,1,16,15.8,5.6,15.8,22.800001,17.9,41.0,11.900001,140.40001,2.8
1915,2,15,11.8,6.2000003,13.8,23.9,35.5,24.9,12.400001,151.40001,23.5
1915,3,16,11.7,9.2,16.4,20.2,27.6,22.1,15.7,80.0,10.6
1915,4,16,12.900001,24.1,18.300001,22.6,59.7,27.6,23.2,119.200005,45.4
1915,5,16,17.2,45.600002,25.5,25.9,80.3,19.6,48.7,108.9,9.5
1915,6,16,20.5,85.9,42.100002,59.100002,36.9,23.0,46.4,163.8,17.6
1915,7,16,32.0,108.3,42.5,46.9,134.8,162.3,86.3,199.1,14.2
1915,8,16,41.8,95.6,48.2,41.100002,40.9,67.700005,78.9,115.8,20.7
1915,9,16,24.6,52.3,39.5,42.2,44.9,61.7,31.4,175.8,5.1
1915,10,16,31.5,29.4,32.2,14.400001,22.0,6.7000003,30.0,36.600002,16.800001
1915,11,16,19.1,11.8,26.300001,38.8,60.2,83.4,23.300001,82.0,5.5
1915,12,16,17.6,7.8,22.0,9.900001,15.7,46.8,23.6,160.90001,0.90000004
1916,1,16,15.8,5.6,15.8,25.4,52.9,47.8,11.0,43.8,8.3
1916,2,15,11.8,6.2000003,13.8,20.4,32.5,13.7,10.2,169.5,21.1
1916,3,16,11.7,9.2,16.4,20.300001,21.7,43.2,11.2,202.0,11.8
1916,4,16,12.900001,24.1,18.300001,9.3,41.0,41.4,23.0,123.5,17.800001
1916,5,16,17.2,45.600002,25.5,30.2,36.8,50.5,33.9,118.6,25.0
1916,6,16,20.5,85.9,42.100002,44.9,19.9,56.5,47.8,189.8,10.7
1916,7,16,32.0,108.3,42.5,49.9,62.100002,112.9,71.700005,123.5,7.8
1916,8,16,41.8,95.6,48.2,44.9,59.4,34.0,49.600002,147.1,19.6
1916,9,16,24.6,52.3,39.5,37.7,77.4,34.3,29.7,152.0,15.6
1916,10,16,31.5,29.4,32.2,14.7,33.5,64.200005,19.2,122.5,1.2
1916,11,16,19.1,11.8,26.300001,49.0,65.8,78.4,24.7,169.90001,0.0
1916,12,16,17.6,7.8,22.0,25.0,40.5,51.0,19.9,231.0,3.6000001
1917,1,16,15.8,5.6,15.8,14.400001,35.0,10.8,12.0,84.700005,9.3
1917,2,15,11.8,6.2000003,13.8,25.300001,48.600002,27.5,7.6,20.300001,4.5
1917,3,16,11.7,9.2,16.4,12.8,19.0,15.400001,12.400001,131.40001,5.9
1917,4,16,12.900001,24.1,18.300001,34.5,31.4,24.6,20.800001,102.8,5.4
1917,5,16,17.2,45.600002,25.5,29.7,54.600002,16.7,25.9,194.90001,8.5
1917,6,16,20.5,85.9,42.100002,54.600002,63.3,56.4,59.3,117.8,33.5
1917,7,16,32.0,108.3,42.5,43.8,77.4,78.0,69.4,165.90001,7.5
1917,8,16,41.8,95.6,48.2,51.2,48.8,77.0,57.600002,175.2,49.100002
1917,9,16,24.6,52.3,39.5,77.9,90.3,69.6,39.3,68.200005,14.3
1917,10,16,31.5,29.4,32.2,60.9,59.7,56.7,22.2,227.3,14.6
1917,11,16,19.1,11.8,26.300001,43.0,58.600002,36.100002,18.2,78.0,0.0
1917,12,16,17.6,7.8,22.0,14.6,54.8,49.8,15.900001,62.600002,18.2
1918,1,16,15.8,5.6,15.8,18.4,71.700005,44.7,8.900001,69.200005,2.9
1918,2,15,11.8,6.2000003,13.8,17.5,50.600002,22.7,6.7000003,21.0,4.3
1918,3,16,11.7,9.2,16.4,14.0,44.2,17.9,11.5,115.700005,29.1
1918,4,16,12.900001,24.1,18.300001,14.900001,16.800001,16.4,23.1,171.5,37.0
1918,5,16,17.2,45.600002,25.5,20.4,39.5,23.0,34.3,82.700005,0.6
1918,6,16,20.5,85.9,42.100002,59.9,68.0,100.700005,52.8,212.8,13.900001
1918,7,16,32.0,108.3,42.5,32.4,40.100002,68.9,57.100002,93.9,13.3
1918,8,16,41.8,95.6,48.2,23.0,32.600002,85.5,46.100002,109.5,6.6
1918,9,16,24.6,52.3,39.5,66.8,53.8,84.8,33.0,250.7,10.3
1918,10,16,31.5,29.4,32.2,49.600002,59.9,25.5,27.2,143.1,3.0
1918,11,16,19.1,11.8,26.300001,24.6,80.0,23.9,29.0,69.0,24.1
1918,12,16,17.6,7.8,22.0,20.800001,31.7,37.4,18.5,166.90001,35.4
1919,1,16,15.8,5.6,15.8,14.7,33.100002,37.7,10.900001,154.5,32.3
1919,2,15,11.8,6.2000003,13.8,15.400001,35.4,14.8,14.1,90.6,17.5
1919,3,16,11.7,9.2,16.4,19.300001,31.9,21.4,21.2,133.6,51.8
1919,4,16,12.900001,24.1,18.300001,32.2,55.600002,34.2,30.9,171.6,10.3
1919,5,16,17.2,45.600002,25.5,6.5,11.2,39.600002,42.5,42.9,9.900001
1919,6,16,20.5,85.9,42.100002,42.5,77.700005,92.6,62.600002,94.1,3.2
1919,7,16,32.0,108.3,42.5,28.5,50.7,59.4,62.100002,164.2,5.1
1919,8,16,41.8,95.6,48.2,87.3,107.200005,55.7,55.5,61.600002,14.5
1919,9,16,24.6,52.3,39.5,78.5,108.5,71.200005,42.9,92.700005,10.7
1919,10,16,31.5,29.4,32.2,21.2,58.600002,35.3,22.9,92.4,3.2
1919,11,16,19.1,11.8,26.300001,20.0,20.300001,22.7,24.5,183.40001,0.1
1919,12,16,17.6,7.8,22.0,13.900001,27.7,37.9,17.9,143.3,23.6
1920,1,16,15.8,5.6,15.8,19.1,56.8,50.5,6.9,178.8,40.0
1920,2,15,11.8,6.2000003,13.8,19.7,84.5,45.9,7.5,22.6,19.1
1920,3,16,11.7,9.2,16.4,20.300001,54.0,34.5,12.8,126.200005,38.7
1920,4,16,12.900001,24.1,18.300001,39.3,38.5,45.100002,22.4,160.6,70.5
1920,5,16,17.2,45.600002,25.5,37.2,48.7,48.8,33.8,120.6,19.5
1920,6,16,20.5,85.9,42.100002,50.2,63.5,45.600002,45.7,145.3,12.2
1920,7,16,32.0,108.3,42.5,95.700005,102.200005,105.1,60.2,165.0,2.5
1920,8,16,41.8,95.6,48.2,66.700005,93.5,66.0,54.0,123.4,5.8
1920,9,16,24.6,52.3,39.5,51.5,74.8,56.7,31.300001,216.40001,25.2
1920,10,16,31.5,29.4,32.2,28.300001,49.3,15.1,35.100002,61.5,2.2
1920,11,16,19.1,11.8,26.300001,17.300001,63.2,13.900001,36.7,63.0,15.7
1920,12,16,17.6,7.8,22.0,20.2,37.7,14.5,16.5,73.3,1.7
1921,1,16,15.8,5.6,15.8,21.1,64.700005,58.9,10.7,74.9,12.900001
1921,2,15,11.8,6.2000003,13.8,16.4,43.2,30.7,17.300001,26.2,5.1
1921,3,16,11.7,9.2,16.4,22.6,46.2,29.0,17.1,33.4,35.9
1921,4,16,12.900001,24.1,18.300001,27.4,47.0,21.7,24.5,93.200005,43.3
1921,5,16,17.2,45.600002,25.5,50.0,92.3,48.9,29.6,117.700005,63.3
1921,6,16,20.5,85.9,42.100002,82.5,108.5,72.6,40.100002,84.700005,40.2
1921,7,16,32.0,108.3,42.5,65.6,78.5,108.5,73.200005,90.4,8.400001
1921,8,16,41.8,95.6,48.2,72.1,136.1,140.40001,45.600002,167.5,33.9
1921,9,16,24.6,52.3,39.5,75.200005,71.9,63.2,32.3,87.700005,6.6
1921,10,16,31.5,29.4,32.2,46.100002,76.9,71.4,27.300001,23.7,19.7
1921,11,16,19.1,11.8,26.300001,19.7,40.2,17.5,24.6,54.100002,2.1000001
1921,12,16,17.6,7.8,22.0,24.0,48.100002,61.5,23.6,30.7,64.5
1922,1,16,15.8,5.6,15.8,14.400001,21.5,23.9,9.900001,163.1,17.2
1922,2,15,11.8,6.2000003,13.8,15.2,35.100002,25.7,10.900001,70.1,53.3
1922,3,16,11.7,9.2,16.4,22.2,24.2,39.100002,9.3,136.7,29.1
1922,4,16,12.900001,24.1,18.300001,30.9,22.9,38.9,23.2,180.8,21.1
1922,5,16,17.2,45.600002,25.5,38.0,62.8,32.100002,39.0,62.4,71.5
1922,6,16,20.5,85.9,42.100002,58.9,107.700005,66.6,39.7,176.3,18.6
1922,7,16,32.0,108.3,42.5,37.0,51.4,97.9,51.600002,156.90001,6.6
1922,8,16,41.8,95.6,48.2,74.700005,80.1,70.8,47.0,161.40001,13.5
1922,9,16,24.6,52.3,39.5,32.0,57.3,35.2,23.800001,210.2,22.6
1922,10,16,31.5,29.4,32.2,34.7,46.4,22.6,20.1,143.2,6.8
1922,11,16,19.1,11.8,26.300001,33.0,70.5,39.600002,23.800001,91.0,0.0
1922,12,16,17.6,7.8,22.0,34.5,42.2,47.0,13.2,182.7,21.4
1923,1,16,15.8,5.6,15.8,27.9,79.200005,43.7,9.2,47.2,35.8
1923,2,15,11.8,6.2000003,13.8,12.1,18.1,13.0,7.2000003,88.8,40.600002
1923,3,16,11.7,9.2,16.4,7.6,30.6,11.7,13.3,35.2,27.2
1923,4,16,12.900001,24.1,18.300001,12.3,13.1,17.5,23.1,128.90001,17.800001
1923,5,16,17.2,45.600002,25.5,33.5,62.4,51.100002,27.4,157.0,47.100002
1923,6,16,20.5,85.9,42.100002,59.7,58.4,51.4,43.3,113.5,11.0
1923,7,16,32.0,108.3,42.5,64.8,114.1,58.9,49.9,79.4,32.600002
1923,8,16,41.8,95.6,48.2,41.8,43.9,90.6,47.600002,111.6,38.4
1923,9,16,24.6,52.3,39.5,71.3,67.1,108.700005,42.5,118.5,5.4
1923,10,16,31.5,29.4,32.2,59.5,51.600002,82.700005,27.800001,167.0,16.6
1923,11,16,19.1,11.8,26.300001,31.800001,41.5,36.600002,30.0,169.7,0.4
1923,12,16,17.6,7.8,22.0,22.7,34.9,26.2,19.5,165.2,5.9
1924,1,16,15.8,5.6,15.8,22.800001,47.3,39.7,10.2,64.0,25.5
1924,2,15,11.8,6.2000003,13.8,20.300001,30.6,32.8,8.0,46.0,37.7
1924,3,16,11.7,9.2,16.4,25.6,30.5,33.4,12.6,72.1,32.600002
1924,4,16,12.900001,24.1,18.300001,22.800001,28.9,25.2,27.4,136.7,27.4
1924,5,16,17.2,45.600002,25.5,32.7,51.5,54.8,40.0,157.0,72.6
1924,6,16,20.5,85.9,42.100002,36.0,55.7,111.0,53.600002,202.3,1.3000001
1924,7,16,32.0,108.3,42.5,24.300001,33.100002,59.100002,66.5,147.6,12.3
1924,8,16,41.8,95.6,48.2,30.9,62.9,115.200005,52.5,192.8,7.5
1924,9,16,24.6,52.3,39.5,65.8,89.6,80.0,29.4,156.6,26.300001
1924,10,16,31.5,29.4,32.2,30.0,84.200005,51.9,31.6,136.3,0.8
1924,11,16,19.1,11.8,26.300001,33.600002,67.4,31.2,24.300001,36.3,8.1
1924,12,16,17.6,7.8,22.0,23.0,69.9,31.2,16.7,95.1,51.3
1925,1,16,15.8,5.6,15.8,22.5,102.700005,37.100002,9.1,27.300001,29.2
1925,2,15,11.8,6.2000003,13.8,19.2,39.600002,44.5,8.900001,138.1,13.400001
1925,3,16,11.7,9.2,16.4,22.5,36.100002,26.0,14.6,84.9,11.3
1925,4,16,12.900001,24.1,18.300001,20.5,39.2,17.2,21.2,131.8,19.4
1925,5,16,17.2,45.600002,25.5,28.2,45.4,40.4,44.600002,117.4,39.5
1925,6,16,20.5,85.9,42.100002,48.9,58.600002,55.4,49.4,64.5,5.0
1925,7,16,32.0,108.3,42.5,72.0,81.6,108.3,61.600002,151.6,10.8
1925,8,16,41.8,95.6,48.2,52.100002,63.8,85.5,38.9,168.5,27.9
1925,9,16,24.6,51.0,39.5,55.5,75.8,48.4,24.4,148.90001,10.1
1925,10,16,31.5,28.4,32.2,29.2,70.1,36.600002,20.800001,53.3,8.900001
1925,11,16,19.1,11.5,26.300001,16.5,40.7,44.4,28.800001,80.9,8.400001
1925,12,16,17.6,7.8,22.0,22.2,39.600002,73.4,22.9,135.6,0.0
1926,1,16,15.8,5.4,15.8,13.400001,30.5,33.4,9.1,108.6,15.900001
1926,2,15,11.8,6.1,13.8,15.900001,40.7,25.2,8.900001,127.5,10.7
1926,3,16,11.7,9.1,16.4,29.4,50.3,32.100002,8.0,90.200005,33.4
1926,4,16,12.900001,23.1,18.300001,24.4,62.9,34.5,28.2,121.5,29.7
1926,5,16,17.2,44.9,25.5,20.4,55.600002,87.200005,40.8,258.1,34.8
1926,6,16,20.5,83.6,42.100002,80.1,33.2,43.3,57.0,198.8,28.0
1926,7,16,32.0,106.1,42.5,27.7,49.2,73.3,51.600002,139.6,7.5
1926,8,16,41.8,95.1,48.2,59.4,72.9,62.100002,65.700005,98.0,8.3
1926,9,16,24.6,50.600002,39.5,42.0,64.200005,61.3,42.3,91.9,22.7
1926,10,16,31.5,29.6,32.2,46.3,71.700005,37.0,26.800001,184.1,0.4
1926,11,16,19.1,11.6,26.300001,36.9,66.700005,62.7,28.7,180.7,1.7
1926,12,16,17.6,7.8,22.0,21.2,71.700005,56.2,17.2,70.4,14.2
1927,1,16,15.8,5.6,15.8,31.7,40.4,70.5,10.5,130.1,22.800001
1927,2,15,11.8,6.0,13.8,22.5,66.3,27.2,6.5,60.3,17.300001
1927,3,16,11.7,9.0,16.4,18.0,35.5,36.100002,16.2,163.5,65.4
1927,4,16,12.900001,24.6,18.300001,19.9,22.800001,26.9,24.300001,126.5,25.1
1927,5,16,17.2,43.9,25.5,38.7,26.5,49.8,35.4,78.4,45.4
1927,6,16,20.5,82.700005,42.100002,61.2,85.5,75.4,51.100002,197.6,25.2
1927,7,16,32.0,106.700005,42.5,63.7,31.1,112.5,58.600002,168.40001,4.3
1927,8,16,41.8,94.6,48.2,50.0,52.9,107.8,56.8,214.0,15.900001
1927,9,16,24.6,51.100002,39.5,38.7,56.7,90.700005,47.9,192.3,12.7
1927,10,16,31.5,28.300001,32.2,32.0,69.3,79.6,29.7,36.100002,2.4
1927,11,16,19.1,11.7,26.300001,19.1,19.1,20.9,31.800001,130.6,6.4
1927,12,16,17.6,7.8,22.0,18.7,37.7,9.6,24.300001,123.5,33.2
1928,1,16,15.8,5.4,15.8,13.400001,24.6,49.3,10.7,77.6,10.1
1928,2,15,11.8,6.3,13.8,15.6,27.0,44.5,7.9,72.3,26.0
1928,3,16,11.7,9.2,16.4,17.5,32.2,13.3,13.7,112.1,24.2
1928,4,16,12.900001,24.6,18.300001,16.0,32.4,16.800001,29.5,145.5,21.1
1928,5,16,17.2,48.3,25.5,34.600002,43.7,47.7,42.9,147.2,2.8
1928,6,16,20.5,87.4,42.100002,51.7,107.200005,79.5,65.700005,90.5,35.4
1928,7,16,32.0,106.8,42.5,95.8,129.7,68.5,57.3,74.8,9.7
1928,8,16,41.8,94.1,48.2,50.9,62.4,99.4,73.6,169.3,20.1
1928,9,16,24.6,51.4,39.5,28.0,59.8,41.100002,33.4,168.1,33.5
1928,10,16,31.5,28.2,32.2,38.5,66.1,56.7,22.1,224.1,0.0
1928,11,16,19.1,11.400001,26.300001,23.1,43.600002,47.5,33.0,161.8,47.5
1928,12,16,17.6,7.8,22.0,22.9,25.1,30.800001,15.7,64.200005,18.7
1929,1,16,15.8,5.6,15.400001,25.1,63.8,34.100002,13.900001,39.0,15.900001
1929,2,15,11.8,6.3,13.5,12.7,25.1,11.7,10.7,18.9,18.6
1929,3,16,11.7,9.3,16.2,26.7,76.200005,36.5,12.900001,13.2,5.5
1929,4,16,12.900001,25.5,18.1,14.2,35.9,35.2,31.800001,156.5,13.6
1929,5,16,17.2,44.5,25.0,39.0,43.0,41.5,44.0,128.0,16.7
1929,6,16,20.5,83.700005,41.7,35.7,64.6,60.8,47.2,144.5,11.5
1929,7,16,32.0,105.5,42.2,62.2,49.4,72.9,54.0,130.90001,27.9
1929,8,16,41.8,92.9,48.5,80.8,92.8,115.9,47.2,189.90001,49.2
1929,9,16,24.6,51.9,39.2,32.9,67.700005,76.700005,38.7,45.100002,2.1000001
1929,10,16,31.5,30.1,32.100002,68.200005,73.4,84.9,33.3,143.6,13.2
1929,11,16,19.1,11.7,26.300001,38.5,43.100002,48.9,23.800001,78.6,25.6
1929,12,16,17.6,7.8,21.5,35.7,54.100002,51.100002,14.6,146.3,8.3
1930,1,16,15.8,4.8,15.900001,27.0,36.5,41.8,8.3,101.3,40.3
1930,2,15,11.8,2.1000001,13.5,20.1,56.600002,19.7,15.400001,54.4,32.8
1930,3,16,11.7,13.6,16.1,22.300001,85.700005,27.2,13.0,104.6,23.0
1930,4,16,12.900001,12.1,18.1,22.0,24.0,34.2,34.600002,195.1,52.4
1930,5,16,17.2,20.5,25.300001,23.7,41.9,45.3,58.600002,199.1,46.3
1930,6,16,20.5,72.5,42.2,18.2,48.9,42.5,45.600002,107.0,25.6
1930,7,16,32.0,66.1,42.3,39.2,33.7,67.0,61.8,180.3,23.2
1930,8,16,41.8,46.2,48.2,53.100002,69.8,75.9,78.700005,170.3,35.4
1930,9,16,24.6,45.2,39.5,31.800001,51.2,31.1,35.100002,180.2,11.7
1930,10,16,31.5,18.2,32.2,40.100002,73.1,49.2,24.1,174.3,4.6
1930,11,16,19.1,8.1,26.300001,41.4,35.7,60.0,26.300001,129.7,0.3
1930,12,16,17.6,2.3,22.0,9.5,54.5,40.3,18.4,64.8,4.5
1931,1,16,15.8,1.6,15.8,16.1,32.5,43.5,9.8,95.1,27.7
1931,2,15,11.8,2.5,13.8,12.3,19.7,20.7,6.9,149.6,21.1
1931,3,16,11.7,13.0,16.4,25.4,51.3,12.7,17.1,107.5,19.800001
1931,4,16,12.900001,6.7000003,18.300001,19.5,15.8,42.7,22.6,83.0,62.5
1931,5,16,17.2,43.600002,25.5,56.7,88.0,36.2,34.7,152.90001,81.1
1931,6,16,20.5,69.700005,42.100002,95.9,60.9,74.5,38.4,110.8,26.6
1931,7,16,32.0,65.4,42.5,46.2,89.3,95.200005,52.5,160.8,47.0
1931,8,16,41.8,129.5,48.2,95.700005,106.8,108.4,48.0,225.5,11.7
1931,9,16,24.6,49.3,39.5,27.300001,47.0,31.300001,29.2,113.5,7.6
1931,10,16,31.5,23.5,32.2,44.5,88.9,60.2,16.1,98.3,11.400001
1931,11,16,19.1,13.400001,26.300001,21.9,33.2,21.4,20.2,121.5,16.6
1931,12,16,17.6,4.2000003,22.0,27.9,58.8,56.5,16.6,35.7,11.2
1932,1,16,15.8,3.4,15.8,30.800001,141.90001,43.8,11.8,69.4,28.0
1932,2,15,11.8,5.7000003,13.8,21.2,65.1,32.3,3.5,16.0,10.0
1932,3,16,11.7,10.2,16.4,18.300001,40.600002,16.9,5.9,99.0,16.300001
1932,4,16,12.900001,4.6,18.300001,37.8,26.300001,33.7,10.3,116.9,18.2
1932,5,16,17.2,32.600002,25.5,48.600002,51.600002,26.4,42.2,248.0,21.6
1932,6,16,20.5,65.8,42.100002,49.0,43.600002,39.0,92.200005,153.5,40.8
1932,7,16,32.0,94.700005,42.5,106.0,84.200005,72.700005,72.700005,224.1,12.3
1932,8,16,41.8,32.2,48.2,89.5,84.3,53.100002,59.600002,84.0,8.7
1932,9,16,24.6,30.2,39.5,107.700005,133.90001,80.3,35.2,96.4,2.0
1932,10,16,31.5,15.5,32.2,49.7,40.3,47.4,23.5,131.5,10.2
1932,11,16,19.1,12.0,26.300001,24.9,65.3,28.6,44.8,48.4,1.4
1932,12,16,17.6,6.4,22.0,24.300001,74.1,18.9,14.8,94.6,13.900001
1933,1,16,15.8,5.6,15.8,15.5,39.4,29.2,9.2,76.5,19.800001
1933,2,15,11.8,4.4,13.7,22.2,36.100002,37.4,8.400001,61.100002,9.400001
1933,3,16,11.7,4.0,16.0,31.800001,50.100002,21.4,12.400001,85.5,48.5
1933,4,16,12.900001,20.9,17.9,26.4,46.9,19.7,21.2,62.0,21.0
1933,5,16,17.2,31.6,25.2,14.3,9.8,17.5,26.9,149.2,7.6
1933,6,16,20.5,49.8,42.100002,24.0,8.8,27.4,32.4,212.3,24.6
1933,7,16,32.0,83.700005,41.7,83.700005,93.4,117.3,60.7,106.5,15.1
1933,8,16,41.8,157.8,47.600002,30.5,53.600002,86.9,62.2,71.5,37.3
1933,9,16,24.6,36.4,39.5,20.1,52.0,30.800001,30.2,157.0,10.7
1933,10,16,31.5,18.800001,32.2,37.5,44.3,55.8,11.0,157.0,5.9
1933,11,16,19.1,6.1,26.300001,20.800001,47.0,19.2,34.2,136.1,7.2000003
1933,12,16,17.6,9.400001,22.0,26.9,106.9,33.100002,20.2,63.600002,28.0
1934,1,16,15.8,4.8,15.6,18.1,68.0,28.6,7.8,62.5,30.5
1934,2,15,11.8,5.8,13.7,26.800001,94.8,55.5,7.1,26.300001,45.8
1934,3,16,11.7,4.8,16.1,23.300001,26.0,26.9,11.5,138.8,11.0
1934,4,16,12.900001,21.5,17.9,26.6,39.9,44.100002,8.0,117.700005,38.100002
1934,5,16,17.2,52.4,25.300001,43.9,66.9,30.9,30.5,72.700005,32.600002
1934,6,16,20.5,67.200005,42.2,64.200005,59.0,54.8,46.5,219.3,11.0
1934,7,16,32.0,94.200005,41.4,55.100002,63.9,81.200005,67.9,154.40001,6.9
1934,8,16,41.8,97.9,47.8,65.8,61.3,74.3,69.700005,238.3,25.4
1934,9,16,24.6,48.7,38.5,40.100002,61.7,66.9,37.8,85.3,5.8
1934,10,16,31.5,31.4,32.3,37.4,61.7,52.8,19.2,88.5,5.5
1934,11,16,19.1,5.9,26.0,35.0,54.0,53.2,30.4,151.0,4.9
1934,12,16,17.6,6.1,21.6,19.2,27.800001,52.3,19.2,122.1,24.800001
1935,1,16,15.8,4.2000003,15.7,28.7,85.200005,58.600002,5.7000003,55.9,26.6
1935,2,15,11.8,4.4,13.8,36.3,75.6,42.7,6.6,162.8,17.4
1935,3,16,11.7,6.8,16.0,18.9,34.8,17.6,14.6,49.2,29.2
1935,4,16,12.900001,10.2,17.9,36.9,59.9,36.600002,15.8,149.40001,22.1
1935,5,16,17.2,46.5,25.1,26.4,50.5,16.4,77.5,155.0,43.4
1935,6,16,20.5,47.100002,42.5,50.9,73.6,92.200005,42.100002,115.8,31.2
1935,7,16,32.0,79.4,45.100002,49.9,96.0,97.3,50.600002,88.200005,16.6
1935,8,16,41.8,91.200005,48.4,46.100002,19.1,55.5,60.100002,198.3,11.3
1935,9,16,24.6,61.2,38.9,44.3,58.0,73.9,14.900001,107.5,10.5
1935,10,16,31.5,28.9,32.100002,49.9,87.3,76.4,45.7,241.8,16.0
1935,11,16,19.1,9.8,26.0,32.2,41.4,52.3,19.1,140.3,29.7
1935,12,16,17.6,4.8,21.6,40.5,55.100002,78.6,16.4,218.7,7.1
1936,1,16,15.8,3.2,15.400001,25.1,64.9,55.7,18.2,154.7,11.6
1936,2,15,11.8,3.1000001,13.6,19.4,36.2,12.2,7.6,125.8,23.0
1936,3,16,11.7,4.6,16.1,11.7,42.600002,27.800001,11.900001,95.3,40.7
1936,4,16,12.900001,10.2,18.0,27.5,36.9,46.600002,21.5,175.5,26.2
1936,5,16,17.2,18.4,25.800001,11.900001,27.6,21.2,41.9,135.7,25.0
1936,6,16,20.5,37.3,42.2,38.600002,51.100002,24.2,61.100002,184.5,17.300001
1936,7,16,32.0,74.8,42.5,98.700005,114.0,129.0,71.6,195.8,12.8
1936,8,16,41.8,68.4,48.2,64.8,75.5,94.200005,89.5,87.4,8.8
1936,9,16,24.6,78.700005,39.5,28.9,59.7,9.7,28.7,254.2,11.7
1936,10,16,31.5,17.2,32.3,46.5,36.9,37.600002,16.1,60.0,6.0
1936,11,16,19.1,12.6,26.300001,30.1,58.3,36.0,69.0,74.5,24.7
1936,12,16,17.6,4.2000003,22.0,32.600002,84.1,48.2,11.8,94.3,24.300001
1937,1,16,15.8,7.7000003,15.8,12.1,44.4,27.7,7.5,79.9,26.4
1937,2,15,11.8,6.9,13.5,14.6,30.7,31.0,18.2,146.1,15.5
1937,3,16,11.7,5.4,16.1,24.5,38.5,32.7,23.0,197.0,24.0
1937,4,16,12.900001,22.4,17.9,13.3,22.9,31.0,43.0,123.3,60.2
1937,5,16,17.2,40.7,25.0,25.9,42.2,47.4,27.300001,116.5,33.100002
1937,6,16,20.5,49.4,42.9,42.4,83.0,82.6,60.4,182.3,8.1
1937,7,16,32.0,85.0,43.600002,31.9,35.8,70.9,63.8,135.5,12.3
1937,8,16,41.8,52.7,50.3,33.100002,54.5,31.6,73.8,160.0,4.5
1937,9,16,24.6,38.3,39.4,71.4,84.700005,137.1,41.100002,197.7,19.2
1937,10,16,31.5,23.1,31.800001,19.7,50.100002,24.5,36.8,123.6,13.900001
1937,11,16,19.1,10.2,25.4,31.4,63.600002,56.0,35.100002,89.5,10.7
1937,12,16,17.6,11.2,22.300001,10.5,34.0,45.0,37.600002,95.6,14.900001
1938,1,16,15.8,4.8,16.2,25.0,71.1,44.3,12.0,82.8,41.9
1938,2,15,11.8,8.3,13.6,25.2,71.1,21.0,13.0,41.7,25.9
1938,3,16,11.7,13.0,15.900001,27.1,52.8,51.3,6.1,20.6,31.7
1938,4,16,12.900001,7.7000003,18.5,26.1,40.9,38.3,38.2,29.300001,42.2
1938,5,16,17.2,61.2,25.1,27.800001,55.600002,59.5,83.1,144.40001,15.5
1938,6,16,20.5,114.4,41.5,65.3,110.6,75.3,67.200005,186.2,24.5
1938,7,16,32.0,151.1,42.9,77.700005,57.8,113.5,90.4,190.40001,26.9
1938,8,16,41.8,103.4,50.4,52.4,81.5,58.3,51.100002,205.0,14.1
1938,9,16,24.6,40.2,41.2,49.0,37.7,86.6,34.3,182.90001,10.400001
1938,10,16,31.5,23.5,31.5,23.6,68.4,87.4,36.4,77.4,5.4
1938,11,16,19.1,12.7,25.0,36.2,71.9,41.9,39.3,81.9,5.6
1938,12,16,17.6,4.6,21.7,10.900001,21.4,30.5,29.5,100.200005,16.9
1939,1,16,15.8,2.8,15.3,12.7,36.4,45.9,11.1,130.3,24.9
1939,2,15,11.8,7.4,13.7,22.800001,68.9,47.0,8.7,46.3,31.4
1939,3,16,11.7,11.900001,15.900001,13.3,20.7,11.3,12.3,76.8,35.7
1939,4,16,12.900001,17.0,18.0,22.800001,41.8,37.3,16.0,112.1,22.2
1939,5,16,17.2,38.9,25.0,32.3,55.2,18.300001,72.9,218.1,24.300001
1939,6,16,20.5,104.3,43.0,59.5,74.1,88.200005,44.600002,150.5,13.0
1939,7,16,32.0,102.700005,42.8,56.3,49.7,118.5,72.9,138.40001,16.300001
1939,8,16,41.8,63.8,48.4,35.7,45.8,46.600002,39.0,168.0,16.300001
1939,9,16,24.6,55.600002,39.600002,43.0,98.3,29.2,22.2,156.5,4.5
1939,10,16,31.5,41.8,31.800001,15.6,30.800001,9.5,26.9,194.0,15.3
1939,11,16,19.1,14.3,25.7,42.2,53.9,40.600002,24.6,154.40001,9.400001
1939,12,16,17.6,8.1,22.6,18.4,78.9,34.600002,23.300001,97.5,7.8
1940,1,16,15.8,5.3,15.5,26.4,47.600002,31.2,23.6,48.9,17.4
1940,2,15,11.8,3.3,13.7,13.3,35.5,29.7,7.6,71.3,12.2
1940,3,16,11.7,18.0,16.5,12.400001,25.6,32.7,7.6,97.5,30.0
1940,4,16,12.900001,11.900001,19.300001,21.1,44.3,23.300001,28.300001,109.200005,34.8
1940,5,16,17.2,48.4,25.0,10.3,32.8,15.400001,40.4,162.1,40.0
1940,6,16,20.5,121.9,43.600002,55.3,38.7,46.100002,35.3,200.7,40.5
1940,7,16,32.0,117.9,45.100002,121.4,53.8,90.3,46.3,234.1,16.2
1940,8,16,41.8,82.4,47.7,92.0,116.0,122.700005,74.6,85.0,18.6
1940,9,16,24.6,60.0,38.100002,47.2,71.8,76.200005,36.2,211.8,14.1
1940,10,16,31.5,24.7,31.7,19.7,48.100002,39.9,47.3,150.2,10.2
1940,11,16,19.1,9.2,25.9,27.0,39.2,60.3,29.5,147.90001,6.1
1940,12,16,17.6,5.9,21.1,17.800001,59.7,49.9,27.9,60.4,18.9
1941,1,16,15.8,6.4,8.400001,15.1,83.200005,19.2,11.5,104.5,20.9
1941,2,15,11.8,3.9,16.6,19.9,30.5,31.300001,12.5,104.200005,18.1
1941,3,16,11.7,5.5,4.2000003,13.2,33.600002,32.7,19.9,101.8,38.600002
1941,4,16,12.900001,17.7,20.1,10.400001,18.800001,8.3,23.5,156.90001,55.0
1941,5,16,17.2,47.0,8.3,10.7,19.9,2.9,38.2,200.40001,25.0
1941,6,16,20.5,74.4,52.4,29.2,37.600002,58.7,43.2,163.6,14.2
1941,7,16,32.0,57.0,126.0,49.7,57.100002,72.8,73.3,131.7,11.2
1941,8,16,41.8,110.9,63.600002,61.100002,92.700005,151.1,58.9,170.2,3.5
1941,9,16,24.6,59.9,75.1,34.9,99.5,58.4,48.2,63.7,19.2
1941,10,16,31.5,23.1,20.9,21.2,49.4,40.7,34.4,100.200005,1.6
1941,11,16,19.1,10.3,37.9,7.2000003,27.5,22.0,30.9,94.1,11.3
1941,12,16,17.6,2.3,6.4,16.5,46.5,77.1,15.0,32.8,41.2
1942,1,16,15.8,6.0,34.2,11.1,23.7,15.8,7.1,77.9,19.6
1942,2,15,11.8,3.7,35.2,12.8,27.1,18.300001,14.0,47.9,50.8
1942,3,16,11.7,6.6,14.0,20.9,57.0,18.4,15.6,58.0,25.0
1942,4,16,12.900001,15.400001,10.3,21.7,34.4,10.2,14.6,102.8,30.2
1942,5,16,17.2,23.2,13.8,29.9,53.4,36.100002,49.600002,92.5,59.0
1942,6,16,20.5,116.8,63.5,38.600002,74.200005,70.200005,51.8,129.6,43.0
1942,7,16,32.0,93.4,43.3,44.0,109.9,86.9,78.5,132.0,19.4
1942,8,16,41.8,95.9,65.3,54.4,103.8,43.5,63.4,141.1,14.0
1942,9,16,24.6,42.9,31.5,51.8,67.4,76.0,25.0,187.8,8.0
1942,10,16,31.5,43.5,64.9,53.0,61.100002,87.1,56.2,121.3,9.7
1942,11,16,19.1,19.4,34.8,20.1,72.0,49.7,23.2,49.0,13.0
1942,12,16,17.6,9.2,42.0,14.400001,45.9,33.3,20.800001,101.5,13.7
1943,1,16,15.8,7.0,28.0,12.1,17.4,46.4,3.8,90.5,18.1
1943,2,15,11.8,3.6000001,20.800001,31.0,76.700005,43.3,9.7,49.0,12.0
1943,3,16,11.7,17.1,27.2,19.1,64.0,36.600002,4.7000003,62.4,38.600002
1943,4,16,12.900001,24.5,22.2,26.1,60.9,37.0,27.800001,76.5,26.5
1943,5,16,17.2,80.5,41.600002,13.0,37.0,48.8,29.6,151.90001,53.9
1943,6,16,20.5,123.1,37.2,21.6,59.4,61.100002,68.9,127.8,9.2
1943,7,16,32.0,136.40001,114.9,75.200005,73.3,74.8,49.3,120.3,5.5
1943,8,16,41.8,56.5,45.9,113.6,90.5,63.0,86.4,87.5,19.5
1943,9,16,24.6,149.7,31.9,44.600002,28.5,48.8,34.600002,186.8,18.0
1943,10,16,31.5,26.4,43.100002,40.9,72.9,54.7,13.2,37.5,9.7
1943,11,16,19.1,11.7,31.9,33.7,47.100002,39.2,21.9,82.3,6.8
1943,12,16,17.6,3.3,21.5,26.7,68.700005,31.6,15.900001,91.6,12.7
1944,1,16,15.8,3.5,15.900001,25.0,55.600002,52.8,8.2,42.2,21.0
1944,2,15,11.8,4.0,13.7,21.1,36.600002,16.6,4.8,94.6,25.5
1944,3,16,11.7,11.2,16.4,32.7,49.0,47.7,19.9,43.2,32.4
1944,4,16,12.900001,27.5,17.5,12.0,26.300001,23.7,25.2,51.4,48.600002
1944,5,16,17.2,56.9,23.6,40.8,26.1,34.9,51.100002,70.4,27.9
1944,6,16,20.5,125.6,36.8,11.6,45.100002,99.1,37.0,150.6,16.800001
1944,7,16,32.0,141.7,74.1,48.7,58.5,74.700005,72.8,172.1,6.2000003
1944,8,16,41.8,84.3,81.3,89.3,88.200005,100.5,42.4,111.200005,13.5
1944,9,16,24.6,83.1,37.8,23.9,43.600002,76.5,33.100002,155.5,23.5
1944,10,16,31.5,43.0,56.8,29.1,43.0,37.2,21.800001,189.3,16.0
1944,11,16,19.1,5.0,18.4,37.3,52.8,62.4,32.8,175.7,18.5
1944,12,16,17.6,3.6000001,22.4,25.4,87.1,68.3,15.6,104.9,23.9
1945,1,16,15.8,4.6,15.8,17.800001,46.2,49.9,8.0,83.6,21.800001
1945,2,15,11.8,2.7,13.5,21.9,46.9,36.3,5.6,59.0,27.6
1945,3,16,11.7,17.300001,8.8,21.300001,79.3,49.7,8.900001,98.700005,58.100002
1945,4,16,12.900001,14.8,32.5,19.1,64.9,64.5,9.1,72.4,31.5
1945,5,16,17.2,40.2,58.600002,23.6,37.100002,38.9,27.9,151.0,44.9
1945,6,16,20.5,140.2,34.3,58.7,48.3,85.3,49.4,69.5,35.9
1945,7,16,32.0,155.6,58.3,29.1,52.0,117.6,51.9,70.200005,11.3
1945,8,16,41.8,48.7,75.6,54.8,104.6,70.8,72.5,201.5,15.2
1945,9,16,24.6,20.9,33.100002,30.4,35.5,34.9,18.5,121.3,13.2
1945,10,16,31.5,33.600002,17.5,26.1,58.9,34.9,22.800001,120.8,13.1
1945,11,16,19.1,13.400001,65.5,26.0,78.0,27.9,18.0,69.0,18.300001
1945,12,16,17.6,7.6,22.0,16.6,53.4,44.2,25.300001,169.1,16.1
1946,1,16,15.8,5.1,3.0,13.2,54.7,25.5,8.400001,102.8,22.0
1946,2,15,11.8,4.1,14.400001,23.4,55.8,46.0,6.2000003,87.6,23.6
1946,3,16,11.7,3.4,6.0,8.2,34.8,22.300001,19.2,103.0,21.800001
1946,4,16,12.900001,13.1,4.3,29.7,43.8,43.2,27.1,59.0,21.4
1946,5,16,17.2,44.5,31.6,9.0,24.1,26.5,41.2,186.3,18.1
1946,6,16,20.5,168.40001,56.0,53.0,90.9,100.8,35.7,281.9,8.5
1946,7,16,32.0,88.1,53.0,62.600002,64.5,60.0,66.6,148.3,7.6
1946,8,16,41.8,165.6,37.5,44.5,52.600002,75.6,87.200005,235.1,3.6000001
1946,9,16,24.6,51.2,45.3,56.5,102.3,98.1,65.5,113.6,5.0
1946,10,16,31.5,24.800001,31.5,28.7,72.200005,17.9,38.2,55.3,2.3
1946,11,16,19.1,22.4,27.1,25.6,55.9,49.5,22.0,65.6,12.400001
1946,12,16,17.6,4.7000003,32.3,16.300001,49.8,39.100002,21.0,55.5,19.800001
1947,1,16,15.8,5.3,8.5,12.2,23.0,24.0,10.5,61.100002,12.6
1947,2,15,11.8,7.8,4.4,9.400001,19.5,11.1,7.1,104.4,19.1
1947,3,16,11.7,5.9,3.3,16.4,22.5,29.800001,6.0,196.6,14.900001
1947,4,16,12.900001,21.800001,30.9,32.3,39.3,38.8,28.7,37.5,20.1
1947,5,16,17.2,38.7,67.200005,18.4,30.5,10.400001,32.7,99.9,41.3
1947,6,16,20.5,84.4,72.200005,45.2,93.8,70.3,34.9,110.700005,24.800001
1947,7,16,32.0,30.2,32.7,68.700005,69.3,88.0,35.3,125.1,17.0
1947,8,16,41.8,43.0,48.0,41.9,50.100002,16.2,73.0,69.6,9.1
1947,9,16,24.6,53.4,55.600002,55.100002,103.200005,55.4,19.800001,139.8,7.5
1947,10,16,31.5,26.7,11.3,43.9,51.600002,35.2,12.6,80.4,7.0
1947,11,16,19.1,5.7000003,6.5,30.2,43.4,46.2,60.9,131.3,19.800001
1947,12,16,17.6,2.9,12.6,29.9,62.9,64.9,22.1,129.0,25.6
1948,1,16,15.8,10.5,20.7,18.6,37.3,49.3,13.0,198.3,13.0
1948,2,15,11.8,11.7,10.400001,11.2,42.600002,17.800001,7.9,48.600002,23.2
1948,3,16,11.7,21.5,18.800001,13.7,78.9,43.5,8.900001,15.2,47.8
1948,4,16,12.900001,35.5,19.5,25.5,29.6,16.7,26.6,127.1,48.7
1948,5,16,17.2,68.6,22.7,49.8,55.100002,48.5,34.3,142.0,39.600002
1948,6,16,20.5,51.600002,48.100002,94.3,56.5,50.100002,58.7,185.3,38.8
1948,7,16,32.0,90.8,75.200005,55.8,67.700005,74.3,54.100002,172.5,15.6
1948,8,16,41.9,83.5,70.0,65.5,83.8,77.6,50.5,198.3,25.7
1948,9,16,24.6,30.1,8.1,66.5,75.4,78.9,45.5,151.6,6.4
1948,10,16,96.1,30.9,36.8,30.2,52.600002,48.5,20.4,88.6,4.9
1948,11,16,29.5,15.1,8.7,48.600002,65.9,32.3,14.0,40.7,22.6
1948,12,16,19.7,10.400001,12.7,32.100002,86.8,40.4,11.0,41.3,39.600002
1949,1,16,37.7,4.6,11.6,21.7,91.700005,58.600002,16.6,87.5,29.300001
1949,2,15,6.8,8.2,20.5,24.7,59.2,34.4,5.1,12.5,23.300001
1949,3,16,19.800001,4.1,28.6,9.1,46.600002,28.1,7.1,62.7,38.4
1949,4,16,12.900001,10.5,7.9,44.8,51.2,39.600002,18.9,140.0,42.4
1949,5,16,51.7,60.4,29.800001,53.8,85.3,61.5,44.4,148.7,44.4
1949,6,16,43.0,96.9,76.9,56.0,43.2,47.5,35.9,65.8,36.9
1949,7,16,32.0,91.5,47.600002,46.9,58.100002,78.1,40.8,134.1,5.6
1949,8,16,41.8,107.1,82.6,62.0,75.3,68.200005,29.800001,117.8,33.2
1949,9,16,16.9,35.3,38.9,34.3,58.9,25.4,26.800001,110.4,8.0
1949,10,16,25.6,17.5,21.1,52.8,70.8,45.5,26.9,61.600002,9.400001
1949,11,16,44.0,6.5,32.4,20.800001,33.9,51.600002,44.2,149.90001,12.0
1949,12,16,49.3,8.6,28.300001,23.9,60.7,62.7,39.7,87.6,19.4
1950,1,16,15.900001,11.1,8.6,7.5,21.300001,57.9,14.8,79.9,44.7
1950,2,15,31.800001,10.2,21.1,12.5,25.4,28.7,6.6,138.1,26.9
1950,3,16,23.5,15.0,17.1,20.1,40.2,26.300001,11.3,19.2,29.300001
1950,4,16,12.900001,24.5,2.3,36.5,74.0,64.200005,64.9,179.90001,41.4
1950,5,16,28.1,39.2,21.5,26.2,39.5,42.600002,25.4,102.9,47.0
1950,6,16,9.400001,70.1,70.9,33.9,91.200005,88.3,42.0,125.4,13.1
1950,7,16,5.8,131.6,81.4,32.8,44.0,142.1,54.4,118.1,9.3
1950,8,16,21.5,106.700005,49.600002,27.300001,48.5,47.4,74.700005,159.1,36.9
1950,9,16,27.800001,90.6,21.4,53.5,48.600002,72.0,24.300001,141.5,15.900001
1950,10,16,5.6,42.0,32.9,34.4,65.1,41.9,18.0,38.100002,9.6
1950,11,16,42.600002,11.400001,33.2,20.800001,33.4,53.8,41.0,246.1,14.3
1950,12,16,6.2000003,4.1,18.2,24.300001,47.0,52.100002,23.0,149.5,7.2000003
1951,1,16,27.7,6.3,12.3,14.900001,20.4,21.800001,11.8,174.8,31.5
1951,2,15,24.0,5.9,9.900001,11.1,21.5,46.100002,10.6,180.5,31.800001
1951,3,16,0.6,11.8,14.5,25.800001,44.8,17.6,20.7,124.5,25.800001
1951,4,16,34.5,26.7,20.1,37.7,45.3,35.5,15.2,100.8,21.300001
1951,5,16,21.800001,79.700005,41.100002,14.1,23.5,14.0,24.300001,124.5,44.7
1951,6,16,24.9,145.1,36.8,65.700005,42.100002,66.700005,66.700005,168.3,28.0
1951,7,16,17.5,152.90001,36.5,95.700005,136.7,64.200005,41.5,192.0,12.3
1951,8,16,12.7,41.5,109.3,66.8,68.9,85.200005,59.4,206.2,13.900001
1951,9,16,43.3,18.6,52.7,52.4,65.8,40.4,29.1,125.9,10.400001
1951,10,16,7.7000003,5.6,23.300001,30.0,53.2,14.6,29.1,111.9,12.8
1951,11,16,13.1,17.5,14.5,54.4,45.5,68.0,29.7,279.80002,8.2
1951,12,16,30.5,13.900001,16.800001,37.0,80.8,46.600002,21.0,65.8,12.5
1952,1,16,4.2000003,3.9,17.300001,26.800001,51.7,22.800001,22.6,88.0,21.5
1952,2,15,47.5,2.2,32.8,25.7,59.2,38.4,10.6,63.600002,35.3
1952,3,16,11.7,11.0,11.900001,16.300001,27.7,16.9,9.8,98.9,43.5
1952,4,16,12.900001,32.3,15.400001,25.5,36.0,28.9,36.8,137.7,24.7
1952,5,16,84.6,52.9,55.4,19.0,46.7,34.100002,37.0,111.5,25.5
1952,6,16,4.8,60.100002,48.100002,37.0,100.3,135.2,90.8,134.8,14.3
1952,7,16,14.2,106.3,46.9,92.700005,83.8,65.700005,97.6,130.2,18.800001
1952,8,16,36.100002,116.4,90.8,63.7,71.9,83.0,63.3,188.6,20.7
1952,9,16,23.5,42.2,38.600002,59.2,90.0,47.5,29.9,169.90001,15.2
1952,10,16,29.300001,33.600002,8.7,6.9,14.3,34.5,26.800001,200.8,3.7
1952,11,16,41.600002,8.2,20.9,27.0,51.2,33.4,39.100002,185.2,11.6
1952,12,16,19.7,6.8,4.7000003,30.2,44.600002,47.100002,27.5,123.1,32.8
1953,1,16,30.9,5.4,6.0,36.7,72.9,38.8,22.300001,22.2,24.6
1953,2,15,24.0,4.1,29.9,24.6,54.4,34.3,21.300001,29.9,23.5
1953,3,16,40.7,9.7,3.8,34.0,86.200005,32.0,15.0,5.1,68.700005
1953,4,16,16.4,35.100002,3.3,43.0,75.700005,54.8,17.5,114.9,39.8
1953,5,16,39.3,20.4,12.0,40.9,38.2,57.100002,34.8,78.200005,44.3
1953,6,16,22.0,77.200005,87.9,27.0,33.2,84.6,31.300001,236.40001,26.9
1953,7,16,24.5,154.90001,82.1,64.0,54.7,125.700005,48.9,148.7,16.5
1953,8,16,83.1,93.4,26.6,97.700005,65.8,92.8,79.1,108.6,10.900001
1953,9,16,23.1,99.4,48.8,38.7,59.2,48.0,28.7,151.7,19.5
1953,10,16,22.6,37.3,19.300001,28.9,58.100002,33.4,25.4,197.90001,25.0
1953,11,16,23.4,3.2,24.800001,27.5,46.5,34.7,29.5,27.9,21.7
1953,12,16,25.6,10.5,13.0,11.1,35.2,34.0,23.0,50.9,44.100002
1954,1,16,35.600002,13.400001,16.5,29.7,57.7,31.800001,11.1,92.6,42.8
1954,2,15,21.5,6.6,23.5,4.5,20.7,16.4,12.1,82.3,41.9
1954,3,16,50.0,11.6,12.5,22.2,55.600002,26.6,14.7,90.4,26.1
1954,4,16,5.1,25.0,2.9,12.0,35.8,16.2,22.1,149.1,31.9
1954,5,16,26.0,10.6,37.2,27.4,34.600002,26.7,39.600002,175.5,33.3
1954,6,16,6.0,140.5,43.4,77.3,76.8,78.5,80.200005,187.8,22.1
1954,7,16,4.6,110.0,46.3,89.0,78.200005,125.4,66.200005,119.0,24.7
1954,8,16,7.4,105.5,48.2,70.9,99.1,91.0,43.3,251.7,18.4
1954,9,16,20.800001,96.8,40.100002,79.5,70.6,67.200005,62.4,196.2,18.1
1954,10,16,19.6,18.800001,32.4,41.100002,43.100002,42.7,34.0,76.9,12.6
1954,11,16,8.2,7.1,26.300001,22.800001,16.0,26.800001,59.4,86.200005,9.2
1954,12,16,33.100002,1.4,22.2,32.3,53.8,60.100002,15.7,188.5,20.9
1955,1,16,15.8,4.3,16.4,28.5,40.7,39.3,10.900001,173.8,15.8
1955,2,15,31.800001,6.0,21.1,22.7,48.600002,28.6,10.7,173.0,4.2000003
1955,3,16,16.2,7.9,13.3,27.300001,55.0,17.300001,10.0,55.8,90.3
1955,4,16,14.2,19.5,18.2,37.5,37.3,10.900001,18.6,24.9,12.5
1955,5,16,81.1,20.7,28.9,44.100002,49.8,42.8,33.9,135.3,67.8
1955,6,16,38.4,74.4,32.8,58.3,56.3,40.7,41.100002,181.0,22.7
1955,7,16,14.7,112.3,31.1,70.0,43.100002,35.4,78.5,183.3,23.300001
1955,8,16,41.8,96.8,36.0,26.5,49.3,58.7,39.100002,142.90001,18.300001
1955,9,16,24.7,37.8,29.1,52.9,71.5,74.200005,50.7,129.3,4.4
1955,10,16,31.5,36.9,32.3,53.3,56.600002,50.2,21.4,86.200005,11.7
1955,11,16,19.1,14.900001,44.8,34.3,58.7,48.5,15.6,41.4,8.0
1955,12,16,14.5,11.3,31.2,25.7,53.100002,59.600002,16.0,99.1,17.800001
1956,1,16,14.3,5.8,19.6,15.8,77.4,41.3,7.8,111.700005,19.800001
1956,2,15,5.7000003,6.3,13.900001,19.2,39.5,26.6,15.5,16.2,40.5
1956,3,16,11.7,20.2,10.2,11.1,33.5,11.0,13.7,118.1,46.0
1956,4,16,12.900001,13.2,16.2,9.6,26.2,26.300001,58.9,161.3,69.9
1956,5,16,17.2,32.4,6.3,23.4,46.3,16.6,48.9,129.7,8.7
1956,6,16,20.5,62.7,67.8,67.4,83.3,104.4,57.0,150.3,47.0
1956,7,16,32.0,37.9,64.6,30.7,35.7,78.9,49.5,224.8,12.2
1956,8,16,41.9,123.4,13.5,38.0,67.1,92.3,50.3,223.2,41.3
1956,9,16,24.6,24.9,53.100002,50.0,55.9,60.4,23.7,167.40001,12.0
1956,10,16,31.5,39.8,36.9,26.4,40.600002,46.600002,13.6,119.200005,26.7
1956,11,16,19.1,8.8,62.9,18.800001,23.300001,21.2,20.800001,62.4,5.3
1956,12,16,17.6,8.5,18.2,23.300001,36.5,25.2,22.5,20.800001,28.2
1957,1,16,15.900001,7.3,21.4,29.0,83.0,35.5,6.6,61.3,42.100002
1957,2,15,11.8,5.0,14.900001,24.9,28.6,38.8,16.1,183.2,35.7
1957,3,16,7.7000003,3.2,26.4,15.6,38.600002,36.8,19.7,38.5,26.7
1957,4,16,3.1000001,7.1,17.800001,18.9,29.1,14.0,39.8,101.9,74.8
1957,5,16,4.5,40.2,34.0,56.2,50.9,38.600002,25.2,156.40001,43.2
1957,6,16,17.0,103.4,58.2,67.200005,48.8,63.600002,45.4,239.8,45.4
1957,7,16,64.8,110.4,56.4,63.3,58.7,154.7,59.2,168.3,5.7000003
1957,8,16,11.3,67.200005,41.9,79.700005,129.40001,74.0,84.4,150.3,31.1
1957,9,16,30.800001,62.8,50.100002,48.0,38.4,91.6,25.5,127.1,15.400001
1957,10,16,27.300001,25.800001,40.5,43.8,49.600002,39.4,52.3,63.3,28.2
1957,11,16,22.4,13.0,39.3,40.7,49.4,38.100002,43.7,133.90001,40.9
1957,12,16,7.4,10.0,29.5,23.800001,71.5,28.5,30.300001,132.8,62.0
1958,1,16,21.7,2.6000001,39.5,16.9,44.4,23.800001,18.6,77.8,36.3
1958,2,15,3.3,6.6,27.4,35.7,50.600002,22.0,12.2,138.0,4.4
1958,3,16,18.800001,5.7000003,28.7,24.300001,28.800001,22.5,15.400001,55.8,20.1
1958,4,16,16.800001,24.6,23.4,23.4,27.0,22.300001,20.300001,152.6,51.5
1958,5,16,10.2,59.2,26.9,31.1,39.600002,46.9,27.4,126.4,43.600002
1958,6,16,6.8,92.700005,43.4,53.7,45.8,52.8,84.8,219.8,15.900001
1958,7,16,10.900001,122.0,38.2,84.8,94.5,65.200005,93.700005,127.200005,2.7
1958,8,16,10.8,53.2,83.700005,28.5,55.3,73.8,84.8,175.3,17.0
1958,9,16,18.6,25.2,48.600002,38.3,71.3,36.2,30.300001,98.1,12.5
1958,10,16,28.1,38.9,33.0,45.5,59.2,77.200005,18.6,151.6,9.400001
1958,11,16,10.1,3.8,57.0,27.2,91.9,37.5,16.4,103.4,27.5
1958,12,16,11.2,8.6,52.7,32.2,33.7,59.4,33.7,197.40001,66.200005
1959,1,16,6.5,8.1,36.4,41.3,73.6,69.8,22.7,89.6,20.5
1959,2,15,23.9,5.6,29.0,30.800001,66.9,24.6,8.2,11.400001,33.4
1959,3,16,7.3,15.6,29.800001,19.0,43.7,24.6,8.5,137.2,43.0
1959,4,16,19.7,43.7,20.800001,17.7,30.6,49.600002,49.5,148.3,26.300001
1959,5,16,7.7000003,19.5,43.600002,32.0,61.3,34.2,40.100002,101.3,105.200005
1959,6,16,0.4,107.6,43.5,40.0,36.4,35.2,53.8,181.40001,5.6
1959,7,16,19.800001,188.40001,41.4,68.200005,88.5,78.4,65.700005,150.1,19.0
1959,8,16,21.300001,122.0,9.7,76.200005,58.0,39.3,67.1,153.5,2.2
1959,9,16,32.100002,90.9,53.5,64.8,64.4,25.6,22.2,74.3,3.6000001
1959,10,16,51.9,17.4,51.3,31.5,85.3,50.2,15.2,171.7,4.1
1959,11,16,15.5,12.900001,50.8,22.4,26.6,62.100002,66.9,128.90001,32.3
1959,12,16,21.0,6.5,46.0,24.0,37.600002,63.5,16.2,220.1,27.1
1960,1,16,23.9,3.8,26.5,29.6,45.3,35.7,25.4,100.4,6.2000003
1960,2,15,3.8,3.8,26.9,22.1,37.3,28.5,26.6,122.8,33.4
1960,3,16,3.9,20.0,10.2,16.800001,23.2,17.7,17.6,93.700005,28.7
1960,4,16,25.2,9.7,22.300001,17.800001,34.0,29.4,21.0,52.600002,44.5
1960,5,16,8.6,9.2,3.5,28.9,50.4,36.100002,21.4,120.5,58.3
1960,6,16,15.900001,96.8,65.0,49.600002,67.1,92.4,63.2,191.2,14.6
1960,7,16,41.100002,56.8,61.9,56.2,71.700005,115.0,61.100002,179.2,12.2
1960,8,16,47.3,116.4,53.7,54.7,92.5,133.90001,48.8,252.90001,10.0
1960,9,16,44.8,43.4,21.7,21.7,36.3,59.0,29.9,326.1,18.0
1960,10,16,25.5,35.4,52.3,10.5,25.800001,58.2,40.0,239.90001,4.1
1960,11,16,8.2,16.4,39.0,22.800001,18.800001,78.5,55.8,162.0,18.9
1960,12,16,6.3,1.8000001,57.100002,35.2,42.2,51.8,50.8,127.5,20.300001
1961,1,16,2.1000001,4.2000003,29.1,27.0,38.7,30.1,25.9,106.0,22.6
1961,2,15,12.5,8.3,26.5,25.2,85.6,32.3,11.2,93.9,7.9
1961,3,16,15.5,8.6,21.0,34.7,57.7,42.3,10.5,24.9,20.800001
1961,4,16,33.2,28.9,29.800001,18.2,24.6,10.1,16.4,162.6,36.4
1961,5,16,68.0,21.7,21.300001,38.0,35.8,41.3,83.700005,112.5,39.0
1961,6,16,19.800001,52.100002,45.5,79.200005,133.7,74.6,82.200005,163.5,20.1
1961,7,16,50.0,148.6,62.3,84.3,93.700005,133.0,47.9,158.40001,11.900001
1961,8,16,86.700005,161.90001,28.2,76.4,71.6,101.6,58.8,92.5,11.5
1961,9,16,7.6,65.5,56.7,40.100002,69.1,54.100002,39.8,45.8,7.5
1961,10,16,29.1,36.9,46.8,60.2,52.600002,51.4,27.2,121.5,4.3
1961,11,16,14.2,17.800001,30.6,46.2,77.6,38.8,23.7,124.1,15.8
1961,12,16,10.3,7.5,6.0,38.100002,54.4,47.4,16.9,124.6,19.6
1962,1,16,16.1,7.8,17.0,33.2,59.4,48.3,5.0,128.90001,4.4
1962,2,15,22.9,9.6,24.5,23.5,41.8,37.5,10.3,85.9,21.4
1962,3,16,7.4,5.6,10.900001,10.6,21.1,23.5,10.1,95.0,19.1
1962,4,16,16.6,38.600002,15.6,35.3,57.8,48.3,8.2,127.6,64.9
1962,5,16,10.900001,32.2,41.4,50.3,29.6,30.800001,16.0,145.5,21.300001
1962,6,16,38.600002,118.6,51.9,54.3,41.2,57.9,52.600002,93.0,23.800001
1962,7,16,54.600002,113.4,41.2,73.1,34.7,81.9,69.200005,58.8,29.300001
1962,8,16,53.600002,51.9,10.900001,47.100002,55.3,82.3,51.7,86.3,22.0
1962,9,16,20.9,53.100002,19.5,36.8,79.0,62.9,30.9,71.9,27.0
1962,10,16,18.2,13.1,31.2,50.8,111.4,41.2,36.9,48.600002,3.3
1962,11,16,21.6,6.5,22.300001,30.2,48.100002,24.0,24.7,106.6,23.300001
1962,12,16,36.3,13.6,45.100002,25.5,69.200005,46.4,25.800001,118.200005,15.0
1963,1,16,30.5,6.4,31.7,27.800001,58.7,28.2,12.5,93.1,3.3
1963,2,15,25.800001,10.0,16.800001,26.0,37.2,17.2,21.7,63.0,20.0
1963,3,16,20.6,8.900001,11.900001,12.7,24.1,34.4,11.7,139.5,63.3
1963,4,16,18.7,30.7,19.6,16.6,40.7,24.1,21.2,112.5,26.0
1963,5,16,2.3,52.0,18.0,22.4,39.5,42.2,31.0,100.6,28.4
1963,6,16,20.5,104.6,71.3,52.5,35.4,58.2,51.9,250.1,5.5
1963,7,16,64.0,134.7,76.9,63.2,101.3,84.200005,61.9,147.90001,11.3
1963,8,16,39.0,69.3,56.0,53.9,59.7,71.8,42.0,227.3,9.1
1963,9,16,2.6000001,68.3,34.7,60.100002,106.1,59.4,24.6,157.0,3.0
1963,10,16,38.9,46.9,29.4,35.600002,58.5,38.5,24.300001,72.8,5.6
1963,11,16,19.6,16.9,32.600002,49.8,39.4,50.4,43.5,255.1,21.800001
1963,12,16,13.1,15.5,17.5,31.0,66.6,33.9,15.5,41.100002,24.800001
1964,1,16,20.4,6.9,7.8,33.5,134.7,25.4,1.6,16.7,28.2
1964,2,15,17.1,2.9,23.7,18.300001,40.2,37.0,5.2000003,54.3,32.2
1964,3,16,2.8,3.9,24.9,5.2000003,18.6,5.7000003,27.6,138.6,25.7
1964,4,16,6.9,15.7,6.3,31.2,35.0,19.5,46.100002,120.5,66.6
1964,5,16,7.0,71.1,34.100002,37.0,45.100002,26.1,29.800001,143.6,26.0
1964,6,16,26.7,62.9,87.8,62.9,50.8,110.6,33.600002,138.8,30.6
1964,7,16,51.2,77.8,46.2,81.0,72.1,86.4,68.700005,109.8,22.4
1964,8,16,22.2,70.6,28.1,93.5,112.3,126.5,88.9,133.1,13.3
1964,9,16,17.7,53.9,20.6,79.700005,63.4,70.200005,17.7,96.9,8.6
1964,10,16,24.9,27.7,23.0,33.600002,69.200005,50.8,9.8,141.5,6.5
1964,11,16,15.8,9.900001,34.600002,28.1,94.4,44.5,11.5,79.700005,2.4
1964,12,16,18.4,6.6,39.0,35.7,68.3,46.5,41.3,73.6,36.3
1965,1,16,11.7,7.5,36.100002,26.7,57.5,56.8,16.7,87.4,29.800001
1965,2,15,4.4,5.8,11.3,36.7,64.6,46.5,3.0,23.2,47.9
1965,3,16,8.1,7.2000003,10.900001,36.7,74.0,31.1,16.0,116.3,36.7
1965,4,16,11.900001,27.6,26.800001,15.2,38.7,32.100002,19.4,91.4,44.7
1965,5,16,32.5,27.800001,24.300001,23.1,42.2,17.6,15.900001,155.2,45.100002
1965,6,16,10.0,100.700005,64.1,69.5,42.600002,67.1,55.2,155.2,8.1
1965,7,16,44.9,90.8,26.800001,81.0,70.5,84.8,35.600002,238.7,24.300001
1965,8,16,79.9,78.700005,89.8,95.4,61.7,54.7,47.0,184.0,42.2
1965,9,16,16.800001,31.0,69.0,42.3,47.100002,69.3,40.4,264.5,5.8
1965,10,16,23.0,33.600002,36.0,54.8,80.1,41.100002,35.9,32.600002,9.7
1965,11,16,8.7,7.3,23.4,30.9,39.4,39.100002,30.300001,159.1,27.2
1965,12,16,35.3,7.3,33.8,33.5,47.5,45.2,14.5,147.2,21.0
1966,1,16,0.5,6.9,20.4,15.1,34.5,30.2,28.4,53.2,3.2
1966,2,15,7.6,6.7000003,23.1,23.5,30.7,41.0,22.0,158.7,43.3
1966,3,16,34.4,34.8,29.2,22.6,56.7,57.7,28.800001,66.9,107.200005
1966,4,16,3.7,25.6,17.800001,25.800001,21.1,36.100002,38.9,165.2,38.3
1966,5,16,25.1,33.3,20.1,38.600002,58.9,42.8,42.5,112.1,43.600002
1966,6,16,13.7,83.700005,59.3,52.7,38.0,28.800001,66.9,97.5,10.7
1966,7,16,20.5,107.9,60.100002,71.1,88.9,115.1,64.3,174.0,23.1
1966,8,16,15.6,161.0,90.200005,65.5,73.8,96.5,43.5,195.40001,12.2
1966,9,16,44.5,93.9,60.4,65.0,70.9,72.700005,50.3,107.6,30.0
1966,10,16,17.2,48.8,58.9,67.1,62.2,38.9,25.0,167.40001,32.8
1966,11,16,7.5,16.9,52.0,30.5,37.4,25.800001,38.7,140.0,2.1000001
1966,12,16,29.300001,9.8,53.4,20.5,61.4,83.200005,27.6,114.0,12.1
1967,1,16,36.9,5.8,17.2,25.7,51.3,42.9,3.5,48.3,18.800001
1967,2,15,4.9,6.6,7.9,21.6,38.4,38.0,9.2,91.9,47.600002
1967,3,16,14.5,17.300001,18.5,41.0,63.100002,38.8,9.3,126.0,29.4
1967,4,16,7.6,48.4,18.4,18.9,39.100002,23.0,12.7,72.6,25.5
1967,5,16,30.2,121.9,17.4,24.6,20.0,64.3,63.9,151.6,131.0
1967,6,16,39.0,88.9,80.1,44.5,64.5,49.8,81.8,93.1,28.800001
1967,7,16,27.4,101.3,18.5,68.3,112.9,71.6,75.3,136.5,4.4
1967,8,16,33.8,88.5,59.5,62.0,100.6,81.1,90.0,170.2,7.8
1967,9,16,19.300001,70.5,37.7,34.100002,43.2,24.2,25.9,143.2,10.5
1967,10,16,34.4,38.9,18.4,91.3,86.8,82.4,22.800001,76.700005,20.7
1967,11,16,13.900001,10.400001,18.6,37.7,62.100002,48.9,21.5,126.8,15.6
1967,12,16,25.800001,4.2000003,23.0,24.9,44.5,85.6,8.7,67.3,28.5
1968,1,16,41.3,6.8,10.0,21.2,40.600002,40.4,9.1,134.6,15.2
1968,2,15,13.6,7.2000003,2.9,21.4,58.9,23.2,5.1,134.2,10.0
1968,3,16,15.8,18.2,18.800001,27.0,70.0,33.9,29.6,52.100002,25.1
1968,4,16,3.8,32.4,44.9,39.600002,60.3,27.2,12.8,101.6,48.2
1968,5,16,11.2,79.3,34.100002,23.4,30.4,52.600002,53.2,126.5,72.0
1968,6,16,3.8,40.9,43.3,69.4,88.8,54.100002,30.300001,118.200005,5.6
1968,7,16,6.6,120.200005,55.9,33.600002,61.2,19.1,51.2,154.8,27.300001
1968,8,16,23.9,76.3,48.9,61.7,82.8,23.6,65.5,263.1,18.6
1968,9,16,13.400001,41.100002,57.0,23.9,25.5,40.600002,50.7,218.1,1.6
1968,10,16,33.8,34.7,30.6,60.8,57.5,67.1,31.5,51.9,15.8
1968,11,16,7.4,16.4,25.1,28.2,51.2,28.0,49.0,185.7,19.300001
1968,12,16,9.2,15.5,22.5,37.0,62.100002,35.4,25.4,99.8,33.7
1969,1,16,6.3,9.6,9.5,20.7,32.100002,34.5,5.9,77.700005,41.3
1969,2,15,10.8,5.2000003,5.2000003,8.900001,17.2,19.0,3.5,82.9,31.2
1969,3,16,6.0,5.4,8.400001,23.2,41.0,20.800001,10.6,60.600002,35.8
1969,4,16,4.3,28.4,13.1,16.2,46.8,42.3,26.5,128.0,67.6
1969,5,16,14.2,21.9,11.2,18.300001,38.0,34.100002,39.3,140.3,21.800001
1969,6,16,15.5,96.9,36.100002,26.800001,30.4,23.1,58.600002,188.0,18.4
1969,7,16,22.1,88.8,12.1,60.5,78.1,96.200005,64.0,141.40001,6.4
1969,8,16,84.1,38.100002,22.4,40.100002,54.4,43.3,66.5,173.3,8.3
1969,9,16,4.7000003,46.4,40.7,49.600002,61.2,78.6,38.9,119.9,14.7
1969,10,16,9.400001,25.800001,21.2,34.100002,102.3,47.5,35.5,8.5,23.9
1969,11,16,12.8,17.300001,40.8,39.9,37.2,55.2,19.1,137.90001,8.400001
1969,12,16,19.9,6.2000003,21.7,14.1,39.3,20.9,11.7,56.0,2.1000001
1970,1,16,6.3,3.0,15.7,21.1,27.2,19.2,3.0,106.200005,12.400001
1970,2,15,9.3,4.9,14.1,20.800001,43.0,17.0,9.8,155.2,11.400001
1970,3,16,13.3,9.900001,2.8,25.0,32.600002,38.8,9.1,114.4,26.6
1970,4,16,7.8,49.0,37.8,18.0,35.9,40.5,37.600002,149.8,61.7
1970,5,16,14.400001,49.100002,33.9,16.6,22.800001,28.800001,39.2,100.4,38.0
1970,6,16,45.5,92.5,58.0,26.300001,41.9,24.0,45.100002,147.3,12.1
1970,7,16,20.7,73.1,78.700005,95.8,97.700005,143.90001,110.5,99.200005,24.300001
1970,8,16,39.8,114.6,96.0,43.0,58.5,27.6,48.2,208.5,8.3
1970,9,16,31.7,24.7,30.1,96.5,53.3,91.5,75.5,71.0,19.800001
1970,10,16,36.8,26.7,30.4,32.3,70.3,79.9,35.0,78.6,25.7
1970,11,16,21.300001,11.3,21.9,22.9,49.5,50.8,20.4,145.3,2.6000001
1970,12,16,15.5,8.2,15.400001,21.1,62.9,29.300001,16.1,71.6,8.8
1971,1,16,5.2000003,4.5,10.2,35.100002,78.200005,42.9,12.5,94.700005,3.2
1971,2,15,10.3,1.9,11.7,25.800001,56.7,42.4,9.2,58.600002,42.7
1971,3,16,9.7,9.0,9.400001,18.4,30.0,30.9,11.400001,109.4,24.2
1971,4,16,5.9,22.4,26.7,25.300001,45.100002,22.9,23.5,87.8,35.9
1971,5,16,1.4,19.4,16.5,8.6,31.5,46.600002,27.1,155.90001,8.6
1971,6,16,7.2000003,92.8,19.2,20.0,30.300001,76.0,22.300001,244.0,16.0
1971,7,16,30.1,48.7,19.2,72.6,92.3,88.8,56.9,108.5,10.2
1971,8,16,47.3,131.7,15.2,75.3,126.1,36.600002,32.100002,181.0,7.5
1971,9,16,20.800001,44.9,29.0,58.7,44.9,74.9,52.0,57.3,19.7
1971,10,16,65.3,23.6,22.800001,35.600002,84.8,67.3,18.4,26.1,4.4
1971,11,16,17.2,10.1,16.5,35.2,68.6,63.8,9.6,173.5,1.3000001
1971,12,16,9.2,4.9,24.5,24.9,74.8,50.5,27.800001,48.3,3.5
1972,1,16,13.5,3.4,21.800001,8.400001,15.8,11.1,9.6,83.9,22.5
1972,2,15,11.400001,10.1,5.3,13.5,32.0,18.4,4.0,127.5,34.0
1972,3,16,13.2,12.3,8.1,25.800001,56.600002,31.2,8.6,87.6,74.6
1972,4,16,25.5,27.5,29.1,37.0,42.9,38.8,32.2,141.3,26.1
1972,5,16,8.1,21.9,37.7,29.5,24.1,42.600002,54.8,109.8,99.1
1972,6,16,47.600002,89.9,11.8,45.0,63.5,86.5,55.600002,163.5,21.5
1972,7,16,17.1,98.5,16.6,73.4,88.6,81.9,70.200005,135.2,18.1
1972,8,16,44.3,102.200005,74.9,56.7,77.0,54.3,37.600002,93.0,16.800001
1972,9,16,39.5,25.9,53.8,58.9,124.5,59.0,27.5,172.6,17.2
1972,10,16,32.100002,28.6,40.8,43.8,86.9,34.5,34.600002,82.3,7.3
1972,11,16,24.5,6.8,20.5,40.4,99.200005,58.3,43.2,170.7,5.8
1972,12,16,34.600002,11.400001,19.2,28.7,79.5,35.7,27.5,77.6,26.300001
1973,1,16,24.1,10.6,11.5,37.7,79.5,31.2,4.3,75.1,57.9
1973,2,15,6.2000003,5.8,14.8,23.1,50.8,34.7,15.900001,45.8,34.100002
1973,3,16,5.6,2.2,15.0,21.9,77.3,26.5,3.8,14.5,106.700005
1973,4,16,12.5,14.400001,8.1,31.5,59.2,61.600002,14.2,108.4,63.9
1973,5,16,21.800001,29.9,28.7,33.600002,42.4,53.100002,40.3,92.4,34.7
1973,6,16,25.6,115.3,65.8,61.0,61.8,55.8,63.9,223.0,2.5
1973,7,16,35.2,60.4,28.6,31.4,73.9,120.0,53.4,213.90001,14.900001
1973,8,16,52.4,82.3,37.8,47.9,102.4,54.100002,75.6,103.6,22.5
1973,9,16,11.3,97.6,44.9,26.800001,29.6,72.0,39.100002,157.5,9.900001
1973,10,16,34.600002,40.4,35.7,25.800001,52.8,38.8,24.2,109.0,7.5
1973,11,16,11.400001,12.5,18.800001,51.8,62.3,50.5,25.7,52.9,1.8000001
1973,12,16,8.2,6.8,21.1,38.100002,73.5,64.700005,7.6,111.0,5.8
1974,1,16,40.3,9.7,14.0,23.7,58.8,28.2,7.6,66.3,41.100002
1974,2,15,8.2,4.3,20.800001,50.2,58.7,36.4,9.7,142.7,39.4
1974,3,16,1.2,2.6000001,16.7,6.7000003,10.1,10.0,16.7,79.9,36.9
1974,4,16,3.8,15.7,18.2,11.900001,50.8,22.300001,49.5,92.4,18.7
1974,5,16,5.6,24.800001,26.6,18.0,24.4,21.9,15.1,123.3,65.1
1974,6,16,13.400001,106.0,62.100002,70.700005,54.3,53.3,37.5,168.8,50.2
1974,7,16,32.7,128.0,62.7,117.8,115.9,146.7,32.0,88.3,19.5
1974,8,16,36.3,89.0,50.4,98.5,84.4,62.7,29.2,124.200005,16.7
1974,9,16,31.6,44.8,26.9,82.6,79.8,59.7,43.100002,156.0,18.2
1974,10,16,39.100002,21.2,46.100002,27.0,23.800001,43.2,28.7,139.40001,1.2
1974,11,16,37.3,6.3,14.8,23.1,27.800001,45.5,14.0,143.3,4.6
1974,12,16,27.300001,4.7000003,20.4,34.3,47.100002,51.600002,6.4,64.0,31.5
1975,1,16,10.5,6.9,30.800001,34.2,76.200005,70.700005,10.8,141.8,20.300001
1975,2,15,15.3,3.6000001,7.7000003,22.5,93.700005,22.0,5.5,41.3,21.0
1975,3,16,5.2000003,13.7,21.5,18.800001,38.0,15.400001,18.4,121.6,43.0
1975,4,16,26.4,25.6,11.1,16.0,26.6,26.2,80.200005,116.1,47.100002
1975,5,16,5.8,117.6,42.0,71.700005,93.6,53.4,22.9,204.0,59.4
1975,6,16,18.7,108.5,53.9,56.7,69.0,47.100002,46.2,162.7,8.0
1975,7,16,18.1,101.0,39.100002,60.0,70.0,43.600002,39.3,99.1,20.2
1975,8,16,25.0,142.0,72.9,48.3,73.700005,47.5,37.100002,181.3,43.5
1975,9,16,35.0,49.7,19.9,72.3,93.3,90.9,55.3,173.1,5.1
1975,10,16,19.4,34.3,52.2,46.4,111.200005,54.100002,18.5,81.6,6.5
1975,11,16,38.8,14.2,19.4,23.9,60.100002,29.9,17.2,170.6,9.8
1975,12,16,9.0,6.5,11.1,40.4,134.0,94.6,4.8,39.4,18.1
1976,1,16,14.0,3.6000001,4.8,28.6,52.4,54.3,10.8,29.9,44.2
1976,2,15,6.3,12.900001,7.5,13.6,61.0,34.7,12.6,58.600002,40.0
1976,3,16,12.8,1.7,11.3,15.2,26.0,17.6,13.0,26.2,24.5
1976,4,16,5.6,7.4,12.0,14.7,32.8,26.800001,37.0,91.8,20.0
1976,5,16,37.4,17.2,27.9,20.6,22.7,16.0,60.0,67.6,18.300001
1976,6,16,21.9,127.5,29.9,39.7,23.4,75.1,57.5,76.1,21.300001
1976,7,16,27.4,82.8,54.9,70.5,74.700005,70.9,73.1,177.0,6.6
1976,8,16,25.9,86.700005,76.700005,38.100002,47.7,27.6,60.600002,156.6,57.4
1976,9,16,32.7,63.600002,29.1,37.2,46.4,49.0,25.5,257.1,10.0
1976,10,16,35.7,21.6,52.3,23.800001,39.8,32.3,72.4,230.8,11.6
1976,11,16,34.4,11.2,50.4,45.8,77.0,51.8,12.7,127.200005,4.1
1976,12,16,13.3,3.2,13.0,14.7,30.4,47.3,17.0,114.0,14.400001
1977,1,16,24.1,3.6000001,19.1,34.8,58.7,56.3,4.0,178.8,30.1
1977,2,15,27.4,3.8,7.6,15.2,25.5,28.1,13.400001,151.5,5.1
1977,3,16,3.4,7.7000003,11.400001,37.100002,80.3,27.2,8.8,136.8,11.7
1977,4,16,20.6,11.900001,16.300001,43.100002,44.7,50.9,12.3,201.0,29.6
1977,5,16,10.8,47.0,19.0,31.6,46.9,33.3,47.100002,179.6,27.4
1977,6,16,49.8,75.200005,35.9,86.4,71.200005,66.5,40.2,128.2,4.3
1977,7,16,10.3,170.2,53.7,82.3,81.1,85.0,54.3,254.8,4.1
1977,8,16,41.600002,88.700005,13.2,32.2,71.700005,52.2,44.4,279.80002,13.900001
1977,9,16,15.8,89.3,35.8,37.7,54.600002,40.7,34.600002,38.100002,12.3
1977,10,16,42.2,31.7,32.3,44.8,64.1,38.9,26.0,156.7,21.7
1977,11,16,22.800001,12.400001,37.9,42.4,48.8,41.5,41.8,100.0,11.0
1977,12,16,10.400001,6.1,13.400001,17.2,59.7,41.5,25.6,97.0,34.4
1978,1,16,10.1,5.5,16.2,27.300001,68.4,47.0,10.5,179.8,11.900001
1978,2,15,5.8,4.9,14.8,31.7,43.600002,17.2,11.900001,166.0,11.400001
1978,3,16,28.6,14.0,16.9,25.4,28.7,46.9,16.300001,126.700005,35.3
1978,4,16,1.4,8.5,16.9,28.4,30.7,33.5,25.4,120.4,13.3
1978,5,16,4.6,31.2,15.5,5.6,34.9,23.2,23.2,173.1,52.600002
1978,6,16,21.4,82.200005,32.2,19.300001,39.5,86.8,28.2,186.8,11.3
1978,7,16,23.2,130.1,51.9,67.700005,54.9,57.7,65.8,129.6,44.100002
1978,8,16,36.100002,52.3,52.600002,81.4,77.9,75.4,44.0,153.7,14.6
1978,9,16,30.300001,32.3,19.300001,48.3,71.9,72.1,23.6,54.9,5.2000003
1978,10,16,42.7,28.6,25.0,47.9,68.700005,39.4,13.3,94.4,2.4
1978,11,16,16.300001,15.5,11.400001,24.1,77.5,44.8,6.8,23.2,42.7
1978,12,16,6.0,7.6,14.6,20.9,36.600002,21.9,31.300001,139.90001,8.6
1979,1,16,10.8,8.3,17.7,19.300001,28.7,22.1,27.6,138.90001,10.6
1979,2,15,2.8,6.4,18.9,28.300001,53.0,23.5,11.6,111.4,8.8
1979,3,16,14.3,3.9,25.1,19.0,27.9,33.3,5.4,209.6,37.0
1979,4,16,18.6,11.2,6.8,19.5,24.800001,35.9,25.4,103.9,91.9
1979,5,16,23.0,74.5,54.3,57.7,80.3,50.4,24.1,86.0,47.8
1979,6,16,17.7,75.9,16.0,53.3,67.200005,70.9,37.4,168.1,9.5
1979,7,16,11.3,129.2,17.7,35.0,69.9,126.8,67.0,104.0,6.8
1979,8,16,43.7,125.5,31.6,51.600002,88.4,70.5,55.0,235.0,69.8
1979,9,16,28.2,57.9,44.4,66.3,72.3,74.9,46.3,137.0,6.2000003
1979,10,16,21.2,33.8,24.800001,33.8,58.600002,51.100002,37.4,236.1,0.8
1979,11,16,27.6,11.3,39.600002,38.3,44.4,57.4,28.5,138.2,13.3
1979,12,16,20.300001,11.2,62.7,36.5,64.0,41.2,10.1,182.40001,15.3
1980,1,16,6.6,8.2,1.1,19.7,41.0,18.1,7.8,130.7,12.8
1980,2,15,10.5,4.6,12.5,9.6,25.9,15.1,3.8,54.4,52.3
1980,3,16,20.0,3.8,20.4,21.1,25.4,27.6,11.3,137.90001,39.2
1980,4,16,37.3,8.0,9.5,20.5,28.9,31.0,29.2,43.100002,23.300001
1980,5,16,22.5,43.5,31.2,29.1,46.9,43.2,48.4,149.3,56.5
1980,6,16,4.7000003,79.5,11.8,45.5,65.4,84.700005,47.5,223.8,13.3
1980,7,16,47.4,134.90001,81.0,15.3,25.800001,56.100002,54.3,160.0,31.4
1980,8,16,51.100002,94.700005,15.7,42.600002,71.3,74.9,44.100002,133.2,69.6
1980,9,16,29.7,36.100002,40.5,43.8,53.100002,67.3,13.2,68.6,18.800001
1980,10,16,46.100002,4.7000003,21.300001,50.2,50.7,76.8,13.0,247.8,5.7000003
1980,11,16,22.0,9.2,35.5,44.4,61.7,38.600002,90.3,80.0,10.3
1980,12,16,24.300001,10.400001,13.2,35.4,44.5,46.5,29.300001,42.5,9.1
1981,1,16,24.0,3.0,11.400001,35.2,123.3,51.7,9.0,79.200005,18.5
1981,2,15,8.900001,5.1,21.6,12.3,22.6,32.600002,7.7000003,19.800001,33.3
1981,3,16,10.6,7.1,10.6,28.5,50.100002,48.5,12.3,174.5,65.8
1981,4,16,6.8,27.4,18.2,26.0,48.9,24.800001,54.100002,60.9,111.5
1981,5,16,6.9,54.3,35.4,22.9,20.9,22.1,11.5,195.3,36.9
1981,6,16,16.800001,103.200005,41.7,99.8,64.5,108.0,41.9,102.1,29.6
1981,7,16,65.700005,166.3,13.7,110.8,137.5,106.0,52.4,253.8,26.0
1981,8,16,39.8,93.0,39.100002,65.9,108.200005,62.5,86.6,76.700005,9.6
1981,9,16,39.8,70.5,64.3,43.0,54.3,22.9,38.8,256.0,5.7000003
1981,10,16,46.7,16.5,40.600002,70.1,68.3,61.9,34.7,201.8,14.3
1981,11,16,25.300001,10.5,26.0,35.2,29.2,61.600002,18.300001,52.600002,14.7
1981,12,16,26.0,11.3,25.1,26.0,38.4,38.9,15.900001,216.90001,4.1
1982,1,16,1.0,1.9,2.9,16.300001,67.9,33.600002,10.6,91.200005,6.8
1982,2,15,17.5,10.1,19.300001,11.5,41.4,26.4,4.7000003,35.2,20.0
1982,3,16,13.2,7.3,15.1,21.0,56.7,47.9,19.0,102.0,17.7
1982,4,16,17.6,25.6,18.0,45.5,66.1,39.100002,27.0,35.3,19.2
1982,5,16,31.4,31.800001,8.400001,61.600002,57.3,54.3,44.7,103.0,12.8
1982,6,16,26.300001,53.5,31.4,44.0,38.600002,11.7,56.100002,162.7,24.9
1982,7,16,26.300001,93.9,11.7,70.8,76.6,57.2,71.1,167.6,10.3
1982,8,16,45.100002,95.4,32.0,81.8,76.700005,73.200005,67.4,243.8,4.9
1982,9,16,38.9,44.5,87.5,83.6,95.200005,72.4,26.2,113.5,5.5
1982,10,16,46.0,24.6,40.2,31.300001,48.9,26.7,17.6,205.1,35.600002
1982,11,16,15.8,4.1,7.6,37.8,65.1,49.9,33.3,124.1,55.0
1982,12,16,11.5,5.6,31.800001,24.2,65.8,42.5,26.4,128.7,42.0
1983,1,16,19.300001,8.400001,18.300001,37.0,58.600002,58.100002,6.3,71.0,23.1
1983,2,15,12.2,2.9,3.5,20.300001,55.4,14.6,7.8,53.600002,5.0
1983,3,16,4.0,2.6000001,15.8,33.100002,42.2,45.4,8.8,108.0,56.3
1983,4,16,12.1,16.6,15.2,27.7,19.4,54.2,36.100002,165.90001,19.5
1983,5,16,3.6000001,22.6,25.4,38.8,43.9,56.4,50.9,268.80002,10.8
1983,6,16,7.7000003,59.100002,12.8,58.600002,63.2,50.0,64.200005,105.1,30.0
1983,7,16,23.0,100.200005,28.0,77.200005,153.3,62.600002,54.9,47.4,23.2
1983,8,16,30.0,124.1,56.5,35.9,124.9,56.8,60.2,146.8,14.8
1983,9,16,30.1,50.100002,23.2,40.2,81.5,137.2,50.100002,156.7,3.1000001
1983,10,16,26.7,13.7,27.800001,73.1,90.5,70.3,24.9,55.5,1.0
1983,11,16,21.300001,12.6,28.9,44.600002,97.4,42.5,24.1,80.0,2.0
1983,12,16,5.1,5.0,16.300001,30.1,91.1,66.9,26.7,142.2,5.3
1984,1,16,15.900001,4.0,16.6,34.5,43.0,34.3,11.8,87.8,5.1
1984,2,15,4.8,2.8,23.6,19.2,44.2,26.7,10.8,100.8,12.5
1984,3,16,12.5,8.7,4.6,24.0,28.4,32.600002,9.900001,81.8,35.3
1984,4,16,10.1,15.1,11.0,28.5,39.2,16.4,23.300001,86.8,29.5
1984,5,16,4.9,66.6,23.2,29.1,44.8,34.8,33.600002,258.2,88.700005
1984,6,16,11.1,120.4,27.4,61.0,69.0,71.4,82.700005,119.0,11.3
1984,7,16,27.5,103.6,17.6,109.9,100.8,43.3,113.9,58.4,18.6
1984,8,16,52.4,106.5,47.4,45.4,85.200005,66.9,72.200005,166.0,19.7
1984,9,16,5.5,68.1,18.7,31.7,44.4,100.5,64.8,268.9,17.800001
1984,10,16,11.3,38.3,16.800001,41.100002,63.7,105.3,24.9,108.8,3.1000001
1984,11,16,4.5,6.7000003,10.2,23.9,36.9,45.7,31.1,99.3,14.3
1984,12,16,7.4,7.9,19.800001,19.0,29.300001,34.5,9.0,91.0,20.5
1985,1,16,11.900001,3.9,7.0,18.1,55.7,47.7,9.1,154.40001,12.900001
1985,2,15,12.3,11.2,7.7000003,9.400001,20.800001,46.0,8.900001,64.0,4.6
1985,3,16,4.6,11.6,22.9,40.8,31.4,34.5,3.4,145.6,19.7
1985,4,16,12.8,42.4,15.0,18.1,24.9,39.3,13.1,114.8,17.300001
1985,5,16,16.2,40.2,20.6,33.8,23.1,42.600002,43.0,247.8,42.0
1985,6,16,14.2,87.3,33.0,39.0,60.0,53.5,58.600002,218.90001,12.0
1985,7,16,25.7,141.7,70.700005,32.9,89.8,117.0,60.7,86.9,16.300001
1985,8,16,14.2,65.6,40.7,69.9,109.200005,103.200005,52.100002,157.2,22.2
1985,9,16,33.7,14.7,58.3,80.0,112.0,99.4,23.0,61.5,2.2
1985,10,16,25.2,21.2,21.2,67.9,143.5,54.0,31.2,20.6,15.1
1985,11,16,12.6,11.5,30.6,37.4,54.100002,53.9,30.7,135.0,3.4
1985,12,16,12.900001,7.4,12.8,28.300001,40.3,62.5,8.0,82.200005,83.200005
1986,1,16,9.6,3.6000001,26.300001,27.300001,30.7,39.9,5.8,199.6,5.2000003
1986,2,15,19.9,5.3,18.5,11.7,39.4,12.0,4.5,69.6,28.1
1986,3,16,5.5,2.7,16.1,20.2,48.7,24.5,12.8,86.1,37.9
1986,4,16,12.5,20.300001,12.400001,31.0,47.600002,38.600002,12.900001,245.90001,36.600002
1986,5,16,18.7,38.0,13.0,34.4,64.6,54.5,28.1,170.2,17.5
1986,6,16,17.7,91.4,27.0,24.5,51.9,46.100002,82.9,126.5,28.800001
1986,7,16,17.300001,55.9,80.700005,62.4,77.8,99.5,54.5,129.8,32.2
1986,8,16,47.3,91.3,59.2,96.700005,41.100002,87.5,63.600002,233.1,56.8
1986,9,16,22.7,51.0,50.4,36.4,56.100002,73.8,37.3,95.0,16.4
1986,10,16,23.7,16.0,20.5,35.4,82.9,39.0,37.100002,78.700005,0.6
1986,11,16,9.8,12.6,26.2,38.3,69.4,50.8,23.0,71.200005,66.3
1986,12,16,28.7,5.2000003,6.1,14.400001,25.4,71.0,31.300001,71.0,50.600002
1987,1,16,14.2,2.5,16.1,10.1,36.8,46.5,12.3,85.0,3.8
1987,2,15,15.0,5.7000003,12.6,46.3,61.3,52.9,10.8,145.1,14.6
1987,3,16,5.5,8.0,16.1,30.5,31.4,25.300001,6.7000003,68.6,22.7
1987,4,16,11.2,18.6,5.7000003,14.7,32.600002,32.0,34.4,112.200005,77.3
1987,5,16,35.2,40.5,18.4,32.7,68.3,61.5,73.4,150.2,28.2
1987,6,16,0.0,41.7,45.100002,67.6,72.9,127.4,54.600002,246.7,51.4
1987,7,16,19.7,100.200005,30.7,54.8,56.5,83.9,66.5,209.40001,16.4
1987,8,16,66.3,102.8,39.0,82.700005,90.0,96.9,57.8,162.8,6.2000003
1987,9,16,22.300001,58.100002,3.3,40.9,31.6,89.200005,47.100002,138.8,4.3
1987,10,16,9.7,24.0,21.2,18.0,60.600002,49.600002,56.0,143.2,54.5
1987,11,16,37.7,9.6,14.6,16.2,60.9,48.4,35.100002,107.700005,1.8000001
1987,12,16,25.300001,5.5,13.7,18.5,89.5,68.4,20.800001,66.700005,21.0
1988,1,16,5.1,3.6000001,20.1,31.0,47.100002,44.8,18.7,146.40001,23.9
1988,2,15,8.6,4.2000003,7.4,23.4,38.7,61.600002,8.400001,85.9,37.100002
1988,3,16,12.0,8.3,14.400001,17.0,18.300001,39.0,3.5,164.2,53.600002
1988,4,16,8.2,46.9,23.9,28.0,51.3,33.5,20.4,72.200005,19.5
1988,5,16,35.2,34.4,6.8,33.9,24.9,29.5,40.2,170.2,6.0
1988,6,16,3.7,101.4,32.5,30.0,34.4,32.8,58.7,177.40001,44.0
1988,7,16,22.5,145.40001,46.100002,96.4,99.1,100.700005,74.200005,122.0,16.2
1988,8,16,53.7,118.4,86.200005,69.700005,67.0,76.4,60.0,172.1,30.1
1988,9,16,16.2,33.5,35.8,50.3,91.8,91.9,24.300001,75.6,8.900001
1988,10,16,33.100002,48.9,23.800001,48.100002,70.200005,31.2,34.2,209.90001,9.1
1988,11,16,18.800001,10.2,13.5,38.7,81.6,41.0,13.5,35.9,0.5
1988,12,16,12.7,7.8,7.1,29.2,69.0,61.4,38.2,124.0,28.4
1989,1,16,15.2,4.0,1.5,47.100002,115.700005,65.0,15.900001,7.2000003,8.3
1989,2,15,18.2,8.400001,8.1,32.100002,91.700005,57.9,5.7000003,96.200005,16.2
1989,3,16,4.4,11.3,28.1,40.100002,42.2,42.4,4.3,63.100002,12.3
1989,4,16,2.0,10.3,17.6,28.4,54.7,42.3,15.5,289.6,17.9
1989,5,16,17.1,78.6,31.5,54.9,68.4,54.5,31.6,76.200005,66.6
1989,6,16,18.5,52.8,33.4,70.0,45.3,42.7,64.3,96.4,13.2
1989,7,16,58.9,64.0,50.7,95.1,98.700005,53.9,70.1,183.3,32.0
1989,8,16,34.7,103.5,53.7,51.4,63.0,123.1,33.7,155.3,34.600002
1989,9,16,54.7,64.700005,39.600002,49.9,79.700005,35.9,32.600002,70.3,4.6
1989,10,16,39.2,21.800001,44.100002,22.6,51.5,30.0,12.900001,63.9,7.3
1989,11,16,12.2,11.3,46.8,34.8,59.9,41.4,19.0,67.9,19.5
1989,12,16,11.6,4.0,20.7,30.300001,114.1,52.5,36.9,102.1,14.0
1990,1,16,18.2,3.9,12.1,30.1,76.3,63.600002,11.8,43.2,44.7
1990,2,15,9.6,6.6,14.0,39.0,102.3,42.0,9.7,161.90001,28.9
1990,3,16,21.800001,12.7,35.2,18.4,60.8,46.2,10.2,42.7,33.5
1990,4,16,13.3,22.9,27.1,10.5,31.800001,54.9,18.4,165.3,30.6
1990,5,16,0.0,39.7,27.2,21.1,55.100002,23.800001,18.800001,125.700005,8.400001
1990,6,16,14.8,81.8,42.8,49.100002,57.7,45.100002,59.5,255.7,25.800001
1990,7,16,54.2,139.2,21.1,59.0,78.3,119.5,65.700005,87.700005,11.5
1990,8,16,10.5,61.100002,20.5,64.0,83.1,69.1,93.5,109.200005,15.5
1990,9,16,32.4,28.300001,34.600002,13.3,28.2,82.200005,24.5,122.4,2.0
1990,10,16,27.7,58.3,30.5,28.800001,69.9,31.2,8.2,197.0,5.2000003
1990,11,16,23.2,24.800001,18.4,29.2,52.0,42.5,28.9,129.1,1.9
1990,12,16,12.6,9.6,15.400001,32.7,74.3,52.7,27.6,97.5,86.4
1991,1,16,20.300001,7.7000003,6.5,24.6,98.700005,33.2,12.900001,82.9,40.5
1991,2,15,13.900001,6.9,12.5,9.400001,15.8,17.2,6.1,39.3,34.100002
1991,3,16,20.800001,3.9,13.400001,45.0,61.9,34.2,19.300001,118.5,37.600002
1991,4,16,6.1,14.0,14.900001,9.5,21.2,16.800001,8.3,77.5,30.800001
1991,5,16,19.0,35.7,6.5,36.7,54.600002,44.8,36.2,105.3,52.4
1991,6,16,30.5,111.0,28.300001,71.0,71.3,115.8,51.100002,175.2,10.1
1991,7,16,15.900001,58.2,57.600002,37.2,62.600002,52.3,64.1,109.8,14.1
1991,8,16,76.8,38.100002,77.6,55.7,54.7,53.8,70.5,20.4,9.2
1991,9,16,42.600002,32.0,3.6000001,58.4,85.3,73.200005,24.300001,203.0,20.5
1991,10,16,32.0,28.2,32.2,52.5,74.6,41.600002,36.5,93.3,2.4
1991,11,16,14.400001,12.7,44.100002,58.600002,88.4,37.5,44.3,100.5,5.9
1991,12,16,9.5,3.7,21.7,32.2,91.1,44.0,19.9,96.4,15.5
1992,1,16,24.300001,3.3,5.6,25.0,114.8,46.9,7.8,33.9,48.5
1992,2,15,16.1,4.2000003,21.0,30.6,59.100002,41.3,8.400001,65.4,20.7
1992,3,16,12.0,17.4,19.1,34.8,52.8,32.600002,11.400001,110.8,45.0
1992,4,16,28.6,22.6,10.8,25.800001,39.7,65.4,25.4,125.8,24.800001
1992,5,16,14.400001,51.7,22.800001,29.6,68.3,28.2,34.4,77.1,32.9
1992,6,16,15.7,65.5,35.0,74.5,41.5,33.100002,22.0,191.90001,6.2000003
1992,7,16,25.300001,107.0,52.7,122.0,123.3,115.200005,62.2,183.0,19.1
1992,8,16,30.5,85.0,21.9,105.0,66.9,113.200005,54.9,133.0,20.300001
1992,9,16,48.7,16.0,23.2,80.700005,53.3,36.600002,64.200005,153.3,15.5
1992,10,16,28.800001,32.7,38.9,16.7,41.5,43.3,7.3,216.5,10.2
1992,11,16,16.6,11.5,21.5,33.8,62.0,70.0,33.5,150.0,7.1
1992,12,16,20.0,3.3,11.8,52.100002,106.9,42.5,29.800001,126.5,16.2
1993,1,16,28.4,5.1,11.8,35.0,83.6,39.3,3.8,28.7,18.800001
1993,2,15,24.6,5.2000003,20.300001,18.4,71.5,35.3,12.8,34.4,13.400001
1993,3,16,7.7000003,19.6,13.400001,38.0,67.1,26.6,11.900001,51.8,40.5
1993,4,16,6.1,2.8,11.8,35.4,24.9,10.0,52.600002,131.1,6.6
1993,5,16,8.1,41.600002,25.7,44.4,65.0,53.100002,47.600002,108.8,37.600002
1993,6,16,3.7,43.5,14.3,93.8,60.4,77.3,75.8,162.1,32.600002
1993,7,16,27.2,84.5,79.1,58.3,95.0,150.5,78.8,183.6,31.1
1993,8,16,44.2,59.9,44.600002,39.3,94.4,107.1,44.4,117.4,7.0
1993,9,16,31.4,43.8,52.3,13.8,33.600002,35.4,38.5,291.80002,7.0
1993,10,16,28.800001,24.0,32.5,55.2,61.4,85.9,15.3,204.5,8.0
1993,11,16,15.5,6.4,26.0,8.1,16.4,13.6,21.300001,59.0,17.5
1993,12,16,4.2000003,6.3,22.1,35.0,82.200005,54.600002,15.6,121.9,4.7000003
1994,1,16,4.1,5.0,15.5,43.100002,69.8,67.9,13.900001,169.3,31.2
1994,2,15,22.5,9.7,13.7,11.6,25.6,5.5,8.6,75.4,31.9
1994,3,16,28.4,4.3,16.2,17.6,34.100002,30.1,5.9,41.8,41.7
1994,4,16,15.3,9.2,17.9,28.6,34.7,23.0,41.600002,127.1,36.0
1994,5,16,15.3,49.600002,26.1,29.0,28.300001,21.0,43.2,204.1,36.2
1994,6,16,29.6,74.0,42.5,57.7,76.9,91.9,65.9,115.700005,25.800001
1994,7,16,24.4,101.3,22.6,48.4,53.600002,30.1,58.2,91.6,17.9
1994,8,16,47.4,118.3,49.0,30.4,41.4,50.7,52.3,159.0,17.9
1994,9,16,32.5,55.100002,40.100002,39.600002,48.600002,64.200005,41.2,309.1,21.0
1994,10,16,22.6,38.9,31.300001,46.2,59.0,63.0,16.800001,91.1,6.8
1994,11,16,38.9,12.5,26.0,31.1,45.8,58.8,38.5,119.9,4.4
1994,12,16,20.800001,0.5,21.4,36.0,58.9,47.9,36.2,91.8,44.2
1995,1,16,8.1,9.2,16.2,23.0,53.100002,49.5,7.7000003,155.90001,6.5
1995,2,15,24.6,2.9,14.3,41.100002,67.0,34.4,1.9,136.6,31.2
1995,3,16,25.1,12.400001,16.2,29.1,60.4,55.5,14.1,88.4,17.800001
1995,4,16,3.1000001,9.6,18.0,28.6,39.7,46.9,30.5,106.200005,45.5
1995,5,16,23.5,60.5,25.2,35.8,63.7,65.4,48.8,207.40001,32.4
1995,6,16,45.3,70.200005,41.8,72.8,93.0,76.5,46.3,125.3,42.2
1995,7,16,8.400001,77.3,44.0,56.2,68.4,72.700005,58.5,91.4,38.5
1995,8,16,29.5,86.9,49.0,81.9,104.1,78.8,71.3,140.6,17.6
1995,9,16,25.4,51.600002,40.3,21.800001,25.7,33.4,16.1,247.3,5.9
1995,10,16,14.900001,24.7,32.7,96.4,122.6,50.0,22.2,19.5,13.0
1995,11,16,0.0,18.1,26.0,55.8,71.5,44.3,11.5,98.1,11.3
1995,12,16,0.0,4.0,21.800001,10.900001,39.100002,25.1,10.900001,124.0,22.2
1996,1,16,4.1,9.7,16.0,10.3,28.2,6.8,7.7000003,128.0,22.6
1996,2,15,10.7,8.7,14.2,27.2,25.1,22.7,6.6,59.4,35.7
1996,3,16,19.7,4.5,16.300001,15.0,20.9,18.300001,5.8,41.2,72.0
1996,4,16,4.1,20.300001,17.9,45.2,62.4,28.2,20.0,68.0,75.4
1996,5,16,9.0,28.6,25.7,32.8,35.4,42.100002,43.100002,143.90001,88.9
1996,6,16,16.6,24.800001,41.5,67.3,78.6,92.9,51.3,114.0,56.5
1996,7,16,29.9,120.1,42.2,74.3,56.9,86.0,57.0,162.1,16.0
1996,8,16,33.600002,93.5,49.3,49.9,83.3,52.0,52.600002,256.0,26.6
1996,9,16,28.4,90.3,38.8,23.9,40.5,22.6,36.2,93.200005,1.2
1996,10,16,6.4,40.8,31.2,59.0,93.0,60.2,16.1,151.6,17.6
1996,11,16,8.8,11.6,26.7,54.3,85.6,72.0,45.600002,225.2,6.7000003
1996,12,16,6.3,6.7000003,22.300001,27.9,55.4,52.9,36.9,121.6,11.0
1997,1,16,10.1,5.1,15.6,38.100002,117.3,40.9,17.1,77.9,7.2000003
1997,2,15,10.7,4.2000003,13.8,47.5,74.1,48.8,10.900001,54.3,7.5
1997,3,16,15.3,9.6,16.4,47.9,68.3,49.4,6.7000003,27.5,34.4
1997,4,16,2.0,29.2,18.300001,32.3,58.100002,49.2,10.900001,68.1,29.300001
1997,5,16,5.4,19.4,27.1,32.2,32.7,39.9,23.9,84.200005,28.4
1997,6,16,49.8,98.1,41.7,16.9,28.4,62.0,63.7,268.4,22.300001
1997,7,16,71.1,113.700005,43.100002,34.5,65.9,55.4,69.1,192.7,16.6
1997,8,16,27.300001,54.5,48.4,53.4,56.7,58.100002,87.9,136.6,50.7
1997,9,16,16.2,43.9,39.2,62.5,62.3,70.700005,21.9,79.700005,9.0
1997,10,16,17.1,40.9,32.100002,25.800001,48.600002,47.5,5.6,69.1,7.6
1997,11,16,11.1,12.0,26.4,23.4,34.100002,49.100002,26.9,112.200005,12.5
1997,12,16,17.9,8.900001,22.1,31.5,65.1,36.600002,18.6,178.6,13.5
1998,1,16,10.1,6.6,15.5,42.2,70.4,52.0,9.400001,93.200005,38.8
1998,2,15,6.4,6.6,14.2,52.7,101.0,40.2,8.900001,33.5,43.600002
1998,3,16,5.5,13.0,17.1,25.5,38.4,37.600002,6.4,37.2,22.6
1998,4,16,8.2,17.800001,17.6,25.1,30.0,29.9,38.0,174.5,77.4
1998,5,16,20.7,30.5,25.4,54.2,71.5,26.300001,25.5,93.4,70.700005
1998,6,16,18.4,58.8,41.9,90.4,68.5,97.8,58.4,163.0,34.8
1998,7,16,61.7,71.5,42.8,82.8,90.3,135.1,59.4,131.1,8.400001
1998,8,16,35.7,67.700005,48.2,60.9,97.9,125.1,43.3,86.700005,14.6
1998,9,16,26.300001,118.5,39.9,58.4,67.6,50.4,16.5,213.3,14.6
1998,10,16,20.300001,26.300001,31.7,74.9,105.0,78.0,48.8,164.3,3.7
1998,11,16,7.7000003,6.2000003,25.6,22.5,33.8,20.2,37.4,74.8,0.2
1998,12,16,14.7,2.0,22.800001,23.9,48.0,43.600002,17.2,46.0,6.0
1999,1,16,6.1,5.0,15.5,27.300001,52.4,38.5,15.2,101.5,31.4
1999,2,15,10.7,4.9,14.400001,29.6,58.8,53.100002,7.1,112.0,35.0
1999,3,16,17.5,2.2,15.900001,36.3,34.9,35.0,17.2,91.3,30.0
1999,4,16,2.0,29.2,18.5,24.5,51.9,58.0,34.4,143.7,84.700005
1999,5,16,5.4,44.0,24.800001,19.4,49.2,26.300001,32.3,193.1,28.9
1999,6,16,14.8,61.2,42.7,53.4,84.1,83.5,30.7,184.0,11.3
1999,7,16,23.4,72.6,43.3,104.1,119.700005,85.6,53.5,111.5,27.300001
1999,8,16,64.1,68.4,51.2,89.0,79.0,56.0,80.9,267.4,23.9
1999,9,16,24.300001,41.4,39.4,39.3,58.5,45.3,41.9,223.3,10.900001
1999,10,16,22.4,18.7,33.3,69.4,72.9,56.600002,53.8,119.1,2.8
1999,11,16,13.3,17.7,27.800001,50.7,98.200005,49.5,26.1,97.3,38.5
1999,12,16,27.4,5.7000003,21.7,30.4,54.7,49.9,18.800001,125.6,1.9
2000,1,16,8.1,5.6,15.900001,52.8,95.0,59.3,15.0,25.800001,26.4
2000,2,15,8.5,1.4,13.8,37.0,80.3,36.0,7.1,74.4,10.3
2000,3,16,8.7,3.0,15.6,37.2,55.3,38.7,9.2,79.200005,16.2
2000,4,16,12.3,32.8,18.300001,55.5,65.8,51.100002,48.2,153.6,16.4
2000,5,16,3.6000001,109.8,24.9,38.4,76.1,48.3,44.5,120.4,12.900001
2000,6,16,20.300001,157.5,41.9,91.9,109.200005,92.700005,79.700005,104.9,34.4
2000,7,16,61.7,92.1,41.4,67.9,72.8,157.3,41.7,227.7,30.5
2000,8,16,25.2,101.8,48.4,51.3,96.1,77.9,47.100002,141.0,26.5
2000,9,16,14.2,89.200005,39.9,29.300001,43.4,24.6,22.0,131.8,26.4
2000,10,16,40.5,35.3,32.0,39.600002,53.600002,72.700005,39.100002,212.1,9.2
2000,11,16,17.7,1.8000001,25.7,32.8,50.9,65.200005,44.8,199.7,7.9
2000,12,16,8.400001,8.5,21.1,31.6,77.200005,55.4,37.7,87.6,16.800001
2001,1,16,14.2,1.4,15.3,21.6,49.3,37.2,22.300001,160.6,2.7
2001,2,15,12.8,1.8000001,14.0,35.7,63.0,29.300001,11.6,67.3,8.1
2001,3,16,9.8,4.0,16.5,17.7,22.6,30.300001,16.7,227.90001,21.800001
2001,4,16,4.1,24.5,18.9,54.0,65.4,47.100002,53.100002,137.3,18.1
2001,5,16,1.8000001,60.9,24.5,26.7,56.7,43.100002,14.900001,97.9,11.2
2001,6,16,16.6,144.1,41.5,40.2,78.3,53.2,24.9,194.2,37.600002
2001,7,16,25.300001,51.8,42.3,115.1,131.7,150.8,46.8,152.6,21.300001
2001,8,16,28.4,75.6,46.5,62.7,113.3,139.5,60.9,160.2,20.9
2001,9,16,14.2,57.600002,39.3,45.5,65.1,106.200005,37.5,158.2,8.2
2001,10,16,23.5,32.600002,31.4,50.3,75.9,57.8,12.2,76.9,4.1
2001,11,16,8.900001,11.900001,26.4,27.9,68.700005,45.600002,41.5,65.6,48.9
2001,12,16,13.7,3.1000001,21.9,15.3,39.2,36.8,21.7,23.9,20.300001
2002,1,16,8.1,6.7000003,15.400001,29.5,102.0,42.4,10.400001,28.2,14.7
2002,2,15,8.6,9.3,14.3,41.9,72.8,34.4,10.5,130.7,33.7
2002,3,16,15.3,5.1,16.7,27.300001,53.9,43.100002,17.7,92.8,27.0
2002,4,16,23.5,42.2,18.2,20.9,38.2,20.9,51.5,78.9,42.8
2002,5,16,3.6000001,56.9,26.800001,19.0,27.4,28.6,43.600002,289.2,21.9
2002,6,16,24.0,101.4,41.9,57.4,52.0,83.1,53.5,140.90001,51.2
2002,7,16,22.5,122.1,43.3,129.7,86.4,60.9,48.600002,194.90001,11.900001
2002,8,16,67.4,115.9,47.5,45.5,80.200005,40.8,47.3,229.5,26.2
2002,9,16,16.2,69.3,40.0,53.9,70.700005,47.2,14.3,162.0,10.1
2002,10,16,14.900001,4.5,31.2,27.5,35.4,49.2,20.7,119.0,0.90000004
2002,11,16,17.7,5.1,26.4,18.4,25.9,35.4,22.800001,278.2,5.2000003
2002,12,16,8.400001,3.4,21.800001,15.3,34.7,25.0,15.1,88.6,13.900001
2003,1,16,0.0,5.5,15.6,35.7,67.5,61.5,13.1,73.1,4.2000003
2003,2,15,15.0,3.6000001,14.2,15.0,46.600002,10.1,14.8,25.6,68.200005
2003,3,16,18.6,9.2,16.0,21.5,65.700005,15.5,10.400001,23.800001,69.700005
2003,4,16,9.2,30.300001,19.1,20.2,25.300001,26.800001,22.300001,82.1,48.0
2003,5,16,18.1,48.600002,25.7,54.100002,64.0,50.600002,47.9,89.5,88.1
2003,6,16,0.90000004,98.6,41.5,17.2,35.3,63.4,41.4,107.200005,22.4
2003,7,16,34.7,87.3,45.100002,64.0,82.200005,58.100002,79.3,137.7,15.5
2003,8,16,35.8,66.6,47.4,70.8,75.0,91.0,54.4,104.200005,24.4
2003,9,16,32.4,53.5,39.5,52.0,98.0,43.7,25.9,61.5,20.6
2003,10,16,13.900001,29.2,32.8,46.4,72.4,31.7,29.9,157.1,9.6
2003,11,16,32.100002,15.0,25.7,18.7,34.9,35.8,14.0,116.4,14.7
2003,12,16,21.0,8.2,22.6,39.4,89.9,61.3,25.0,115.3,24.5
2004,1,16,26.300001,4.0,16.2,24.800001,42.4,28.0,1.6,140.1,27.2
2004,2,15,10.7,4.3,13.7,34.4,70.9,27.7,8.6,68.5,19.2
2004,3,16,16.4,12.1,16.2,18.6,36.8,27.7,20.0,55.9,27.0
2004,4,16,9.2,6.5,17.800001,17.5,27.6,18.6,34.100002,100.200005,74.3
2004,5,16,4.1,61.7,25.800001,45.600002,31.800001,27.800001,34.9,125.4,42.100002
2004,6,16,10.6,159.8,41.0,48.5,65.4,51.4,34.5,103.9,28.2
2004,7,16,20.6,152.1,42.4,91.200005,124.4,73.9,64.9,117.3,9.900001
2004,8,16,21.0,72.8,48.5,105.1,93.9,63.8,31.9,194.6,21.4
2004,9,16,16.2,101.5,40.4,82.9,107.4,98.6,43.4,71.1,5.9
2004,10,16,8.0,17.800001,31.800001,26.7,42.8,28.9,5.3,139.8,18.6
2004,11,16,12.2,11.6,27.1,28.300001,68.0,59.8,16.7,89.5,6.5
2004,12,16,8.400001,4.0,21.6,41.0,81.8,67.8,33.0,70.1,31.2
2005,1,16,38.4,2.7,15.900001,38.8,92.200005,59.2,11.2,64.5,39.7
2005,2,15,15.0,1.5,13.400001,13.5,44.5,31.5,16.300001,47.600002,46.7
2005,3,16,14.2,6.6,16.5,13.3,31.5,21.7,5.9,41.5,25.9
2005,4,16,13.3,12.400001,17.7,44.3,34.8,18.6,46.0,135.8,62.600002
2005,5,16,35.600002,47.7,24.6,73.6,77.9,53.0,73.8,115.1,57.2
2005,6,16,24.9,136.90001,41.4,43.5,95.5,64.200005,33.4,84.6,8.3
2005,7,16,45.0,132.5,42.8,96.8,75.5,70.8,31.7,123.3,20.0
2005,8,16,43.100002,118.4,49.4,77.0,126.700005,98.6,86.700005,198.90001,9.400001
2005,9,16,44.100002,36.100002,38.4,66.1,88.9,47.9,30.1,165.40001,4.9
2005,10,16,25.0,44.9,32.3,44.100002,79.200005,32.2,13.400001,92.3,11.1
2005,11,16,12.2,12.5,26.4,53.9,76.5,46.8,40.600002,39.3,31.2
2005,12,16,1.6,1.6,21.300001,36.600002,57.5,52.5,6.0,106.5,3.6000001
2006,1,16,1.0,3.2,16.1,22.5,53.7,30.5,8.8,49.100002,51.5
2006,2,15,3.7,2.6000001,13.8,19.800001,46.5,45.0,16.2,82.3,28.300001
2006,3,16,5.5,2.5,16.1,15.2,30.1,41.9,8.2,147.6,14.6
2006,4,16,12.900001,25.1,17.4,29.6,32.2,37.0,38.8,160.5,39.7
2006,5,16,17.2,21.2,25.5,46.5,44.9,55.8,50.2,159.1,7.6
2006,6,16,20.5,79.5,40.9,48.4,67.9,38.2,39.7,75.3,22.300001
2006,7,16,32.0,55.7,41.5,54.3,73.3,52.4,50.7,97.9,24.800001
2006,8,16,41.7,137.6,47.7,22.2,29.0,71.200005,73.4,231.6,51.100002
2006,9,16,24.6,113.700005,40.100002,52.0,76.700005,62.0,11.400001,186.6,10.900001
2006,10,16,31.4,45.4,31.7,40.0,61.0,75.5,40.600002,84.200005,9.400001
2006,11,16,19.1,22.4,27.4,37.100002,85.0,58.8,8.0,47.7,28.7
2006,12,16,17.6,6.6,21.6,47.600002,113.1,56.100002,17.7,119.0,49.0
2007,1,16,15.8,4.7000003,16.300001,46.4,78.8,68.700005,4.3,91.1,0.8
2007,2,15,11.8,7.0,13.5,21.6,48.100002,23.7,8.5,77.0,13.7
2007,3,16,11.7,13.8,15.900001,25.0,35.7,35.8,5.4,95.9,55.600002
2007,4,16,12.900001,7.8,18.800001,35.100002,55.9,21.800001,30.6,18.9,18.1
2007,5,16,17.2,48.5,26.7,59.0,80.4,49.2,60.3,215.3,26.300001
2007,6,16,20.5,65.8,41.7,48.8,43.3,38.600002,31.300001,215.0,48.600002
2007,7,16,32.0,132.5,43.4,95.4,90.1,74.0,63.4,216.3,19.800001
2007,8,16,41.7,70.6,50.3,72.0,97.6,72.4,36.2,268.80002,14.900001
2007,9,16,24.6,81.5,39.8,46.600002,66.4,68.5,20.4,105.1,8.900001
2007,10,16,31.4,32.7,32.4,37.100002,65.1,37.5,40.100002,44.9,1.7
2007,11,16,19.1,9.3,26.7,41.8,66.200005,70.4,21.7,74.200005,1.0
2007,12,16,17.6,8.3,22.2,34.600002,78.8,46.4,14.6,83.4,2.8
2008,1,16,15.8,5.6,16.6,42.5,67.700005,67.4,4.8,111.5,40.5
2008,2,15,11.8,5.0,14.3,26.4,69.5,40.0,11.6,35.3,9.2
2008,3,16,11.7,11.900001,16.9,33.600002,42.8,37.9,19.300001,89.200005,3.9
2008,4,16,12.900001,33.4,18.300001,31.300001,49.0,31.800001,25.7,188.90001,31.1
2008,5,16,17.2,23.4,25.1,32.4,56.7,32.100002,32.600002,122.200005,37.4
2008,6,16,20.5,116.9,42.2,100.700005,77.0,66.8,47.3,124.9,26.800001
2008,7,16,32.0,140.8,42.3,78.3,63.2,34.0,69.4,220.1,21.0
2008,8,16,41.7,115.4,48.4,73.700005,50.7,116.9,50.8,177.7,20.1
2008,9,16,24.6,95.6,38.3,29.7,50.600002,25.6,44.9,171.1,11.5
2008,10,16,31.4,14.1,32.9,50.7,59.600002,54.2,34.4,168.2,12.7
2008,11,16,19.1,14.0,26.2,46.7,61.4,55.4,18.6,126.6,18.9
2008,12,16,17.6,11.2,22.4,28.9,59.7,49.8,27.4,137.3,56.8
2009,1,16,15.8,3.3,15.900001,13.900001,44.2,38.8,7.8,69.3,24.800001
2009,2,15,11.8,3.5,13.6,23.5,47.8,51.3,17.300001,122.6,49.4
2009,3,16,11.7,16.2,16.4,13.1,31.2,26.1,14.5,111.8,19.9
2009,4,16,12.900001,24.6,19.300001,19.1,46.7,19.4,20.9,84.0,48.9
2009,5,16,17.2,64.0,25.0,62.9,77.4,35.7,31.1,83.0,25.4
2009,6,16,20.5,67.3,42.4,53.2,54.600002,61.600002,46.600002,159.2,36.3
2009,7,16,32.0,114.700005,43.3,66.8,52.5,156.7,45.7,234.7,5.7000003
2009,8,16,41.7,104.1,47.3,80.200005,75.700005,97.4,44.0,75.200005,7.9
2009,9,16,24.6,64.700005,41.5,57.3,102.700005,56.3,44.8,81.3,10.2
2009,10,16,31.5,36.4,31.6,24.4,51.0,51.0,62.2,71.1,3.0
2009,11,16,19.1,14.5,26.1,33.9,38.8,53.600002,60.600002,164.7,18.5
2009,12,16,17.6,4.2000003,21.2,25.1,40.3,40.600002,26.300001,158.6,22.0
2010,1,16,15.8,4.1,16.7,18.4,48.0,24.2,19.1,41.8,8.3
2010,2,15,11.8,2.9,13.7,35.600002,45.4,39.9,16.300001,66.1,49.4
2010,3,16,11.7,7.2000003,15.6,34.3,45.4,36.2,22.9,68.1,37.100002
2010,4,16,12.900001,20.7,17.800001,28.2,40.2,30.9,11.0,36.100002,34.3
2010,5,16,17.2,34.100002,27.300001,56.100002,47.9,67.0,43.7,246.0,71.700005
2010,6,16,20.5,158.2,44.600002,65.700005,89.3,104.6,53.4,113.700005,52.4
2010,7,16,32.0,47.3,43.8,115.3,125.8,88.3,57.5,140.6,53.8
2010,8,16,41.8,146.40001,48.600002,54.3,52.600002,87.1,52.2,223.0,66.5
2010,9,16,24.6,50.600002,40.0,43.5,43.0,50.5,24.4,116.5,14.0
2010,10,16,31.5,17.9,32.600002,59.7,84.8,35.600002,40.0,88.6,4.1
2010,11,16,19.1,9.5,27.2,17.1,33.100002,25.300001,59.100002,133.8,0.2
2010,12,16,17.6,16.0,21.800001,18.6,57.600002,40.100002,28.2,136.40001,4.5
2011,1,16,15.8,3.4,16.300001,28.4,60.8,46.8,9.1,50.7,21.9
2011,2,15,11.8,4.7000003,14.0,20.0,52.9,28.800001,3.4,36.100002,46.5
2011,3,16,11.7,18.4,16.7,22.1,57.2,33.600002,13.7,42.3,30.0
2011,4,16,12.900001,18.300001,19.300001,26.7,54.4,25.2,22.7,26.0,22.6
2011,5,16,17.2,60.2,24.6,56.7,57.0,62.2,16.6,124.0,25.800001
2011,6,16,20.5,123.1,41.100002,79.700005,78.4,61.100002,81.4,153.8,24.9
2011,7,16,32.0,99.3,42.9,86.1,74.4,71.4,37.100002,205.8,12.2
2011,8,16,41.8,53.600002,48.2,49.5,69.1,115.8,28.5,111.3,20.5
2011,9,16,24.6,61.9,39.0,42.8,66.6,74.6,10.5,135.0,13.0
2011,10,16,31.5,35.9,32.3,77.1,99.6,31.2,40.2,111.0,16.7
2011,11,16,19.1,9.7,25.9,41.100002,71.3,29.7,10.3,44.0,11.400001
2011,12,16,17.6,2.6000001,21.5,44.5,74.8,77.8,14.3,189.1,5.6
2012,1,16,15.8,5.1,15.900001,25.300001,42.7,43.0,9.0,115.1,17.9
2012,2,15,11.8,4.1,14.2,32.7,63.8,40.9,9.8,14.3,27.300001
2012,3,16,11.7,8.3,16.0,29.0,66.9,37.100002,2.4,40.8,55.5
2012,4,16,12.900001,58.4,17.800001,38.9,51.8,40.600002,45.600002,156.5,25.7
2012,5,16,17.2,35.600002,26.9,37.100002,69.8,35.2,29.2,126.200005,27.4
2012,6,16,20.5,46.3,40.7,81.3,49.7,73.4,61.3,183.8,13.8
2012,7,16,32.0,74.1,42.100002,69.0,97.5,121.3,88.700005,132.7,9.8
2012,8,16,41.8,146.3,48.100002,32.9,51.7,78.1,104.9,172.7,14.6
2012,9,16,24.6,42.0,38.5,86.1,73.5,73.0,19.2,149.1,16.6
2012,10,16,31.5,55.4,31.2,62.7,63.600002,63.0,34.100002,133.7,5.7000003
2012,11,16,19.1,18.2,25.800001,49.0,54.3,32.100002,34.100002,162.2,8.0
2012,12,16,17.6,6.6,21.4,34.2,43.2,47.5,17.4,160.0,33.4
2013,1,16,15.8,2.6000001,15.2,34.2,60.5,24.9,10.2,73.700005,13.2
2013,2,15,11.8,4.2000003,13.900001,25.6,59.8,21.2,26.0,99.8,41.0
2013,3,16,11.7,5.2000003,15.7,22.300001,42.9,16.7,11.0,94.700005,28.4
2013,4,16,12.900001,9.7,18.1,30.2,46.7,29.5,18.800001,151.90001,32.2
2013,5,16,17.2,83.5,25.0,18.7,29.0,34.7,28.300001,244.6,42.8
2013,6,16,20.5,135.5,41.9,66.1,76.200005,80.200005,57.3,113.6,25.7
2013,7,16,32.0,224.6,41.600002,62.7,118.4,81.3,67.700005,140.40001,24.300001
2013,8,16,41.8,86.700005,46.600002,33.9,86.700005,69.1,89.200005,100.200005,28.800001
2013,9,16,24.6,62.5,39.3,19.4,28.2,79.9,34.8,161.40001,13.6
2013,10,16,31.5,16.9,31.800001,63.5,80.6,42.4,52.3,173.90001,5.1
2013,11,16,19.1,16.5,26.5,32.2,76.5,34.5,62.7,145.2,10.900001
2013,12,16,17.6,5.9,21.800001,45.4,91.1,61.0,14.1,105.700005,9.3
2014,1,16,15.8,5.3,15.8,22.2,16.2,20.1,9.400001,119.0,13.3
2014,2,15,11.8,6.5,13.900001,23.2,32.100002,21.1,7.0,152.1,20.4
2014,3,16,11.7,5.1,17.0,33.4,75.6,31.5,17.7,42.2,19.5
2014,4,16,12.900001,30.800001,18.6,25.1,62.5,36.0,52.8,97.9,39.7
2014,5,16,17.2,55.4,25.4,47.100002,40.5,32.600002,77.700005,126.8,45.9
2014,6,16,20.5,129.3,41.4,50.5,43.7,59.100002,60.100002,116.8,18.9
2014,7,16,32.0,106.8,42.3,63.0,45.600002,60.4,42.4,287.1,17.0
2014,8,16,41.8,76.0,50.5,77.1,63.4,60.5,36.8,184.90001,32.2
2014,9,16,24.6,53.2,41.9,48.2,77.3,53.3,10.8,69.8,13.0
2014,10,16,31.5,30.4,32.3,33.4,41.9,52.5,38.5,138.5,16.6
2014,11,16,19.1,12.8,26.6,24.9,44.9,26.300001,27.800001,103.8,13.5
2014,12,16,17.6,2.2,22.300001,46.100002,96.6,44.7,6.8,72.4,7.8
2015,1,16,15.8,6.6,15.8,31.6,45.4,39.8,5.4,132.8,14.6
2015,2,15,11.8,6.3,14.0,20.7,74.200005,31.0,16.6,67.5,44.3
2015,3,16,11.7,4.3,17.1,32.3,46.5,35.5,16.7,87.3,49.600002
2015,4,16,12.900001,17.6,17.7,27.0,56.2,35.0,49.5,129.0,44.2
2015,5,16,17.2,21.9,24.4,72.200005,54.9,56.8,56.4,213.40001,30.2
2015,6,16,20.5,151.7,42.5,85.200005,89.4,64.9,54.2,133.2,30.1
2015,7,16,32.0,170.0,43.600002,58.2,55.5,93.4,38.5,69.3,27.800001
2015,8,16,41.8,135.2,50.7,59.600002,65.5,64.1,22.0,118.4,35.0
2015,9,16,24.6,47.9,39.5,53.9,59.4,78.8,51.7,110.8,8.2
2015,10,16,31.5,43.600002,31.9,30.0,92.9,27.6,40.0,83.5,14.6
2015,11,16,19.1,7.7000003,26.1,41.100002,85.200005,51.3,78.0,76.700005,19.5
2015,12,16,17.6,6.0,21.9,45.8,102.700005,52.3,15.3,17.0,20.5
2016,1,16,15.8,6.2000003,16.9,28.9,44.9,44.600002,20.1,183.1,24.1
2016,2,15,11.8,2.9,14.5,44.5,48.9,32.3,7.5,142.3,21.6
2016,3,16,11.7,9.2,16.5,18.9,40.3,32.8,26.300001,71.700005,57.7
2016,4,16,12.900001,26.1,17.9,33.9,27.4,47.8,37.100002,155.7,47.3
2016,5,16,17.2,105.1,25.0,27.4,41.100002,31.2,28.4,233.40001,28.6
2016,6,16,20.5,109.1,41.100002,92.8,65.6,46.9,76.200005,226.8,24.7
2016,7,16,32.0,130.0,41.100002,97.3,99.0,76.200005,50.9,154.0,23.300001
2016,8,16,41.8,103.5,48.8,89.9,86.3,99.700005,60.3,121.0,12.3
2016,9,16,24.6,29.4,39.2,53.600002,67.8,44.7,39.8,72.3,6.3
2016,10,16,31.5,24.1,31.9,13.6,37.100002,29.5,38.8,103.0,3.7
2016,11,16,19.1,9.400001,26.1,38.5,49.100002,43.9,37.9,128.7,11.8
2016,12,16,17.6,8.7,21.5,41.9,135.1,64.3,27.1,3.3,16.7
2017,1,16,15.8,8.6,15.8,37.0,105.9,43.4,8.3,67.200005,48.9
2017,2,15,11.8,7.9,13.900001,28.1,58.9,32.5,4.4,84.5,38.0
2017,3,16,11.7,11.0,16.9,38.4,74.700005,30.300001,21.6,100.1,31.4
2017,4,16,12.900001,7.8,19.300001,33.9,64.1,41.4,27.7,112.8,48.3
2017,5,16,17.2,69.0,25.6,22.1,47.4,38.9,23.9,133.1,30.9
2017,6,16,20.5,48.0,42.7,53.2,42.7,50.600002,31.5,193.8,22.1
2017,7,16,32.0,115.6,42.4,95.0,103.700005,75.3,38.2,142.3,20.9
2017,8,16,41.8,61.7,49.4,70.8,106.8,89.9,64.700005,174.3,12.0
2017,9,16,24.6,88.4,39.5,36.3,17.800001,43.8,49.600002,105.3,12.6
2017,10,16,31.5,17.0,32.7,33.600002,64.200005,62.8,9.2,62.100002,4.7000003
2017,11,16,19.1,16.0,26.0,51.8,68.0,50.4,22.2,129.40001,6.1
2017,12,16,17.6,4.1,21.800001,41.5,76.5,61.4,20.9,162.40001,21.1
2018,1,16,15.8,6.6,16.6,31.2,38.4,44.2,9.0,183.6,11.3
2018,2,15,11.8,7.0,14.1,12.7,10.2,22.4,6.1,52.3,17.5
2018,3,16,11.7,16.0,16.6,33.5,51.3,24.4,20.5,103.4,19.6
2018,4,16,12.900001,9.400001,19.4,28.1,37.5,33.2,26.1,56.600002,33.7
2018,5,16,17.2,53.0,25.4,25.6,46.3,23.0,28.9,157.0,36.3
2018,6,16,20.5,118.8,41.100002,62.100002,110.8,63.4,15.7,87.1,12.400001
2018,7,16,32.0,156.1,41.8,58.600002,38.9,39.4,73.9,75.9,15.6
2018,8,16,41.8,105.4,50.5,94.0,127.3,72.5,32.4,158.0,17.4
2018,9,16,24.6,90.700005,38.8,62.3,88.4,79.8,32.5,69.1,9.1
2018,10,16,31.5,22.800001,31.800001,27.0,67.0,42.9,34.4,91.8,8.1
2018,11,16,19.1,14.5,26.1,32.600002,64.8,29.6,26.5,68.0,22.6
2018,12,16,17.6,3.7,21.9,27.2,63.5,54.4,10.900001,141.90001,13.1
2019,1,16,15.8,5.6,15.900001,37.9,83.700005,36.8,8.1,72.1,32.4
2019,2,15,11.8,2.1000001,14.2,47.8,95.700005,36.4,18.300001,47.9,26.0
2019,3,16,11.7,5.3,16.6,43.4,78.9,51.0,1.3000001,83.1,25.4
2019,4,16,12.900001,28.2,18.5,7.1,36.7,11.8,46.3,104.700005,37.2
2019,5,16,17.2,54.8,24.9,63.4,57.7,60.600002,51.3,165.3,28.6
2019,6,16,20.5,79.6,42.4,77.3,98.1,88.0,66.6,137.7,32.9
2019,7,16,32.0,121.9,42.7,42.9,24.6,70.6,101.200005,127.4,17.800001
2019,8,16,41.8,58.8,45.9,45.9,70.1,65.5,75.1,205.1,18.7
2019,9,16,24.6,68.5,40.3,52.0,67.4,79.200005,28.0,89.0,3.8
2019,10,16,31.5,28.5,32.0,48.4,48.3,41.5,29.800001,190.40001,14.5
2019,11,16,19.1,9.8,26.0,33.0,51.8,29.4,31.300001,156.3,38.5
2019,12,16,17.6,5.3,22.1,50.0,90.0,56.600002,20.4,155.40001,10.6
2020,1,16,15.8,5.7000003,16.1,46.9,109.6,53.9,3.1000001,39.5,34.8
2020,2,15,11.8,5.9,13.900001,44.100002,80.6,43.3,13.0,127.3,14.0
2020,3,16,11.7,11.900001,16.9,43.7,100.1,40.3,18.2,97.0,38.3
2020,4,16,12.900001,26.4,18.1,37.5,69.200005,44.2,6.1,52.600002,32.600002
2020,5,16,17.2,85.8,25.800001,38.600002,66.4,52.9,71.200005,133.7,34.3
2020,6,16,20.5,48.600002,41.4,51.9,38.0,42.600002,80.6,179.40001,26.300001
2020,7,16,32.0,57.2,44.9,88.6,78.3,114.4,104.700005,66.8,12.400001
2020,8,16,41.8,55.5,45.9,62.600002,111.0,81.3,94.3,208.2,20.300001
2020,9,16,24.6,52.4,38.4,39.7,88.5,67.8,20.5,94.4,15.400001
2020,10,16,31.5,31.4,32.2,52.7,49.4,50.600002,22.800001,194.7,14.6
2020,11,16,19.1,11.5,27.2,34.3,66.6,47.0,10.5,24.800001,16.9
2020,12,16,17.6,7.5,22.300001,31.6,31.1,40.8,13.1,119.1,16.2
2021,1,16,15.8,3.1000001,16.2,31.0,34.7,24.6,13.3,188.90001,25.300001
2021,2,15,11.8,5.0,13.7,32.0,77.9,15.900001,14.7,60.5,12.400001
2021,3,16,11.7,14.7,16.800001,31.7,79.200005,41.9,18.5,70.4,47.5
2021,4,16,12.900001,20.800001,18.2,37.3,75.9,35.2,61.8,56.8,31.2
2021,5,16,17.2,102.200005,25.4,45.0,29.9,34.600002,54.9,228.8,47.100002
2021,6,16,20.5,40.3,42.8,60.3,60.7,55.7,49.3,169.3,12.1
2021,7,16,32.0,108.9,42.2,61.5,114.8,55.5,40.3,288.6,11.2
2021,8,16,41.8,109.700005,48.7,74.0,71.6,88.9,86.0,139.6,48.5
2021,9,16,24.6,34.600002,40.2,32.8,58.0,61.8,18.7,99.8,8.1
2021,10,16,31.5,24.4,33.7,72.8,76.200005,72.8,24.6,83.700005,11.8
2021,11,16,19.1,18.300001,25.7,36.600002,77.200005,67.1,10.1,66.6,8.0
2021,12,16,17.6,6.9,21.6,34.8,54.9,33.9,11.5,121.5,10.7
2022,1,16,15.8,4.9,15.8,33.8,76.5,57.0,13.900001,41.5,31.7
2022,2,15,11.8,4.0,13.8,40.9,54.100002,41.8,2.7,68.6,20.1
2022,3,16,11.7,8.900001,16.4,26.9,84.9,34.2,25.300001,28.0,20.6
2022,4,16,12.900001,11.2,19.5,30.9,51.0,31.0,24.7,107.9,22.300001
2022,5,16,17.2,75.700005,25.5,41.100002,84.200005,46.2,15.7,83.200005,41.5
2022,6,16,20.5,110.9,42.8,46.100002,35.8,74.6,33.5,157.2,38.4
2022,7,16,32.0,83.700005,45.5,114.6,174.0,125.4,65.1,62.7,22.1
2022,8,16,41.8,62.2,48.2,69.5,139.8,72.5,55.100002,156.3,37.600002
2022,9,16,24.6,90.4,39.5,37.9,29.1,50.100002,23.0,196.90001,7.5
2022,10,16,31.5,14.7,32.0,51.0,93.0,49.2,15.3,139.8,9.2
2022,11,16,19.1,10.6,26.300001,18.6,31.300001,29.9,19.9,99.1,23.5
2022,12,16,17.6,9.8,22.9,39.8,57.100002,37.7,21.300001,108.3,8.3
2023,1,16,15.8,4.9,15.0,32.100002,59.3,40.8,19.800001,64.5,34.5
2023,2,15,11.8,4.9,14.400001,36.5,100.4,43.7,14.3,18.6,18.2
2023,3,16,11.7,7.1,16.5,42.7,89.3,41.3,19.9,123.3,17.800001
2023,4,16,12.900001,29.5,17.9,20.300001,49.0,26.2,30.2,143.6,43.0
2023,5,16,17.2,76.200005,24.9,46.3,45.600002,40.0,62.8,155.1,40.0
2023,6,16,20.5,53.7,42.8,30.0,42.7,45.8,30.5,102.3,22.5
2023,7,16,32.0,126.9,44.0,58.8,34.100002,71.1,47.600002,147.6,29.6
2023,8,16,41.8,85.8,48.2,102.0,58.600002,92.8,46.100002,192.1,18.0
2023,9,16,24.6,92.1,41.7,89.9,102.1,91.8,66.5,106.3,8.0
2023,10,16,31.5,42.5,32.600002,40.9,70.0,50.5,34.3,151.1,10.0
2023,11,16,19.1,13.1,25.9,21.5,54.4,45.5,59.100002,246.6,9.7
2023,12,16,17.6,10.2,21.2,22.2,58.2,50.7,47.100002,150.2,11.5
2024,1,16,15.8,3.3,15.3,32.5,78.9,42.100002,16.7,112.8,8.400001
2024,2,15,11.8,3.3,13.400001,28.300001,51.8,35.9,15.3,104.4,27.1
2024,3,16,11.7,13.3,15.900001,31.0,34.9,21.2,11.3,150.0,46.3
2024,4,16,12.900001,31.300001,19.5,35.4,44.2,30.6,32.0,86.6,64.5
2024,5,16,17.2,37.5,25.7,29.800001,61.100002,25.0,26.6,256.7,22.5
2024,6,16,20.5,91.3,41.9,79.3,71.0,77.1,52.4,170.8,18.2
2024,7,16,32.0,94.0,42.100002,66.4,65.4,99.200005,56.3,134.7,18.800001
2024,8,16,41.8,117.3,49.8,40.600002,119.1,79.200005,35.2,92.200005,26.7
2024,9,16,24.6,73.700005,40.7,54.4,52.3,59.2,28.9,203.40001,19.4
2024,10,16,31.5,38.0,32.100002,44.5,96.1,50.8,58.7,173.8,21.6
2024,11,16,19.1,8.5,27.0,40.4,95.700005,51.600002,25.7,84.1,13.900001
2024,12,16,17.6,10.2,21.2,43.3,111.700005,61.8,38.4,79.4,14.900001
